Using pre-set license
Built from '6000.0/staging' branch; Version is '6000.0.41f1 (46e447368a18) revision 4645959'; Using compiler version '193933523'; Build Type 'Release'
OS: 'Windows 11  (10.0.22631) 64bit Core' Language: 'en' Physical Memory: 7551 MB
BatchMode: 1, IsHumanControllingUs: 0, StartBugReporterOnCrash: 0, Is64bit: 1, IsPro: 1

COMMAND LINE ARGUMENTS:
C:\Program Files\Unity\Hub\Editor\6000.0.41f1\Editor\Unity.exe
-adb2
-batchMode
-noUpm
-name
AssetImportWorker6
-projectPath
C:/Users/jayal/OneDrive/Documents/GitHub/MajaanGame
-logFile
Logs/AssetImportWorker6.log
-srvPort
56737
-job-worker-count
8
-background-job-worker-count
8
-gc-helper-count
1
Successfully changed project path to: C:/Users/jayal/OneDrive/Documents/GitHub/MajaanGame
C:/Users/jayal/OneDrive/Documents/GitHub/MajaanGame
[UnityMemory] Configuration Parameters - Can be set up in boot.config
    "memorysetup-bucket-allocator-granularity=16"
    "memorysetup-bucket-allocator-bucket-count=8"
    "memorysetup-bucket-allocator-block-size=33554432"
    "memorysetup-bucket-allocator-block-count=8"
    "memorysetup-main-allocator-block-size=16777216"
    "memorysetup-thread-allocator-block-size=16777216"
    "memorysetup-gfx-main-allocator-block-size=16777216"
    "memorysetup-gfx-thread-allocator-block-size=16777216"
    "memorysetup-cache-allocator-block-size=4194304"
    "memorysetup-typetree-allocator-block-size=2097152"
    "memorysetup-profiler-bucket-allocator-granularity=16"
    "memorysetup-profiler-bucket-allocator-bucket-count=8"
    "memorysetup-profiler-bucket-allocator-block-size=33554432"
    "memorysetup-profiler-bucket-allocator-block-count=8"
    "memorysetup-profiler-allocator-block-size=16777216"
    "memorysetup-profiler-editor-allocator-block-size=1048576"
    "memorysetup-temp-allocator-size-main=16777216"
    "memorysetup-job-temp-allocator-block-size=2097152"
    "memorysetup-job-temp-allocator-block-size-background=1048576"
    "memorysetup-job-temp-allocator-reduction-small-platforms=262144"
    "memorysetup-allocator-temp-initial-block-size-main=262144"
    "memorysetup-allocator-temp-initial-block-size-worker=262144"
    "memorysetup-temp-allocator-size-background-worker=32768"
    "memorysetup-temp-allocator-size-job-worker=262144"
    "memorysetup-temp-allocator-size-preload-manager=33554432"
    "memorysetup-temp-allocator-size-nav-mesh-worker=65536"
    "memorysetup-temp-allocator-size-audio-worker=65536"
    "memorysetup-temp-allocator-size-cloud-worker=32768"
    "memorysetup-temp-allocator-size-gi-baking-worker=262144"
    "memorysetup-temp-allocator-size-gi-baking-worker=262144"
    "memorysetup-temp-allocator-size-gi-baking-worker=262144"
    "memorysetup-temp-allocator-size-gi-baking-worker=262144"
    "memorysetup-temp-allocator-size-gi-baking-worker=262144"
    "memorysetup-temp-allocator-size-gfx=262144"
Player connection [1020]  Target information:

Player connection [1020]  * "[IP] 10.10.144.54 [Port] 0 [Flags] 2 [Guid] 2172873062 [EditorId] 2172873062 [Version] 1048832 [Id] WindowsEditor(7,JayAllenLaptop) [Debug] 1 [PackageName] WindowsEditor [ProjectName] Editor" 

Player connection [1020] Host joined multi-casting on [225.0.0.222:54997]...
Player connection [1020] Host joined alternative multi-casting on [225.0.0.222:34997]...
JobSystem: Creating JobQueue using job-worker-count value 8
Input System module state changed to: Initialized.
[Physics::Module] Initialized fallback backend.
[Physics::Module] Id: 0xdecafbad
Library Redirect Path: Library/
[Physics::Module] Selected backend.
[Physics::Module] Name: PhysX
[Physics::Module] Id: 0xf2b8ea05
[Physics::Module] SDK Version: 4.1.2
[Physics::Module] Integration Version: 1.0.0
[Physics::Module] Threading Mode: Multi-Threaded
Refreshing native plugins compatible for Editor in 31.35 ms, found 3 plugins.
Preloading 0 native plugins for Editor in 0.00 ms.
Initialize engine version: 6000.0.41f1 (46e447368a18)
[Subsystems] Discovering subsystems at path C:/Program Files/Unity/Hub/Editor/6000.0.41f1/Editor/Data/Resources/UnitySubsystems
[Subsystems] Discovering subsystems at path C:/Users/jayal/OneDrive/Documents/GitHub/MajaanGame/Assets
GfxDevice: creating device client; kGfxThreadingModeNonThreaded
Direct3D:
    Version:  Direct3D 11.0 [level 11.1]
    Renderer: Intel(R) Graphics (ID=0x7dd5)
    Vendor:   Intel
    VRAM:     4304 MB
    Driver:   32.0.101.6314
Initialize mono
Mono path[0] = 'C:/Program Files/Unity/Hub/Editor/6000.0.41f1/Editor/Data/Managed'
Mono path[1] = 'C:/Program Files/Unity/Hub/Editor/6000.0.41f1/Editor/Data/MonoBleedingEdge/lib/mono/unityjit-win32'
Mono config path = 'C:/Program Files/Unity/Hub/Editor/6000.0.41f1/Editor/Data/MonoBleedingEdge/etc'
Using monoOptions --debugger-agent=transport=dt_socket,embedding=1,server=y,suspend=n,address=127.0.0.1:56948
Begin MonoManager ReloadAssembly
Registering precompiled unity dll's ...
Register platform support module: C:/Program Files/Unity/Hub/Editor/6000.0.41f1/Editor/Data/PlaybackEngines/WindowsStandaloneSupport/UnityEditor.WindowsStandalone.Extensions.dll
Registered in 0.010172 seconds.
- Loaded All Assemblies, in  2.572 seconds
Native extension for WindowsStandalone target not found
Mono: successfully reloaded assembly
- Finished resetting the current domain, in  1.986 seconds
Domain Reload Profiling: 4558ms
	BeginReloadAssembly (1412ms)
		ExecutionOrderSort (1ms)
		DisableScriptedObjects (0ms)
		BackupInstance (0ms)
		ReleaseScriptingObjects (0ms)
		CreateAndSetChildDomain (18ms)
	RebuildCommonClasses (161ms)
	RebuildNativeTypeToScriptingClass (38ms)
	initialDomainReloadingComplete (252ms)
	LoadAllAssembliesAndSetupDomain (704ms)
		LoadAssemblies (1365ms)
		RebuildTransferFunctionScriptingTraits (0ms)
		AnalyzeDomain (689ms)
			TypeCache.Refresh (685ms)
				TypeCache.ScanAssembly (623ms)
			BuildScriptInfoCaches (0ms)
			ResolveRequiredComponents (2ms)
	FinalizeReload (1991ms)
		ReleaseScriptCaches (0ms)
		RebuildScriptCaches (0ms)
		SetupLoadedEditorAssemblies (1604ms)
			LogAssemblyErrors (0ms)
			InitializePlatformSupportModulesInManaged (102ms)
			SetLoadedEditorAssemblies (14ms)
			BeforeProcessingInitializeOnLoad (259ms)
			ProcessInitializeOnLoadAttributes (957ms)
			ProcessInitializeOnLoadMethodAttributes (271ms)
			AfterProcessingInitializeOnLoad (0ms)
			EditorAssembliesLoaded (0ms)
		ExecutionOrderSort2 (0ms)
		AwakeInstancesAfterBackupRestoration (0ms)
========================================================================
Worker process is ready to serve import requests
Import Worker Mode flag is 0x00
Begin MonoManager ReloadAssembly
- Loaded All Assemblies, in  6.672 seconds
Refreshing native plugins compatible for Editor in 16.26 ms, found 3 plugins.
Native extension for WindowsStandalone target not found
Mono: successfully reloaded assembly
- Finished resetting the current domain, in  5.560 seconds
Domain Reload Profiling: 12212ms
	BeginReloadAssembly (685ms)
		ExecutionOrderSort (0ms)
		DisableScriptedObjects (18ms)
		BackupInstance (0ms)
		ReleaseScriptingObjects (0ms)
		CreateAndSetChildDomain (115ms)
	RebuildCommonClasses (141ms)
	RebuildNativeTypeToScriptingClass (28ms)
	initialDomainReloadingComplete (89ms)
	LoadAllAssembliesAndSetupDomain (5705ms)
		LoadAssemblies (4777ms)
		RebuildTransferFunctionScriptingTraits (0ms)
		AnalyzeDomain (1308ms)
			TypeCache.Refresh (990ms)
				TypeCache.ScanAssembly (802ms)
			BuildScriptInfoCaches (244ms)
			ResolveRequiredComponents (42ms)
	FinalizeReload (5564ms)
		ReleaseScriptCaches (0ms)
		RebuildScriptCaches (0ms)
		SetupLoadedEditorAssemblies (3802ms)
			LogAssemblyErrors (0ms)
			InitializePlatformSupportModulesInManaged (39ms)
			SetLoadedEditorAssemblies (34ms)
			BeforeProcessingInitializeOnLoad (653ms)
			ProcessInitializeOnLoadAttributes (2611ms)
			ProcessInitializeOnLoadMethodAttributes (443ms)
			AfterProcessingInitializeOnLoad (17ms)
			EditorAssembliesLoaded (6ms)
		ExecutionOrderSort2 (0ms)
		AwakeInstancesAfterBackupRestoration (49ms)
Launched and connected shader compiler UnityShaderCompiler.exe after 0.24 seconds
Refreshing native plugins compatible for Editor in 21.60 ms, found 3 plugins.
Preloading 0 native plugins for Editor in 0.00 ms.
Unloading 261 Unused Serialized files (Serialized files now loaded: 0)
Unloading 6138 unused Assets / (8.2 MB). Loaded Objects now: 6885.
Memory consumption went from 217.7 MB to 209.6 MB.
Total: 393.998800 ms (FindLiveObjects: 114.069500 ms CreateObjectMapping: 6.893100 ms MarkObjects: 226.084600 ms  DeleteObjects: 46.941700 ms)

========================================================================
Received Import Request.
  Time since last request: 3297.217603 seconds.
  path: Assets/Toon Deserted Temples/Models/TFD_Skeleton_06A.fbx
  artifactKey: Guid(72ab8d7740c4ece4f91bedb116044712) Importer(2089858483,192608db42251d675da83286b1cce702)
Start importing Assets/Toon Deserted Temples/Models/TFD_Skeleton_06A.fbx using Guid(72ab8d7740c4ece4f91bedb116044712) Importer(2089858483,192608db42251d675da83286b1cce702) (ScriptedImporter) -> (artifact id: '497807dfa244031fccddea48d982d2d8') in 3.6869282 seconds
Number of updated asset objects reloaded before import = 0Number of asset objects unloaded after import = 15

========================================================================
Received Import Request.
  Time since last request: 0.000059 seconds.
  path: Assets/Toon Deserted Temples/Models/TFD_Blanket_03C.fbx
  artifactKey: Guid(f1b264330194ea54a8d26fde072b9f9a) Importer(2089858483,192608db42251d675da83286b1cce702)
Start importing Assets/Toon Deserted Temples/Models/TFD_Blanket_03C.fbx using Guid(f1b264330194ea54a8d26fde072b9f9a) Importer(2089858483,192608db42251d675da83286b1cce702) (ScriptedImporter) -> (artifact id: '3a015478a1e4e59c7c49f77d53615b37') in 0.2042509 seconds
Number of updated asset objects reloaded before import = 0Number of asset objects unloaded after import = 8

========================================================================
Received Import Request.
  Time since last request: 0.000068 seconds.
  path: Assets/Toon Deserted Temples/Prefabs/Water Props/TFD_Waterfall_03A_Middle_M.prefab
  artifactKey: Guid(a84742fae012fa644b41c3b1a708b402) Importer(2089858483,192608db42251d675da83286b1cce702)
Start importing Assets/Toon Deserted Temples/Prefabs/Water Props/TFD_Waterfall_03A_Middle_M.prefab using Guid(a84742fae012fa644b41c3b1a708b402) Importer(2089858483,192608db42251d675da83286b1cce702) (ScriptedImporter) -> (artifact id: 'a57befb38d88e0210943700f872890aa') in 0.1765507 seconds
Number of updated asset objects reloaded before import = 0Number of asset objects unloaded after import = 9

========================================================================
Received Import Request.
  Time since last request: 0.000051 seconds.
  path: Assets/Toon Deserted Temples/Models/TFD_Waterfall_03A_Top_M.fbx
  artifactKey: Guid(87d960e89b16f004c9a30a89f7b702ee) Importer(2089858483,192608db42251d675da83286b1cce702)
Start importing Assets/Toon Deserted Temples/Models/TFD_Waterfall_03A_Top_M.fbx using Guid(87d960e89b16f004c9a30a89f7b702ee) Importer(2089858483,192608db42251d675da83286b1cce702) (ScriptedImporter) -> (artifact id: '3826a19c8674f0f3d48041d3686ea7c7') in 0.1112939 seconds
Number of updated asset objects reloaded before import = 0Number of asset objects unloaded after import = 9

========================================================================
Received Import Request.
  Time since last request: 0.000135 seconds.
  path: Assets/Toon Deserted Temples/Prefabs/Buildings/Building Kit/TFD_Column_02A_Module_08.prefab
  artifactKey: Guid(33c63c727bb2af543b5a9a50791dc26d) Importer(2089858483,192608db42251d675da83286b1cce702)
Start importing Assets/Toon Deserted Temples/Prefabs/Buildings/Building Kit/TFD_Column_02A_Module_08.prefab using Guid(33c63c727bb2af543b5a9a50791dc26d) Importer(2089858483,192608db42251d675da83286b1cce702) (ScriptedImporter) -> (artifact id: '8b6645579026b14f51ee7b3e66c37abc') in 0.0933484 seconds
Number of updated asset objects reloaded before import = 0Number of asset objects unloaded after import = 21

========================================================================
Received Import Request.
  Time since last request: 0.000038 seconds.
  path: Assets/Toon Deserted Temples/Animations/TFD_Candle_03A_Idle1.anim
  artifactKey: Guid(29d96077477bfce4c8b8d9f3083383e9) Importer(2089858483,192608db42251d675da83286b1cce702)
Start importing Assets/Toon Deserted Temples/Animations/TFD_Candle_03A_Idle1.anim using Guid(29d96077477bfce4c8b8d9f3083383e9) Importer(2089858483,192608db42251d675da83286b1cce702) (ScriptedImporter) -> (artifact id: 'b3f011c7a6f0e8e953b2677c6f799168') in 0.0870664 seconds
Number of updated asset objects reloaded before import = 0Number of asset objects unloaded after import = 1

========================================================================
Received Import Request.
  Time since last request: 0.000060 seconds.
  path: Assets/Toon Deserted Temples/Models/TFD_Skeleton_04A.fbx
  artifactKey: Guid(fc9559da68d31ad468f008caa1e13891) Importer(2089858483,192608db42251d675da83286b1cce702)
Start importing Assets/Toon Deserted Temples/Models/TFD_Skeleton_04A.fbx using Guid(fc9559da68d31ad468f008caa1e13891) Importer(2089858483,192608db42251d675da83286b1cce702) (ScriptedImporter) -> (artifact id: '5f5aa6df7c6221f962d166b0c9092ad7') in 0.140477 seconds
Number of updated asset objects reloaded before import = 0Number of asset objects unloaded after import = 15

========================================================================
Received Import Request.
  Time since last request: 0.000045 seconds.
  path: Assets/Toon Deserted Temples/Prefabs/Buildings/Building Kit/TFD_Altar_02A.prefab
  artifactKey: Guid(51bbc75bdd7a766469f3f3291bf68905) Importer(2089858483,192608db42251d675da83286b1cce702)
Start importing Assets/Toon Deserted Temples/Prefabs/Buildings/Building Kit/TFD_Altar_02A.prefab using Guid(51bbc75bdd7a766469f3f3291bf68905) Importer(2089858483,192608db42251d675da83286b1cce702) (ScriptedImporter) -> (artifact id: '54df95877d879efcedb04f90ba418e9d') in 0.1380078 seconds
Number of updated asset objects reloaded before import = 0Number of asset objects unloaded after import = 21

========================================================================
Received Import Request.
  Time since last request: 0.000149 seconds.
  path: Assets/Toon Deserted Temples/Prefabs/Buildings/Runes/TFD_Rune_Sides_14A.prefab
  artifactKey: Guid(75b38c7b3d7c59a4aa90aeb7d36ef47b) Importer(2089858483,192608db42251d675da83286b1cce702)
Start importing Assets/Toon Deserted Temples/Prefabs/Buildings/Runes/TFD_Rune_Sides_14A.prefab using Guid(75b38c7b3d7c59a4aa90aeb7d36ef47b) Importer(2089858483,192608db42251d675da83286b1cce702) (ScriptedImporter) -> (artifact id: 'b67e7038c4a22aee543487fb5f4e3d6c') in 0.2169547 seconds
Number of updated asset objects reloaded before import = 0Number of asset objects unloaded after import = 28

========================================================================
Received Import Request.
  Time since last request: 0.000064 seconds.
  path: Assets/Toon Deserted Temples/Models/TFD_Grass_Patch_01B.fbx
  artifactKey: Guid(fbfb2e1a86dd3034195a8f0bb977a90c) Importer(2089858483,192608db42251d675da83286b1cce702)
Start importing Assets/Toon Deserted Temples/Models/TFD_Grass_Patch_01B.fbx using Guid(fbfb2e1a86dd3034195a8f0bb977a90c) Importer(2089858483,192608db42251d675da83286b1cce702) (ScriptedImporter) -> (artifact id: '3ddfd024c46e75bed5a90bbf20a5094b') in 0.0975886 seconds
Number of updated asset objects reloaded before import = 0Number of asset objects unloaded after import = 30

========================================================================
Received Import Request.
  Time since last request: 0.000086 seconds.
  path: Assets/Toon Deserted Temples/Models/TFD_Scaffolding_02A.fbx
  artifactKey: Guid(8ea21775f31d6304296c6d2f4f6678d8) Importer(2089858483,192608db42251d675da83286b1cce702)
Start importing Assets/Toon Deserted Temples/Models/TFD_Scaffolding_02A.fbx using Guid(8ea21775f31d6304296c6d2f4f6678d8) Importer(2089858483,192608db42251d675da83286b1cce702) (ScriptedImporter) -> (artifact id: '777f3f6a121dd9893aec1f42a9201148') in 0.1254942 seconds
Number of updated asset objects reloaded before import = 0Number of asset objects unloaded after import = 25

========================================================================
Received Import Request.
  Time since last request: 0.000040 seconds.
  path: Assets/Toon Deserted Temples/Skybox/TFD_Skybox_02A/TFD_Skybox_02A.mat
  artifactKey: Guid(bf0d986fa7eee1c4caeef80c6bd0450a) Importer(2089858483,192608db42251d675da83286b1cce702)
Start importing Assets/Toon Deserted Temples/Skybox/TFD_Skybox_02A/TFD_Skybox_02A.mat using Guid(bf0d986fa7eee1c4caeef80c6bd0450a) Importer(2089858483,192608db42251d675da83286b1cce702) (ScriptedImporter) -> (artifact id: 'bb4de9660bd427bf263c967b72472956') in 0.8858089 seconds
Number of updated asset objects reloaded before import = 0Number of asset objects unloaded after import = 2

========================================================================
Received Import Request.
  Time since last request: 0.000145 seconds.
  path: Assets/Toon Deserted Temples/Terrain/Terrain Textures/Terrain Data/TFD_Terrain_03.asset
  artifactKey: Guid(c12f6b1941e5dc54f8ec27f8a6a18e46) Importer(2089858483,192608db42251d675da83286b1cce702)
Start importing Assets/Toon Deserted Temples/Terrain/Terrain Textures/Terrain Data/TFD_Terrain_03.asset using Guid(c12f6b1941e5dc54f8ec27f8a6a18e46) Importer(2089858483,192608db42251d675da83286b1cce702) (ScriptedImporter) -> (artifact id: '746e679e2188bef22b737f8271502843') in 0.4760354 seconds
Number of updated asset objects reloaded before import = 0Number of asset objects unloaded after import = 2

========================================================================
Received Import Request.
  Time since last request: 0.000067 seconds.
  path: Assets/Toon Deserted Temples/Prefabs/Candles/TFD_Candles_Edge_01C.prefab
  artifactKey: Guid(181988c41f52d6f40971287b8a034603) Importer(2089858483,192608db42251d675da83286b1cce702)
Start importing Assets/Toon Deserted Temples/Prefabs/Candles/TFD_Candles_Edge_01C.prefab using Guid(181988c41f52d6f40971287b8a034603) Importer(2089858483,192608db42251d675da83286b1cce702) (ScriptedImporter) -> (artifact id: 'd24eca3f58e04ed2bb174f721f3f514e') in 0.3933921 seconds
Number of updated asset objects reloaded before import = 0Number of asset objects unloaded after import = 179

========================================================================
Received Import Request.
  Time since last request: 0.000071 seconds.
  path: Assets/Toon Deserted Temples/Animations/TFD_Candle_10B_Idle3.controller
  artifactKey: Guid(c27704a3c2475ff42a26003fede1d6d3) Importer(2089858483,192608db42251d675da83286b1cce702)
Start importing Assets/Toon Deserted Temples/Animations/TFD_Candle_10B_Idle3.controller using Guid(c27704a3c2475ff42a26003fede1d6d3) Importer(2089858483,192608db42251d675da83286b1cce702) (ScriptedImporter) -> (artifact id: '7c1299b9893ecb695bf1e849996023e7') in 0.244586 seconds
Number of updated asset objects reloaded before import = 0Number of asset objects unloaded after import = 8

========================================================================
Received Import Request.
  Time since last request: 0.000081 seconds.
  path: Assets/Toon Deserted Temples/Models/TFD_Pavement_02A.fbx
  artifactKey: Guid(a5cd80a3ed5315740ad5224f7f66eefd) Importer(2089858483,192608db42251d675da83286b1cce702)
Start importing Assets/Toon Deserted Temples/Models/TFD_Pavement_02A.fbx using Guid(a5cd80a3ed5315740ad5224f7f66eefd) Importer(2089858483,192608db42251d675da83286b1cce702) (ScriptedImporter) -> (artifact id: 'd2d0685eeca59d22b90f2b1a26a0867f') in 0.1331198 seconds
Number of updated asset objects reloaded before import = 0Number of asset objects unloaded after import = 35

========================================================================
Received Import Request.
  Time since last request: 0.000058 seconds.
  path: Assets/Toon Deserted Temples/Models/TFD_Wheel_02A.fbx
  artifactKey: Guid(3c86b019f8890a94392cdaad44aeec4e) Importer(2089858483,192608db42251d675da83286b1cce702)
Start importing Assets/Toon Deserted Temples/Models/TFD_Wheel_02A.fbx using Guid(3c86b019f8890a94392cdaad44aeec4e) Importer(2089858483,192608db42251d675da83286b1cce702) (ScriptedImporter) -> (artifact id: 'c8c94686931852ab5dc51648047f1cef') in 0.1517225 seconds
Number of updated asset objects reloaded before import = 0Number of asset objects unloaded after import = 25

========================================================================
Received Import Request.
  Time since last request: 0.000044 seconds.
  path: Assets/Toon Deserted Temples/Models/TFD_Wax_Drip_03B.fbx
  artifactKey: Guid(c50d30384787795429713f1936fcda58) Importer(2089858483,192608db42251d675da83286b1cce702)
Start importing Assets/Toon Deserted Temples/Models/TFD_Wax_Drip_03B.fbx using Guid(c50d30384787795429713f1936fcda58) Importer(2089858483,192608db42251d675da83286b1cce702) (ScriptedImporter) -> (artifact id: '9fe5e0f06286dbef69bbe8d0fdf642ee') in 0.1500694 seconds
Number of updated asset objects reloaded before import = 0Number of asset objects unloaded after import = 20

========================================================================
Received Import Request.
  Time since last request: 0.000119 seconds.
  path: Assets/Toon Deserted Temples/Prefabs/Props/TFD_Papyrus_Stack_03A.prefab
  artifactKey: Guid(f77b13001cc10884c809415146b85631) Importer(2089858483,192608db42251d675da83286b1cce702)
Start importing Assets/Toon Deserted Temples/Prefabs/Props/TFD_Papyrus_Stack_03A.prefab using Guid(f77b13001cc10884c809415146b85631) Importer(2089858483,192608db42251d675da83286b1cce702) (ScriptedImporter) -> (artifact id: '3dee5c68aa1f5bb1d16b1916a771264d') in 0.2969637 seconds
Number of updated asset objects reloaded before import = 0Number of asset objects unloaded after import = 8

========================================================================
Received Import Request.
  Time since last request: 0.000065 seconds.
  path: Assets/Toon Deserted Temples/Animations/TFD_Candle_02B_Idle3.controller
  artifactKey: Guid(f25178d31b8ecb449b892f2c3e8c6465) Importer(2089858483,192608db42251d675da83286b1cce702)
Start importing Assets/Toon Deserted Temples/Animations/TFD_Candle_02B_Idle3.controller using Guid(f25178d31b8ecb449b892f2c3e8c6465) Importer(2089858483,192608db42251d675da83286b1cce702) (ScriptedImporter) -> (artifact id: '11ca6b13abe73ad5c64aacb84113a1c3') in 0.1810298 seconds
Number of updated asset objects reloaded before import = 0Number of asset objects unloaded after import = 8

========================================================================
Received Import Request.
  Time since last request: 0.000142 seconds.
  path: Assets/Toon Deserted Temples/Models/TFD_Water_Lily_Flower_02B.fbx
  artifactKey: Guid(62d9793e0f01ca04585073b51c69b0a0) Importer(2089858483,192608db42251d675da83286b1cce702)
Start importing Assets/Toon Deserted Temples/Models/TFD_Water_Lily_Flower_02B.fbx using Guid(62d9793e0f01ca04585073b51c69b0a0) Importer(2089858483,192608db42251d675da83286b1cce702) (ScriptedImporter) -> (artifact id: '877ac575d79c9df3def8eb2e03c67b5c') in 0.1113102 seconds
Number of updated asset objects reloaded before import = 0Number of asset objects unloaded after import = 20

========================================================================
Received Import Request.
  Time since last request: 0.000043 seconds.
  path: Assets/Toon Deserted Temples/Prefabs/Buildings/Runes/TFD_Wall_Writing_Tablet_03A.prefab
  artifactKey: Guid(547da99221b77c74b9ff4c1d56ff04b5) Importer(2089858483,192608db42251d675da83286b1cce702)
Start importing Assets/Toon Deserted Temples/Prefabs/Buildings/Runes/TFD_Wall_Writing_Tablet_03A.prefab using Guid(547da99221b77c74b9ff4c1d56ff04b5) Importer(2089858483,192608db42251d675da83286b1cce702) (ScriptedImporter) -> (artifact id: 'cb024070588bfc3a634d274aa1e10f29') in 0.1207645 seconds
Number of updated asset objects reloaded before import = 0Number of asset objects unloaded after import = 21

========================================================================
Received Import Request.
  Time since last request: 0.000128 seconds.
  path: Assets/Toon Deserted Temples/Models/TFD_Rock_Large_01B.fbx
  artifactKey: Guid(35322b12d05dcb4418b59171b662d968) Importer(2089858483,192608db42251d675da83286b1cce702)
Start importing Assets/Toon Deserted Temples/Models/TFD_Rock_Large_01B.fbx using Guid(35322b12d05dcb4418b59171b662d968) Importer(2089858483,192608db42251d675da83286b1cce702) (ScriptedImporter) -> (artifact id: 'd61ea13c122a4be136bef2a28dc307be') in 0.1792013 seconds
Number of updated asset objects reloaded before import = 0Number of asset objects unloaded after import = 32

========================================================================
Received Import Request.
  Time since last request: 0.000067 seconds.
  path: Assets/Toon Deserted Temples/Prefabs/Buildings/Building Kit/TFD_Wall_08A.prefab
  artifactKey: Guid(279a5307141509f41a8a70be4d6c502c) Importer(2089858483,192608db42251d675da83286b1cce702)
Start importing Assets/Toon Deserted Temples/Prefabs/Buildings/Building Kit/TFD_Wall_08A.prefab using Guid(279a5307141509f41a8a70be4d6c502c) Importer(2089858483,192608db42251d675da83286b1cce702) (ScriptedImporter) -> (artifact id: 'aa50821643fdd1f18c5b3f3d7304214c') in 0.0774315 seconds
Number of updated asset objects reloaded before import = 0Number of asset objects unloaded after import = 26

========================================================================
Received Import Request.
  Time since last request: 0.000267 seconds.
  path: Assets/Toon Deserted Temples/Terrain/Terrain Textures/TFD_TerrainSand_03_SM.png
  artifactKey: Guid(324a55706a8a35247980478d872a9684) Importer(2089858483,192608db42251d675da83286b1cce702)
Start importing Assets/Toon Deserted Temples/Terrain/Terrain Textures/TFD_TerrainSand_03_SM.png using Guid(324a55706a8a35247980478d872a9684) Importer(2089858483,192608db42251d675da83286b1cce702) (ScriptedImporter) -> (artifact id: '9e8e2f84291e3541b4483c2131238cde') in 0.2191994 seconds
Number of updated asset objects reloaded before import = 0Number of asset objects unloaded after import = 1

========================================================================
Received Import Request.
  Time since last request: 0.000045 seconds.
  path: Assets/Toon Deserted Temples/Prefabs/Candles/TFD_Candle_09A.prefab
  artifactKey: Guid(d7ac92d307b19154ca8961d367db8421) Importer(2089858483,192608db42251d675da83286b1cce702)
Start importing Assets/Toon Deserted Temples/Prefabs/Candles/TFD_Candle_09A.prefab using Guid(d7ac92d307b19154ca8961d367db8421) Importer(2089858483,192608db42251d675da83286b1cce702) (ScriptedImporter) -> (artifact id: '89bb37926016a781efaedb35728649f9') in 0.1151982 seconds
Number of updated asset objects reloaded before import = 0Number of asset objects unloaded after import = 31

========================================================================
Received Import Request.
  Time since last request: 0.000061 seconds.
  path: Assets/Toon Deserted Temples/Models/TFD_Column_Roots_06A.fbx
  artifactKey: Guid(ba1462b2df41def419cab3d1b7c64241) Importer(2089858483,192608db42251d675da83286b1cce702)
Start importing Assets/Toon Deserted Temples/Models/TFD_Column_Roots_06A.fbx using Guid(ba1462b2df41def419cab3d1b7c64241) Importer(2089858483,192608db42251d675da83286b1cce702) (ScriptedImporter) -> (artifact id: '536804496dcdfbe084dad4b40d3b8f1b') in 0.1154556 seconds
Number of updated asset objects reloaded before import = 0Number of asset objects unloaded after import = 20

========================================================================
Received Import Request.
  Time since last request: 0.000041 seconds.
  path: Assets/Toon Deserted Temples/Models/TFD_Bowl_02C.fbx
  artifactKey: Guid(ebb31a0616d31c141a6e333f255b083d) Importer(2089858483,192608db42251d675da83286b1cce702)
Start importing Assets/Toon Deserted Temples/Models/TFD_Bowl_02C.fbx using Guid(ebb31a0616d31c141a6e333f255b083d) Importer(2089858483,192608db42251d675da83286b1cce702) (ScriptedImporter) -> (artifact id: 'cf931cbc6f727c5ee220731f316b0d51') in 0.1446213 seconds
Number of updated asset objects reloaded before import = 0Number of asset objects unloaded after import = 8

========================================================================
Received Import Request.
  Time since last request: 0.000062 seconds.
  path: Assets/Toon Deserted Temples/Particles/Meshes/TFD_Particle_Quad_03A.prefab
  artifactKey: Guid(66a21005238831f46acf83242f2ad298) Importer(2089858483,192608db42251d675da83286b1cce702)
Start importing Assets/Toon Deserted Temples/Particles/Meshes/TFD_Particle_Quad_03A.prefab using Guid(66a21005238831f46acf83242f2ad298) Importer(2089858483,192608db42251d675da83286b1cce702) (ScriptedImporter) -> (artifact id: '2e666cc559ed8ebe04a5f26762dbba12') in 0.1689626 seconds
Number of updated asset objects reloaded before import = 0Number of asset objects unloaded after import = 8

========================================================================
Received Import Request.
  Time since last request: 0.000100 seconds.
  path: Assets/Toon Deserted Temples/Prefabs/Candles/TFD_Wax_Drip_13B.prefab
  artifactKey: Guid(7eb8a5eb8c7057b478b056a9d2797ba2) Importer(2089858483,192608db42251d675da83286b1cce702)
Start importing Assets/Toon Deserted Temples/Prefabs/Candles/TFD_Wax_Drip_13B.prefab using Guid(7eb8a5eb8c7057b478b056a9d2797ba2) Importer(2089858483,192608db42251d675da83286b1cce702) (ScriptedImporter) -> (artifact id: 'd7f363831cdcbf8f20a0d46570ca719a') in 0.1364821 seconds
Number of updated asset objects reloaded before import = 0Number of asset objects unloaded after import = 20

========================================================================
Received Import Request.
  Time since last request: 0.000049 seconds.
  path: Assets/Toon Deserted Temples/Prefabs/Pottery/TFD_Urn_08A.prefab
  artifactKey: Guid(13798e3fb5038934a8cffa6291baac5f) Importer(2089858483,192608db42251d675da83286b1cce702)
Start importing Assets/Toon Deserted Temples/Prefabs/Pottery/TFD_Urn_08A.prefab using Guid(13798e3fb5038934a8cffa6291baac5f) Importer(2089858483,192608db42251d675da83286b1cce702) (ScriptedImporter) -> (artifact id: '7c2cd90992619363331178850cccff3d') in 0.137392 seconds
Number of updated asset objects reloaded before import = 0Number of asset objects unloaded after import = 21

========================================================================
Received Import Request.
  Time since last request: 0.000297 seconds.
  path: Assets/Toon Deserted Temples/Animations/TFD_Candle_10B_Idle2.controller
  artifactKey: Guid(1ded36218faea9e4c8f4eab614ba51fd) Importer(2089858483,192608db42251d675da83286b1cce702)
Start importing Assets/Toon Deserted Temples/Animations/TFD_Candle_10B_Idle2.controller using Guid(1ded36218faea9e4c8f4eab614ba51fd) Importer(2089858483,192608db42251d675da83286b1cce702) (ScriptedImporter) -> (artifact id: '0152eb864bef4205315bcc825681d90d') in 0.0802268 seconds
Number of updated asset objects reloaded before import = 0Number of asset objects unloaded after import = 6

========================================================================
Received Import Request.
  Time since last request: 0.000059 seconds.
  path: Assets/Toon Deserted Temples/Models/TFD_Candle_04B.fbx
  artifactKey: Guid(a0037c4de432d6845a8404639d6af04e) Importer(2089858483,192608db42251d675da83286b1cce702)
Start importing Assets/Toon Deserted Temples/Models/TFD_Candle_04B.fbx using Guid(a0037c4de432d6845a8404639d6af04e) Importer(2089858483,192608db42251d675da83286b1cce702) (ScriptedImporter) -> (artifact id: '97ee12a0f90f952ac2e20fb9fd377ede') in 0.153426 seconds
Number of updated asset objects reloaded before import = 0Number of asset objects unloaded after import = 20

========================================================================
Received Import Request.
  Time since last request: 0.000109 seconds.
  path: Assets/Toon Deserted Temples/Prefabs/Water Props/TFD_Floating_Debris_04A.prefab
  artifactKey: Guid(25b7764f10bb34742a60b8295d6b8baf) Importer(2089858483,192608db42251d675da83286b1cce702)
Start importing Assets/Toon Deserted Temples/Prefabs/Water Props/TFD_Floating_Debris_04A.prefab using Guid(25b7764f10bb34742a60b8295d6b8baf) Importer(2089858483,192608db42251d675da83286b1cce702) (ScriptedImporter) -> (artifact id: 'e3ab9e6b1afd073e23f46e2f519c6f58') in 0.1112152 seconds
Number of updated asset objects reloaded before import = 0Number of asset objects unloaded after import = 8

========================================================================
Received Import Request.
  Time since last request: 0.000050 seconds.
  path: Assets/Toon Deserted Temples/Models/TFD_Wall_Decoration_01A_R.fbx
  artifactKey: Guid(0b3d34e9c512084458282ed5412e1d6c) Importer(2089858483,192608db42251d675da83286b1cce702)
Start importing Assets/Toon Deserted Temples/Models/TFD_Wall_Decoration_01A_R.fbx using Guid(0b3d34e9c512084458282ed5412e1d6c) Importer(2089858483,192608db42251d675da83286b1cce702) (ScriptedImporter) -> (artifact id: 'de931632bd5477971fd5308e7b17412d') in 0.0995931 seconds
Number of updated asset objects reloaded before import = 0Number of asset objects unloaded after import = 32

========================================================================
Received Import Request.
  Time since last request: 0.000086 seconds.
  path: Assets/Toon Deserted Temples/Models/TFD_Skeleton_03A.fbx
  artifactKey: Guid(21e1b219c6dad2d4aaaa9c0caad26844) Importer(2089858483,192608db42251d675da83286b1cce702)
Start importing Assets/Toon Deserted Temples/Models/TFD_Skeleton_03A.fbx using Guid(21e1b219c6dad2d4aaaa9c0caad26844) Importer(2089858483,192608db42251d675da83286b1cce702) (ScriptedImporter) -> (artifact id: '671ba429a53663b43e222cf994a2b5ec') in 0.1255212 seconds
Number of updated asset objects reloaded before import = 0Number of asset objects unloaded after import = 15

========================================================================
Received Import Request.
  Time since last request: 0.000068 seconds.
  path: Assets/Toon Deserted Temples/Models/TFD_Cloth_05A.fbx
  artifactKey: Guid(d4c395301d60d754aa558a1713597e6f) Importer(2089858483,192608db42251d675da83286b1cce702)
Start importing Assets/Toon Deserted Temples/Models/TFD_Cloth_05A.fbx using Guid(d4c395301d60d754aa558a1713597e6f) Importer(2089858483,192608db42251d675da83286b1cce702) (ScriptedImporter) -> (artifact id: '16ba415c4783ef7c09dfa6b4a3a27994') in 0.1613709 seconds
Number of updated asset objects reloaded before import = 0Number of asset objects unloaded after import = 20

========================================================================
Received Import Request.
  Time since last request: 0.000118 seconds.
  path: Assets/Toon Deserted Temples/Models/TFD_Column_Roots_05A.fbx
  artifactKey: Guid(c2ae309130f3e634ca40535a28455980) Importer(2089858483,192608db42251d675da83286b1cce702)
Start importing Assets/Toon Deserted Temples/Models/TFD_Column_Roots_05A.fbx using Guid(c2ae309130f3e634ca40535a28455980) Importer(2089858483,192608db42251d675da83286b1cce702) (ScriptedImporter) -> (artifact id: 'a3d4e26dd08bebceccbbb14a9cc06431') in 0.1509395 seconds
Number of updated asset objects reloaded before import = 0Number of asset objects unloaded after import = 20

========================================================================
Received Import Request.
  Time since last request: 0.000057 seconds.
  path: Assets/Toon Deserted Temples/Animations/TFD_Candle_02A_Idle3.anim
  artifactKey: Guid(1b43ee4767a4c9c41a043b3268523116) Importer(2089858483,192608db42251d675da83286b1cce702)
Start importing Assets/Toon Deserted Temples/Animations/TFD_Candle_02A_Idle3.anim using Guid(1b43ee4767a4c9c41a043b3268523116) Importer(2089858483,192608db42251d675da83286b1cce702) (ScriptedImporter) -> (artifact id: 'a83c832c239177c469f0a9a0ec5acc22') in 0.0824124 seconds
Number of updated asset objects reloaded before import = 0Number of asset objects unloaded after import = 1

========================================================================
Received Import Request.
  Time since last request: 0.000053 seconds.
  path: Assets/Toon Deserted Temples/Models/TFD_Wall_Writing_Tablet_07A.fbx
  artifactKey: Guid(532f682f4271c41489c2c3e625de2ddd) Importer(2089858483,192608db42251d675da83286b1cce702)
Start importing Assets/Toon Deserted Temples/Models/TFD_Wall_Writing_Tablet_07A.fbx using Guid(532f682f4271c41489c2c3e625de2ddd) Importer(2089858483,192608db42251d675da83286b1cce702) (ScriptedImporter) -> (artifact id: '86cecd16857eec3c764e9f27f30b583f') in 0.1344486 seconds
Number of updated asset objects reloaded before import = 0Number of asset objects unloaded after import = 20

========================================================================
Received Import Request.
  Time since last request: 0.000054 seconds.
  path: Assets/Toon Deserted Temples/Prefabs/Buildings
  artifactKey: Guid(7bb177f413615d4458daf29988c27416) Importer(2089858483,192608db42251d675da83286b1cce702)
Start importing Assets/Toon Deserted Temples/Prefabs/Buildings using Guid(7bb177f413615d4458daf29988c27416) Importer(2089858483,192608db42251d675da83286b1cce702) (ScriptedImporter) -> (artifact id: 'f8f5d71de3228aa5d42bb28d0976318d') in 0.0304419 seconds
Number of updated asset objects reloaded before import = 0Number of asset objects unloaded after import = 1

========================================================================
Received Import Request.
  Time since last request: 0.000065 seconds.
  path: Assets/Toon Deserted Temples/Prefabs/Buildings/Building Kit/TFD_Railing_01A.prefab
  artifactKey: Guid(735eeb6e304584044a0c3a02cfa3663c) Importer(2089858483,192608db42251d675da83286b1cce702)
Start importing Assets/Toon Deserted Temples/Prefabs/Buildings/Building Kit/TFD_Railing_01A.prefab using Guid(735eeb6e304584044a0c3a02cfa3663c) Importer(2089858483,192608db42251d675da83286b1cce702) (ScriptedImporter) -> (artifact id: '5044fef07ad65813506bc58b64045b6e') in 0.1228648 seconds
Number of updated asset objects reloaded before import = 0Number of asset objects unloaded after import = 28

========================================================================
Received Import Request.
  Time since last request: 0.000048 seconds.
  path: Assets/Toon Deserted Temples/Animations/TFD_Candle_02B_Idle1.anim
  artifactKey: Guid(23f379c33574feb46b243da2e9dbe4f2) Importer(2089858483,192608db42251d675da83286b1cce702)
Start importing Assets/Toon Deserted Temples/Animations/TFD_Candle_02B_Idle1.anim using Guid(23f379c33574feb46b243da2e9dbe4f2) Importer(2089858483,192608db42251d675da83286b1cce702) (ScriptedImporter) -> (artifact id: 'fdb861fde2267a6b440cfb0892a8649e') in 0.0459689 seconds
Number of updated asset objects reloaded before import = 0Number of asset objects unloaded after import = 1

========================================================================
Received Import Request.
  Time since last request: 0.000125 seconds.
  path: Assets/Toon Deserted Temples/Prefabs/Buildings/Building Kit/TFD_Column_01A_Module_07.prefab
  artifactKey: Guid(7505d34eb05f3c548a6bca037a6d09ec) Importer(2089858483,192608db42251d675da83286b1cce702)
Start importing Assets/Toon Deserted Temples/Prefabs/Buildings/Building Kit/TFD_Column_01A_Module_07.prefab using Guid(7505d34eb05f3c548a6bca037a6d09ec) Importer(2089858483,192608db42251d675da83286b1cce702) (ScriptedImporter) -> (artifact id: '9fc548f17451b58a508cd68c2ebb602c') in 0.1437234 seconds
Number of updated asset objects reloaded before import = 0Number of asset objects unloaded after import = 21

========================================================================
Received Import Request.
  Time since last request: 0.000033 seconds.
  path: Assets/Toon Deserted Temples/Models/TFD_Rock_Small_06A.fbx
  artifactKey: Guid(7cc39453ca930dc4687c57a2cef3a25b) Importer(2089858483,192608db42251d675da83286b1cce702)
Start importing Assets/Toon Deserted Temples/Models/TFD_Rock_Small_06A.fbx using Guid(7cc39453ca930dc4687c57a2cef3a25b) Importer(2089858483,192608db42251d675da83286b1cce702) (ScriptedImporter) -> (artifact id: '01dcb4e0074a11d446a246490e654797') in 0.0853093 seconds
Number of updated asset objects reloaded before import = 0Number of asset objects unloaded after import = 30

========================================================================
Received Import Request.
  Time since last request: 0.000047 seconds.
  path: Assets/Toon Deserted Temples/Animations/TFD_Candle_07C_Idle3.controller
  artifactKey: Guid(908ded160b1cd7f41b9f4ddd0b1713c3) Importer(2089858483,192608db42251d675da83286b1cce702)
Start importing Assets/Toon Deserted Temples/Animations/TFD_Candle_07C_Idle3.controller using Guid(908ded160b1cd7f41b9f4ddd0b1713c3) Importer(2089858483,192608db42251d675da83286b1cce702) (ScriptedImporter) -> (artifact id: 'c95df276d6bb76daeb506cbc7c0f1d49') in 0.0671461 seconds
Number of updated asset objects reloaded before import = 0Number of asset objects unloaded after import = 8

========================================================================
Received Import Request.
  Time since last request: 0.000034 seconds.
  path: Assets/Toon Deserted Temples/Models/TFD_Wall_07A.fbx
  artifactKey: Guid(4efea896745690f4cb4b354b8e79a52d) Importer(2089858483,192608db42251d675da83286b1cce702)
Start importing Assets/Toon Deserted Temples/Models/TFD_Wall_07A.fbx using Guid(4efea896745690f4cb4b354b8e79a52d) Importer(2089858483,192608db42251d675da83286b1cce702) (ScriptedImporter) -> (artifact id: 'a68e812348f0da45b5335fd530f6da73') in 0.0441826 seconds
Number of updated asset objects reloaded before import = 0Number of asset objects unloaded after import = 25

========================================================================
Received Import Request.
  Time since last request: 0.000029 seconds.
  path: Assets/Toon Deserted Temples/Prefabs/Vegetation/Plants/TFD_Gate_Vine_02A.prefab
  artifactKey: Guid(9a0697ed86dc0d14ebec8f06f002a3fe) Importer(2089858483,192608db42251d675da83286b1cce702)
Start importing Assets/Toon Deserted Temples/Prefabs/Vegetation/Plants/TFD_Gate_Vine_02A.prefab using Guid(9a0697ed86dc0d14ebec8f06f002a3fe) Importer(2089858483,192608db42251d675da83286b1cce702) (ScriptedImporter) -> (artifact id: '7b7bae43263388ba1e72e10f29095586') in 0.077081 seconds
Number of updated asset objects reloaded before import = 0Number of asset objects unloaded after import = 20

========================================================================
Received Import Request.
  Time since last request: 0.000046 seconds.
  path: Assets/Toon Deserted Temples/Animations/TFD_Candle_10A_Idle3.controller
  artifactKey: Guid(87ff8ada63e5de446941d4c6d00ee074) Importer(2089858483,192608db42251d675da83286b1cce702)
Start importing Assets/Toon Deserted Temples/Animations/TFD_Candle_10A_Idle3.controller using Guid(87ff8ada63e5de446941d4c6d00ee074) Importer(2089858483,192608db42251d675da83286b1cce702) (ScriptedImporter) -> (artifact id: '6fc28aa7f0cde168340f69c0339667e2') in 0.0580446 seconds
Number of updated asset objects reloaded before import = 0Number of asset objects unloaded after import = 8

========================================================================
Received Import Request.
  Time since last request: 0.000048 seconds.
  path: Assets/Toon Deserted Temples/Prefabs/Vegetation/Plants/TFD_Column_Roots_01A.prefab
  artifactKey: Guid(1e160cd526c4b4748b6eedfb9dcf75be) Importer(2089858483,192608db42251d675da83286b1cce702)
Start importing Assets/Toon Deserted Temples/Prefabs/Vegetation/Plants/TFD_Column_Roots_01A.prefab using Guid(1e160cd526c4b4748b6eedfb9dcf75be) Importer(2089858483,192608db42251d675da83286b1cce702) (ScriptedImporter) -> (artifact id: '8c94bfdab5475333258eda153218c482') in 0.0647809 seconds
Number of updated asset objects reloaded before import = 0Number of asset objects unloaded after import = 20

========================================================================
Received Import Request.
  Time since last request: 0.000034 seconds.
  path: Assets/Toon Deserted Temples/Prefabs/Vegetation/Plants/TFD_Grass_Patch_03B.prefab
  artifactKey: Guid(75c2136c94b7d1946aaacceaf4b9ce05) Importer(2089858483,192608db42251d675da83286b1cce702)
Start importing Assets/Toon Deserted Temples/Prefabs/Vegetation/Plants/TFD_Grass_Patch_03B.prefab using Guid(75c2136c94b7d1946aaacceaf4b9ce05) Importer(2089858483,192608db42251d675da83286b1cce702) (ScriptedImporter) -> (artifact id: '2d9d7905c2dff769955e2ab7846143c4') in 0.0784229 seconds
Number of updated asset objects reloaded before import = 0Number of asset objects unloaded after import = 20

========================================================================
Received Import Request.
  Time since last request: 0.000046 seconds.
  path: Assets/Toon Deserted Temples/Prefabs/Props/TFD_Gold_Sack_02A.prefab
  artifactKey: Guid(ca641baa9d18f6947a3ca1dea484fa4a) Importer(2089858483,192608db42251d675da83286b1cce702)
Start importing Assets/Toon Deserted Temples/Prefabs/Props/TFD_Gold_Sack_02A.prefab using Guid(ca641baa9d18f6947a3ca1dea484fa4a) Importer(2089858483,192608db42251d675da83286b1cce702) (ScriptedImporter) -> (artifact id: '734ac28cf54a3a0a7e002c331472ffb0') in 0.0693908 seconds
Number of updated asset objects reloaded before import = 0Number of asset objects unloaded after import = 21

========================================================================
Received Import Request.
  Time since last request: 0.000036 seconds.
  path: Assets/Toon Deserted Temples/Models/TFD_Wax_Drip_10B.fbx
  artifactKey: Guid(adae79565b82bba4989f058c5e9c0813) Importer(2089858483,192608db42251d675da83286b1cce702)
Start importing Assets/Toon Deserted Temples/Models/TFD_Wax_Drip_10B.fbx using Guid(adae79565b82bba4989f058c5e9c0813) Importer(2089858483,192608db42251d675da83286b1cce702) (ScriptedImporter) -> (artifact id: '6d0a6255fe4295a534d8fa37ffd14db7') in 0.0662783 seconds
Number of updated asset objects reloaded before import = 0Number of asset objects unloaded after import = 20

========================================================================
Received Import Request.
  Time since last request: 0.000054 seconds.
  path: Assets/Toon Deserted Temples/Models/TFD_Rune_12A.fbx
  artifactKey: Guid(20a19e0e84bb9a24a8da67406b537d45) Importer(2089858483,192608db42251d675da83286b1cce702)
Start importing Assets/Toon Deserted Temples/Models/TFD_Rune_12A.fbx using Guid(20a19e0e84bb9a24a8da67406b537d45) Importer(2089858483,192608db42251d675da83286b1cce702) (ScriptedImporter) -> (artifact id: '2918d578560301c7d21f4c85dca4845c') in 0.0650668 seconds
Number of updated asset objects reloaded before import = 0Number of asset objects unloaded after import = 27

========================================================================
Received Import Request.
  Time since last request: 0.000046 seconds.
  path: Assets/Toon Deserted Temples/Scenes/Demo_Scene_Oasis_Day.unity
  artifactKey: Guid(0e18f9298fcfd4a408f32bb6f3dc27ec) Importer(2089858483,192608db42251d675da83286b1cce702)
Start importing Assets/Toon Deserted Temples/Scenes/Demo_Scene_Oasis_Day.unity using Guid(0e18f9298fcfd4a408f32bb6f3dc27ec) Importer(2089858483,192608db42251d675da83286b1cce702) (ScriptedImporter) -> (artifact id: '226bd5c287861d32f23f9aca5230363e') in 2.2162424 seconds
Number of updated asset objects reloaded before import = 0Number of asset objects unloaded after import = 1

========================================================================
Received Import Request.
  Time since last request: 0.000064 seconds.
  path: Assets/Toon Deserted Temples/Models/TFD_Particle_Quad_01A.fbx
  artifactKey: Guid(8f0aef7b68cd53a4dae9f457377a8ec5) Importer(2089858483,192608db42251d675da83286b1cce702)
Start importing Assets/Toon Deserted Temples/Models/TFD_Particle_Quad_01A.fbx using Guid(8f0aef7b68cd53a4dae9f457377a8ec5) Importer(2089858483,192608db42251d675da83286b1cce702) (ScriptedImporter) -> (artifact id: 'c779d4e9451261e8b86566916d564a4f') in 0.0565703 seconds
Number of updated asset objects reloaded before import = 0Number of asset objects unloaded after import = 8

========================================================================
Received Import Request.
  Time since last request: 0.000063 seconds.
  path: Assets/Toon Deserted Temples/Animations/TFD_Candle_03B_Idle3.controller
  artifactKey: Guid(7bae5da3c5a6d38488beb378c05e4f4d) Importer(2089858483,192608db42251d675da83286b1cce702)
Start importing Assets/Toon Deserted Temples/Animations/TFD_Candle_03B_Idle3.controller using Guid(7bae5da3c5a6d38488beb378c05e4f4d) Importer(2089858483,192608db42251d675da83286b1cce702) (ScriptedImporter) -> (artifact id: '36028bd58a21202177c0ad40f37eca50') in 0.043303 seconds
Number of updated asset objects reloaded before import = 0Number of asset objects unloaded after import = 8

========================================================================
Received Import Request.
  Time since last request: 0.371521 seconds.
  path: Assets/Toon Deserted Temples/Animations/TFD_Candle_09A_Idle3.anim
  artifactKey: Guid(29996b3d4531882428fc72a288588af1) Importer(2089858483,192608db42251d675da83286b1cce702)
Start importing Assets/Toon Deserted Temples/Animations/TFD_Candle_09A_Idle3.anim using Guid(29996b3d4531882428fc72a288588af1) Importer(2089858483,192608db42251d675da83286b1cce702) (ScriptedImporter) -> (artifact id: '7bf715020ad5317054972ff0829e68bf') in 0.0415814 seconds
Number of updated asset objects reloaded before import = 0Number of asset objects unloaded after import = 1

========================================================================
Received Import Request.
  Time since last request: 0.000048 seconds.
  path: Assets/Toon Deserted Temples/Models/TFD_Dust_Pile_02A.fbx
  artifactKey: Guid(0243389b83ded5e4689ce6468c111f26) Importer(2089858483,192608db42251d675da83286b1cce702)
Start importing Assets/Toon Deserted Temples/Models/TFD_Dust_Pile_02A.fbx using Guid(0243389b83ded5e4689ce6468c111f26) Importer(2089858483,192608db42251d675da83286b1cce702) (ScriptedImporter) -> (artifact id: '85a46ef405467742ac80c8689125c8fe') in 0.0804762 seconds
Number of updated asset objects reloaded before import = 0Number of asset objects unloaded after import = 15

========================================================================
Received Import Request.
  Time since last request: 0.000048 seconds.
  path: Assets/Toon Deserted Temples/Prefabs/Rocks/TFD_Rock_Small_03A.prefab
  artifactKey: Guid(3480101255efb8549b3e6a6e1c300cd9) Importer(2089858483,192608db42251d675da83286b1cce702)
Start importing Assets/Toon Deserted Temples/Prefabs/Rocks/TFD_Rock_Small_03A.prefab using Guid(3480101255efb8549b3e6a6e1c300cd9) Importer(2089858483,192608db42251d675da83286b1cce702) (ScriptedImporter) -> (artifact id: '0630c6901acc16b784bf048e03b4ff7c') in 0.0760487 seconds
Number of updated asset objects reloaded before import = 0Number of asset objects unloaded after import = 28

========================================================================
Received Import Request.
  Time since last request: 0.000043 seconds.
  path: Assets/Toon Deserted Temples/Animations/TFD_Candle_11A_Idle1.anim
  artifactKey: Guid(23fba31a782b891499f383a90499b35e) Importer(2089858483,192608db42251d675da83286b1cce702)
Start importing Assets/Toon Deserted Temples/Animations/TFD_Candle_11A_Idle1.anim using Guid(23fba31a782b891499f383a90499b35e) Importer(2089858483,192608db42251d675da83286b1cce702) (ScriptedImporter) -> (artifact id: '99ca8dc37a5bd037f3eb579679bd9bef') in 0.0405365 seconds
Number of updated asset objects reloaded before import = 0Number of asset objects unloaded after import = 1

========================================================================
Received Import Request.
  Time since last request: 0.000039 seconds.
  path: Assets/Toon Deserted Temples/Prefabs/Props/TFD_Rope_01A.prefab
  artifactKey: Guid(563c89eefd11da643a79625fbcde014d) Importer(2089858483,192608db42251d675da83286b1cce702)
Start importing Assets/Toon Deserted Temples/Prefabs/Props/TFD_Rope_01A.prefab using Guid(563c89eefd11da643a79625fbcde014d) Importer(2089858483,192608db42251d675da83286b1cce702) (ScriptedImporter) -> (artifact id: '297beadec2bb993a0800f358e72229fe') in 0.06927 seconds
Number of updated asset objects reloaded before import = 0Number of asset objects unloaded after import = 10

========================================================================
Received Import Request.
  Time since last request: 0.000066 seconds.
  path: Assets/Toon Deserted Temples/Models/TFD_Urn_Interactable_04A.fbx
  artifactKey: Guid(6e864796ce59cf74abd4584732366f8d) Importer(2089858483,192608db42251d675da83286b1cce702)
Start importing Assets/Toon Deserted Temples/Models/TFD_Urn_Interactable_04A.fbx using Guid(6e864796ce59cf74abd4584732366f8d) Importer(2089858483,192608db42251d675da83286b1cce702) (ScriptedImporter) -> (artifact id: '65b6152b3a4875394149ccd6db34d408') in 0.0870978 seconds
Number of updated asset objects reloaded before import = 0Number of asset objects unloaded after import = 39

========================================================================
Received Import Request.
  Time since last request: 0.000029 seconds.
  path: Assets/Toon Deserted Temples/Models/TFD_Circular_Stairs_01A_R.fbx
  artifactKey: Guid(dac35e82a123e7d49a92056935d02dd0) Importer(2089858483,192608db42251d675da83286b1cce702)
Start importing Assets/Toon Deserted Temples/Models/TFD_Circular_Stairs_01A_R.fbx using Guid(dac35e82a123e7d49a92056935d02dd0) Importer(2089858483,192608db42251d675da83286b1cce702) (ScriptedImporter) -> (artifact id: 'cc21ae3fdd9faaf1f200156e5c2b27ee') in 0.1283191 seconds
Number of updated asset objects reloaded before import = 0Number of asset objects unloaded after import = 35

========================================================================
Received Import Request.
  Time since last request: 0.000033 seconds.
  path: Assets/Toon Deserted Temples/Prefabs/Vegetation/Plants/TFD_Flowers_Patch_01B.prefab
  artifactKey: Guid(da3c10766b14df145b07ee8333b53ac8) Importer(2089858483,192608db42251d675da83286b1cce702)
Start importing Assets/Toon Deserted Temples/Prefabs/Vegetation/Plants/TFD_Flowers_Patch_01B.prefab using Guid(da3c10766b14df145b07ee8333b53ac8) Importer(2089858483,192608db42251d675da83286b1cce702) (ScriptedImporter) -> (artifact id: '0bd3306b318b1e9cb8d217bae8df0198') in 0.0908273 seconds
Number of updated asset objects reloaded before import = 0Number of asset objects unloaded after import = 20

========================================================================
Received Import Request.
  Time since last request: 0.000830 seconds.
  path: Assets/Toon Deserted Temples/Prefabs/Props/TFD_Blanket_03C.prefab
  artifactKey: Guid(8450d86f1b43c8f44a567ff4757dc0ad) Importer(2089858483,192608db42251d675da83286b1cce702)
Start importing Assets/Toon Deserted Temples/Prefabs/Props/TFD_Blanket_03C.prefab using Guid(8450d86f1b43c8f44a567ff4757dc0ad) Importer(2089858483,192608db42251d675da83286b1cce702) (ScriptedImporter) -> (artifact id: 'c609aa938172b7de3d7e502251d53c25') in 0.0617985 seconds
Number of updated asset objects reloaded before import = 0Number of asset objects unloaded after import = 9

========================================================================
Received Import Request.
  Time since last request: 0.000043 seconds.
  path: Assets/Toon Deserted Temples/Models/TFD_Tree_02A_Dry.fbx
  artifactKey: Guid(6202e8fc4fc091e48bd856b7a4a69ee6) Importer(2089858483,192608db42251d675da83286b1cce702)
Start importing Assets/Toon Deserted Temples/Models/TFD_Tree_02A_Dry.fbx using Guid(6202e8fc4fc091e48bd856b7a4a69ee6) Importer(2089858483,192608db42251d675da83286b1cce702) (ScriptedImporter) -> (artifact id: '62a7c0f7866e209ce8a129b38d9111e3') in 0.1121425 seconds
Number of updated asset objects reloaded before import = 0Number of asset objects unloaded after import = 25

========================================================================
Received Import Request.
  Time since last request: 0.000033 seconds.
  path: Assets/Toon Deserted Temples/Models/TFD_Rune_11A.fbx
  artifactKey: Guid(268280aed3c24cb40ae1f86500fe7968) Importer(2089858483,192608db42251d675da83286b1cce702)
Start importing Assets/Toon Deserted Temples/Models/TFD_Rune_11A.fbx using Guid(268280aed3c24cb40ae1f86500fe7968) Importer(2089858483,192608db42251d675da83286b1cce702) (ScriptedImporter) -> (artifact id: '56de6654eb70bc7d7ebdbd1074788ae8') in 0.0548358 seconds
Number of updated asset objects reloaded before import = 0Number of asset objects unloaded after import = 27

========================================================================
Received Import Request.
  Time since last request: 0.000108 seconds.
  path: Assets/Toon Deserted Temples/Prefabs/Buildings/Runes/TFD_Wall_Writing_Tablet_06A.prefab
  artifactKey: Guid(0b800413cb4de4742ab7a7f1c75f7c4a) Importer(2089858483,192608db42251d675da83286b1cce702)
Start importing Assets/Toon Deserted Temples/Prefabs/Buildings/Runes/TFD_Wall_Writing_Tablet_06A.prefab using Guid(0b800413cb4de4742ab7a7f1c75f7c4a) Importer(2089858483,192608db42251d675da83286b1cce702) (ScriptedImporter) -> (artifact id: 'd2d5cd6d930af889166ac555768b713e') in 0.0640195 seconds
Number of updated asset objects reloaded before import = 0Number of asset objects unloaded after import = 21

========================================================================
Received Import Request.
  Time since last request: 0.000035 seconds.
  path: Assets/Toon Deserted Temples/Prefabs/Buildings/Building Kit/TFD_Circular_Stairs_02A_R.prefab
  artifactKey: Guid(cd8ed23dd7942d448a133fb1ec8ae33b) Importer(2089858483,192608db42251d675da83286b1cce702)
Start importing Assets/Toon Deserted Temples/Prefabs/Buildings/Building Kit/TFD_Circular_Stairs_02A_R.prefab using Guid(cd8ed23dd7942d448a133fb1ec8ae33b) Importer(2089858483,192608db42251d675da83286b1cce702) (ScriptedImporter) -> (artifact id: 'bbed9ef5255b18a421de97b82c53a7a6') in 0.1194625 seconds
Number of updated asset objects reloaded before import = 0Number of asset objects unloaded after import = 28

========================================================================
Received Import Request.
  Time since last request: 0.000883 seconds.
  path: Assets/Toon Deserted Temples/Animations/TFD_Candle_12C_Idle3.anim
  artifactKey: Guid(1bf650e9a7fd74640ba0c91468db6afb) Importer(2089858483,192608db42251d675da83286b1cce702)
Start importing Assets/Toon Deserted Temples/Animations/TFD_Candle_12C_Idle3.anim using Guid(1bf650e9a7fd74640ba0c91468db6afb) Importer(2089858483,192608db42251d675da83286b1cce702) (ScriptedImporter) -> (artifact id: '6e1851948f6de3f20f75e0f7647cebe8') in 0.0606017 seconds
Number of updated asset objects reloaded before import = 0Number of asset objects unloaded after import = 1

========================================================================
Received Import Request.
  Time since last request: 0.000059 seconds.
  path: Assets/Toon Deserted Temples/Prefabs/Rocks/TFD_Rock_Large_12A.prefab
  artifactKey: Guid(8b7c976347a15334d85b89a1031fb1c4) Importer(2089858483,192608db42251d675da83286b1cce702)
Start importing Assets/Toon Deserted Temples/Prefabs/Rocks/TFD_Rock_Large_12A.prefab using Guid(8b7c976347a15334d85b89a1031fb1c4) Importer(2089858483,192608db42251d675da83286b1cce702) (ScriptedImporter) -> (artifact id: '9b95aff54c4b178605e136a140f252b4') in 0.0881998 seconds
Number of updated asset objects reloaded before import = 0Number of asset objects unloaded after import = 28

========================================================================
Received Import Request.
  Time since last request: 0.516324 seconds.
  path: Assets/Toon Deserted Temples/Models/TFD_Column_01A_Module_08.fbx
  artifactKey: Guid(a0b021024c9228140acbf0dcfcdff6e7) Importer(2089858483,192608db42251d675da83286b1cce702)
Start importing Assets/Toon Deserted Temples/Models/TFD_Column_01A_Module_08.fbx using Guid(a0b021024c9228140acbf0dcfcdff6e7) Importer(2089858483,192608db42251d675da83286b1cce702) (ScriptedImporter) -> (artifact id: '7a61efe1312957ea21a5e67e91c48254') in 0.0567982 seconds
Number of updated asset objects reloaded before import = 0Number of asset objects unloaded after import = 20

========================================================================
Received Import Request.
  Time since last request: 0.000026 seconds.
  path: Assets/Toon Deserted Temples/Prefabs/Buildings/Runes/TFD_Wall_Writing_Tablet_01A.prefab
  artifactKey: Guid(60bee937fc753a1409710d2c10cd8848) Importer(2089858483,192608db42251d675da83286b1cce702)
Start importing Assets/Toon Deserted Temples/Prefabs/Buildings/Runes/TFD_Wall_Writing_Tablet_01A.prefab using Guid(60bee937fc753a1409710d2c10cd8848) Importer(2089858483,192608db42251d675da83286b1cce702) (ScriptedImporter) -> (artifact id: 'a2880f793eb8640e641d1f9ca0145357') in 0.0510041 seconds
Number of updated asset objects reloaded before import = 0Number of asset objects unloaded after import = 21

========================================================================
Received Import Request.
  Time since last request: 0.000030 seconds.
  path: Assets/Toon Deserted Temples/Models/TFD_Rock_Large_11A.fbx
  artifactKey: Guid(d11767cdf179d354fbfab7c96e1c2069) Importer(2089858483,192608db42251d675da83286b1cce702)
Start importing Assets/Toon Deserted Temples/Models/TFD_Rock_Large_11A.fbx using Guid(d11767cdf179d354fbfab7c96e1c2069) Importer(2089858483,192608db42251d675da83286b1cce702) (ScriptedImporter) -> (artifact id: '24dab0f77b238421bdb5028f5f799df0') in 0.0537529 seconds
Number of updated asset objects reloaded before import = 0Number of asset objects unloaded after import = 30

========================================================================
Received Import Request.
  Time since last request: 0.000075 seconds.
  path: Assets/Toon Deserted Temples/Particles/TFD_Water_Particles_01A.prefab
  artifactKey: Guid(dc464a5eb21263943b1a6fc327768e3a) Importer(2089858483,192608db42251d675da83286b1cce702)
Start importing Assets/Toon Deserted Temples/Particles/TFD_Water_Particles_01A.prefab using Guid(dc464a5eb21263943b1a6fc327768e3a) Importer(2089858483,192608db42251d675da83286b1cce702) (ScriptedImporter) -> (artifact id: 'b236c08747e2e2b1b59ff91750d060dc') in 0.4702088 seconds
Number of updated asset objects reloaded before import = 0Number of asset objects unloaded after import = 7

========================================================================
Received Import Request.
  Time since last request: 0.000039 seconds.
  path: Assets/Toon Deserted Temples/Terrain/Terrain Textures
  artifactKey: Guid(73c5b77b08f5e084a85dfce157f9699e) Importer(2089858483,192608db42251d675da83286b1cce702)
Start importing Assets/Toon Deserted Temples/Terrain/Terrain Textures using Guid(73c5b77b08f5e084a85dfce157f9699e) Importer(2089858483,192608db42251d675da83286b1cce702) (ScriptedImporter) -> (artifact id: '92f83d9552c97d9cf94ecdd7838cc0aa') in 0.035145 seconds
Number of updated asset objects reloaded before import = 0Number of asset objects unloaded after import = 1

========================================================================
Received Import Request.
  Time since last request: 0.000046 seconds.
  path: Assets/Toon Deserted Temples/Models/TFD_Blanket_02A.fbx
  artifactKey: Guid(fda8a57abe7aef4468c2524af123499a) Importer(2089858483,192608db42251d675da83286b1cce702)
Start importing Assets/Toon Deserted Temples/Models/TFD_Blanket_02A.fbx using Guid(fda8a57abe7aef4468c2524af123499a) Importer(2089858483,192608db42251d675da83286b1cce702) (ScriptedImporter) -> (artifact id: 'fbb490fedb9c04f2fe62c517d82d35da') in 0.0710725 seconds
Number of updated asset objects reloaded before import = 0Number of asset objects unloaded after import = 8

========================================================================
Received Import Request.
  Time since last request: 0.000036 seconds.
  path: Assets/Toon Deserted Temples/Models/TFD_Plant_08A.fbx
  artifactKey: Guid(eec72c7b5af70604788c273dbca3b586) Importer(2089858483,192608db42251d675da83286b1cce702)
Start importing Assets/Toon Deserted Temples/Models/TFD_Plant_08A.fbx using Guid(eec72c7b5af70604788c273dbca3b586) Importer(2089858483,192608db42251d675da83286b1cce702) (ScriptedImporter) -> (artifact id: 'ef4847f09d566e079708e05936bf95e2') in 0.0554108 seconds
Number of updated asset objects reloaded before import = 0Number of asset objects unloaded after import = 25

========================================================================
Received Import Request.
  Time since last request: 0.000033 seconds.
  path: Assets/Toon Deserted Temples/Animations/TFD_Candle_09B_Idle3.controller
  artifactKey: Guid(877c07e615ece974998dfadba61c415d) Importer(2089858483,192608db42251d675da83286b1cce702)
Start importing Assets/Toon Deserted Temples/Animations/TFD_Candle_09B_Idle3.controller using Guid(877c07e615ece974998dfadba61c415d) Importer(2089858483,192608db42251d675da83286b1cce702) (ScriptedImporter) -> (artifact id: '7ed7a84b55265e4a71adcad82dc778df') in 0.0572313 seconds
Number of updated asset objects reloaded before import = 0Number of asset objects unloaded after import = 8

========================================================================
Received Import Request.
  Time since last request: 0.000048 seconds.
  path: Assets/Toon Deserted Temples/Prefabs/Candles/TFD_Wax_Drip_09A.prefab
  artifactKey: Guid(a65ec49885fd5d346963fd8374f38462) Importer(2089858483,192608db42251d675da83286b1cce702)
Start importing Assets/Toon Deserted Temples/Prefabs/Candles/TFD_Wax_Drip_09A.prefab using Guid(a65ec49885fd5d346963fd8374f38462) Importer(2089858483,192608db42251d675da83286b1cce702) (ScriptedImporter) -> (artifact id: '82be480a1d9aa167e5537ab0c5d21b25') in 0.0648182 seconds
Number of updated asset objects reloaded before import = 0Number of asset objects unloaded after import = 20

========================================================================
Received Import Request.
  Time since last request: 0.000047 seconds.
  path: Assets/Toon Deserted Temples/Models/TFD_Rock_Large_01A.fbx
  artifactKey: Guid(aa4fd2bbaf38ccd4dace93e27ab0a756) Importer(2089858483,192608db42251d675da83286b1cce702)
Start importing Assets/Toon Deserted Temples/Models/TFD_Rock_Large_01A.fbx using Guid(aa4fd2bbaf38ccd4dace93e27ab0a756) Importer(2089858483,192608db42251d675da83286b1cce702) (ScriptedImporter) -> (artifact id: '3c831fcddea2024f341a8b09f48fb1f1') in 0.0703213 seconds
Number of updated asset objects reloaded before import = 0Number of asset objects unloaded after import = 30

========================================================================
Received Import Request.
  Time since last request: 0.000038 seconds.
  path: Assets/Toon Deserted Temples/Models/TFD_Particle_Quad_04C.fbx
  artifactKey: Guid(24980a12e004b0f47b14461020ddf22d) Importer(2089858483,192608db42251d675da83286b1cce702)
Start importing Assets/Toon Deserted Temples/Models/TFD_Particle_Quad_04C.fbx using Guid(24980a12e004b0f47b14461020ddf22d) Importer(2089858483,192608db42251d675da83286b1cce702) (ScriptedImporter) -> (artifact id: '3aca9a79aabdec671ce0b3e8eda65108') in 0.0707556 seconds
Number of updated asset objects reloaded before import = 0Number of asset objects unloaded after import = 8

========================================================================
Received Import Request.
  Time since last request: 0.000077 seconds.
  path: Assets/Toon Deserted Temples/Models/TFD_Candle_12A.fbx
  artifactKey: Guid(41c677901281869428499b99fe4c9ed6) Importer(2089858483,192608db42251d675da83286b1cce702)
Start importing Assets/Toon Deserted Temples/Models/TFD_Candle_12A.fbx using Guid(41c677901281869428499b99fe4c9ed6) Importer(2089858483,192608db42251d675da83286b1cce702) (ScriptedImporter) -> (artifact id: '5fbe082ccc1d4ecfa212d4cd91dbe67f') in 0.0477151 seconds
Number of updated asset objects reloaded before import = 0Number of asset objects unloaded after import = 20

========================================================================
Received Import Request.
  Time since last request: 0.000049 seconds.
  path: Assets/Toon Deserted Temples/Models/TFD_Papyrus_02A.fbx
  artifactKey: Guid(10b4e2052d8da7146b0832f836ec7957) Importer(2089858483,192608db42251d675da83286b1cce702)
Start importing Assets/Toon Deserted Temples/Models/TFD_Papyrus_02A.fbx using Guid(10b4e2052d8da7146b0832f836ec7957) Importer(2089858483,192608db42251d675da83286b1cce702) (ScriptedImporter) -> (artifact id: '3bbed4e91e7188c3507de0213b9d3751') in 0.0460711 seconds
Number of updated asset objects reloaded before import = 0Number of asset objects unloaded after import = 8

========================================================================
Received Import Request.
  Time since last request: 0.000030 seconds.
  path: Assets/Toon Deserted Temples/Models/TFD_Wax_Drip_07B.fbx
  artifactKey: Guid(792337536c115034f8cef27596135f36) Importer(2089858483,192608db42251d675da83286b1cce702)
Start importing Assets/Toon Deserted Temples/Models/TFD_Wax_Drip_07B.fbx using Guid(792337536c115034f8cef27596135f36) Importer(2089858483,192608db42251d675da83286b1cce702) (ScriptedImporter) -> (artifact id: 'e713c21c89476768df5f28aaad948b07') in 0.0507902 seconds
Number of updated asset objects reloaded before import = 0Number of asset objects unloaded after import = 20

========================================================================
Received Import Request.
  Time since last request: 0.000048 seconds.
  path: Assets/Toon Deserted Temples/Models/TFD_Candle_08C.fbx
  artifactKey: Guid(0168074ba6090974c994c7b4011580bb) Importer(2089858483,192608db42251d675da83286b1cce702)
Start importing Assets/Toon Deserted Temples/Models/TFD_Candle_08C.fbx using Guid(0168074ba6090974c994c7b4011580bb) Importer(2089858483,192608db42251d675da83286b1cce702) (ScriptedImporter) -> (artifact id: '4f69bc07547d623ca65be80f143c589d') in 0.0636423 seconds
Number of updated asset objects reloaded before import = 0Number of asset objects unloaded after import = 20

========================================================================
Received Import Request.
  Time since last request: 0.000030 seconds.
  path: Assets/Toon Deserted Temples/Models/Materials/TFD_Atlas_Vegetation_1A.mat
  artifactKey: Guid(8100ff974eb5f2d4f87e2ed2386d0d6a) Importer(2089858483,192608db42251d675da83286b1cce702)
Start importing Assets/Toon Deserted Temples/Models/Materials/TFD_Atlas_Vegetation_1A.mat using Guid(8100ff974eb5f2d4f87e2ed2386d0d6a) Importer(2089858483,192608db42251d675da83286b1cce702) (ScriptedImporter) -> (artifact id: '24c567511ebb2845efe82cfcb3f82cef') in 0.7404027 seconds
Number of updated asset objects reloaded before import = 0Number of asset objects unloaded after import = 5

========================================================================
Received Import Request.
  Time since last request: 0.000047 seconds.
  path: Assets/Toon Deserted Temples/Prefabs/Water Props/TFD_Water_Ripple_01A.prefab
  artifactKey: Guid(fb136d8b4ab9aaa4eba2af1a706eaf18) Importer(2089858483,192608db42251d675da83286b1cce702)
Start importing Assets/Toon Deserted Temples/Prefabs/Water Props/TFD_Water_Ripple_01A.prefab using Guid(fb136d8b4ab9aaa4eba2af1a706eaf18) Importer(2089858483,192608db42251d675da83286b1cce702) (ScriptedImporter) -> (artifact id: '8a5f3bb6dec1a08328841925f123a8bc') in 0.1588585 seconds
Number of updated asset objects reloaded before import = 0Number of asset objects unloaded after import = 8

========================================================================
Received Import Request.
  Time since last request: 0.000051 seconds.
  path: Assets/Toon Deserted Temples/Models/TFD_Beam_06A.fbx
  artifactKey: Guid(0a3e06735df0ef146a68b4a49cd7a5a7) Importer(2089858483,192608db42251d675da83286b1cce702)
Start importing Assets/Toon Deserted Temples/Models/TFD_Beam_06A.fbx using Guid(0a3e06735df0ef146a68b4a49cd7a5a7) Importer(2089858483,192608db42251d675da83286b1cce702) (ScriptedImporter) -> (artifact id: 'c17b91d76b9c827ff94792e5b3232c87') in 0.0551534 seconds
Number of updated asset objects reloaded before import = 0Number of asset objects unloaded after import = 30

========================================================================
Received Import Request.
  Time since last request: 0.000032 seconds.
  path: Assets/Toon Deserted Temples/Prefabs/Candles/TFD_Wax_01C.prefab
  artifactKey: Guid(3108bdcb962636a45a1555bf79b72bed) Importer(2089858483,192608db42251d675da83286b1cce702)
Start importing Assets/Toon Deserted Temples/Prefabs/Candles/TFD_Wax_01C.prefab using Guid(3108bdcb962636a45a1555bf79b72bed) Importer(2089858483,192608db42251d675da83286b1cce702) (ScriptedImporter) -> (artifact id: '996ab16b3ff09c20fdc41a9f8da9a394') in 0.0563616 seconds
Number of updated asset objects reloaded before import = 0Number of asset objects unloaded after import = 15

========================================================================
Received Import Request.
  Time since last request: 0.000043 seconds.
  path: Assets/Toon Deserted Temples/Prefabs/Props/TFD_Rope_04A.prefab
  artifactKey: Guid(9fb36c61a96bf294182b5342568e8bb1) Importer(2089858483,192608db42251d675da83286b1cce702)
Start importing Assets/Toon Deserted Temples/Prefabs/Props/TFD_Rope_04A.prefab using Guid(9fb36c61a96bf294182b5342568e8bb1) Importer(2089858483,192608db42251d675da83286b1cce702) (ScriptedImporter) -> (artifact id: 'deedeb92afbe848ebd3854567eb95253') in 0.0843005 seconds
Number of updated asset objects reloaded before import = 0Number of asset objects unloaded after import = 10

========================================================================
Received Import Request.
  Time since last request: 0.000044 seconds.
  path: Assets/Toon Deserted Temples/Prefabs/Buildings/Building Kit/TFD_Sarcophagus_Lid_01A.prefab
  artifactKey: Guid(c3439fd8bb3a9ba48824eaca07b6e80b) Importer(2089858483,192608db42251d675da83286b1cce702)
Start importing Assets/Toon Deserted Temples/Prefabs/Buildings/Building Kit/TFD_Sarcophagus_Lid_01A.prefab using Guid(c3439fd8bb3a9ba48824eaca07b6e80b) Importer(2089858483,192608db42251d675da83286b1cce702) (ScriptedImporter) -> (artifact id: '1f6210447f30a608aa4f9939f0b15b2c') in 0.0640855 seconds
Number of updated asset objects reloaded before import = 0Number of asset objects unloaded after import = 30

========================================================================
Received Import Request.
  Time since last request: 0.000048 seconds.
  path: Assets/Toon Deserted Temples/Models/TFD_Wall_06A.fbx
  artifactKey: Guid(c9ecf9c01580b734e9ff5d4b7d47ef6a) Importer(2089858483,192608db42251d675da83286b1cce702)
Start importing Assets/Toon Deserted Temples/Models/TFD_Wall_06A.fbx using Guid(c9ecf9c01580b734e9ff5d4b7d47ef6a) Importer(2089858483,192608db42251d675da83286b1cce702) (ScriptedImporter) -> (artifact id: '7d2bb1e52a9a4e62506ffb139adfc504') in 0.0456072 seconds
Number of updated asset objects reloaded before import = 0Number of asset objects unloaded after import = 25

========================================================================
Received Import Request.
  Time since last request: 0.000038 seconds.
  path: Assets/Toon Deserted Temples/Models/TFD_Gate_01A_Module_04.fbx
  artifactKey: Guid(17ab407a12982ee40b922630ee7a8fdd) Importer(2089858483,192608db42251d675da83286b1cce702)
Start importing Assets/Toon Deserted Temples/Models/TFD_Gate_01A_Module_04.fbx using Guid(17ab407a12982ee40b922630ee7a8fdd) Importer(2089858483,192608db42251d675da83286b1cce702) (ScriptedImporter) -> (artifact id: 'b12b0737e90e6d00fa27168603bf86d0') in 0.1055615 seconds
Number of updated asset objects reloaded before import = 0Number of asset objects unloaded after import = 25

========================================================================
Received Import Request.
  Time since last request: 0.000042 seconds.
  path: Assets/Toon Deserted Temples/Animations/TFD_Candle_05B_Idle1.anim
  artifactKey: Guid(e469f9005eafaa04082a1b05c720ee39) Importer(2089858483,192608db42251d675da83286b1cce702)
Start importing Assets/Toon Deserted Temples/Animations/TFD_Candle_05B_Idle1.anim using Guid(e469f9005eafaa04082a1b05c720ee39) Importer(2089858483,192608db42251d675da83286b1cce702) (ScriptedImporter) -> (artifact id: '63f7b96007db6b6e06dcb0a8f5be181d') in 0.0402741 seconds
Number of updated asset objects reloaded before import = 0Number of asset objects unloaded after import = 1

========================================================================
Received Import Request.
  Time since last request: 0.000041 seconds.
  path: Assets/Toon Deserted Temples/Prefabs/Pottery/TFD_Urn_Interactable_06A.prefab
  artifactKey: Guid(e2e703e931edb074eaa928194bb78268) Importer(2089858483,192608db42251d675da83286b1cce702)
Start importing Assets/Toon Deserted Temples/Prefabs/Pottery/TFD_Urn_Interactable_06A.prefab using Guid(e2e703e931edb074eaa928194bb78268) Importer(2089858483,192608db42251d675da83286b1cce702) (ScriptedImporter) -> (artifact id: 'b83bce40427642f66d79be9c50d45a07') in 0.0865473 seconds
Number of updated asset objects reloaded before import = 0Number of asset objects unloaded after import = 60

========================================================================
Received Import Request.
  Time since last request: 0.000036 seconds.
  path: Assets/Toon Deserted Temples/Models/TFD_Vine_Dry_01A.fbx
  artifactKey: Guid(aec30fe5a27309c46b34d634508eef22) Importer(2089858483,192608db42251d675da83286b1cce702)
Start importing Assets/Toon Deserted Temples/Models/TFD_Vine_Dry_01A.fbx using Guid(aec30fe5a27309c46b34d634508eef22) Importer(2089858483,192608db42251d675da83286b1cce702) (ScriptedImporter) -> (artifact id: 'f882a6b891c55d25bc4d3aecbe9a551f') in 0.0728657 seconds
Number of updated asset objects reloaded before import = 0Number of asset objects unloaded after import = 25

========================================================================
Received Import Request.
  Time since last request: 0.000063 seconds.
  path: Assets/Toon Deserted Temples/Models/TFD_Rock_Large_04A.fbx
  artifactKey: Guid(402a071fa22a31241a67eb704d1da05c) Importer(2089858483,192608db42251d675da83286b1cce702)
Start importing Assets/Toon Deserted Temples/Models/TFD_Rock_Large_04A.fbx using Guid(402a071fa22a31241a67eb704d1da05c) Importer(2089858483,192608db42251d675da83286b1cce702) (ScriptedImporter) -> (artifact id: 'f3be7d3248cf1a08db05e5f895085a28') in 0.1175542 seconds
Number of updated asset objects reloaded before import = 0Number of asset objects unloaded after import = 30

========================================================================
Received Import Request.
  Time since last request: 0.000030 seconds.
  path: Assets/Toon Deserted Temples/Models/TFD_Urn_Broken_08A.fbx
  artifactKey: Guid(f0399c0996ff97b4b8703ce2621f3e60) Importer(2089858483,192608db42251d675da83286b1cce702)
Start importing Assets/Toon Deserted Temples/Models/TFD_Urn_Broken_08A.fbx using Guid(f0399c0996ff97b4b8703ce2621f3e60) Importer(2089858483,192608db42251d675da83286b1cce702) (ScriptedImporter) -> (artifact id: '342284a9f93683c3d7c0de894232b27a') in 0.0628674 seconds
Number of updated asset objects reloaded before import = 0Number of asset objects unloaded after import = 8

========================================================================
Received Import Request.
  Time since last request: 0.000054 seconds.
  path: Assets/Toon Deserted Temples/Models/TFD_Stairs_02A.fbx
  artifactKey: Guid(46e763797f29ce4439fa46809d3b5bf0) Importer(2089858483,192608db42251d675da83286b1cce702)
Start importing Assets/Toon Deserted Temples/Models/TFD_Stairs_02A.fbx using Guid(46e763797f29ce4439fa46809d3b5bf0) Importer(2089858483,192608db42251d675da83286b1cce702) (ScriptedImporter) -> (artifact id: 'f8bf9209d8e9b4a23b1486ca30f17f1d') in 0.0757484 seconds
Number of updated asset objects reloaded before import = 0Number of asset objects unloaded after import = 32

========================================================================
Received Import Request.
  Time since last request: 0.000493 seconds.
  path: Assets/Toon Deserted Temples/Particles/TFD_Blowing_Petals_01A.prefab
  artifactKey: Guid(14e4f500ac8e6134aa54728584c0e5db) Importer(2089858483,192608db42251d675da83286b1cce702)
Start importing Assets/Toon Deserted Temples/Particles/TFD_Blowing_Petals_01A.prefab using Guid(14e4f500ac8e6134aa54728584c0e5db) Importer(2089858483,192608db42251d675da83286b1cce702) (ScriptedImporter) -> (artifact id: '8b3645f4e8c1f01f718f60b116efa98a') in 0.1559247 seconds
Number of updated asset objects reloaded before import = 0Number of asset objects unloaded after import = 11

========================================================================
Received Import Request.
  Time since last request: 0.000039 seconds.
  path: Assets/Toon Deserted Temples/Prefabs/Buildings/Building Kit/TFD_Beam_14A.prefab
  artifactKey: Guid(39e8dfe16ebcaee4a813a1bcf667ed0b) Importer(2089858483,192608db42251d675da83286b1cce702)
Start importing Assets/Toon Deserted Temples/Prefabs/Buildings/Building Kit/TFD_Beam_14A.prefab using Guid(39e8dfe16ebcaee4a813a1bcf667ed0b) Importer(2089858483,192608db42251d675da83286b1cce702) (ScriptedImporter) -> (artifact id: '6c6db0d68fbf6321df514f9a340a8fe9') in 0.078029 seconds
Number of updated asset objects reloaded before import = 0Number of asset objects unloaded after import = 26

========================================================================
Received Import Request.
  Time since last request: 0.000103 seconds.
  path: Assets/Toon Deserted Temples/Prefabs/Props/TFD_Cloth_01C.prefab
  artifactKey: Guid(e97bb782a8ff0924e9c4ce79c018e3ec) Importer(2089858483,192608db42251d675da83286b1cce702)
Start importing Assets/Toon Deserted Temples/Prefabs/Props/TFD_Cloth_01C.prefab using Guid(e97bb782a8ff0924e9c4ce79c018e3ec) Importer(2089858483,192608db42251d675da83286b1cce702) (ScriptedImporter) -> (artifact id: '118c6382a2804bca52120961754f3ea0') in 0.0669205 seconds
Number of updated asset objects reloaded before import = 0Number of asset objects unloaded after import = 20

========================================================================
Received Import Request.
  Time since last request: 0.000026 seconds.
  path: Assets/Toon Deserted Temples/Animations/TFD_Candle_10A_Idle3.anim
  artifactKey: Guid(30d44752b407f694db8e938bf9e24f4e) Importer(2089858483,192608db42251d675da83286b1cce702)
Start importing Assets/Toon Deserted Temples/Animations/TFD_Candle_10A_Idle3.anim using Guid(30d44752b407f694db8e938bf9e24f4e) Importer(2089858483,192608db42251d675da83286b1cce702) (ScriptedImporter) -> (artifact id: 'da37410c087472ef209b2b32eb968d6e') in 0.0289825 seconds
Number of updated asset objects reloaded before import = 0Number of asset objects unloaded after import = 1

========================================================================
Received Import Request.
  Time since last request: 0.000037 seconds.
  path: Assets/Toon Deserted Temples/Scenes/Dioramas_1_Night.unity
  artifactKey: Guid(e050b2b4291af3e49a279e0b7aa7dfaf) Importer(2089858483,192608db42251d675da83286b1cce702)
Start importing Assets/Toon Deserted Temples/Scenes/Dioramas_1_Night.unity using Guid(e050b2b4291af3e49a279e0b7aa7dfaf) Importer(2089858483,192608db42251d675da83286b1cce702) (ScriptedImporter) -> (artifact id: 'f74935a544f7bf0ff7410650373eb1bb') in 0.3198772 seconds
Number of updated asset objects reloaded before import = 0Number of asset objects unloaded after import = 1

========================================================================
Received Import Request.
  Time since last request: 0.000053 seconds.
  path: Assets/Toon Deserted Temples/Models/TFD_Bowl_03B.fbx
  artifactKey: Guid(85bee09d78be5d64fb6b4423d5e48208) Importer(2089858483,192608db42251d675da83286b1cce702)
Start importing Assets/Toon Deserted Temples/Models/TFD_Bowl_03B.fbx using Guid(85bee09d78be5d64fb6b4423d5e48208) Importer(2089858483,192608db42251d675da83286b1cce702) (ScriptedImporter) -> (artifact id: '84660ce4fd02f75365d1a7a1e7ade4b8') in 0.0600796 seconds
Number of updated asset objects reloaded before import = 0Number of asset objects unloaded after import = 20

========================================================================
Received Import Request.
  Time since last request: 0.000024 seconds.
  path: Assets/Toon Deserted Temples/Animations/TFD_Candle_05B_Idle3.anim
  artifactKey: Guid(c77b1db60703f2b4cad6c4deecaacfae) Importer(2089858483,192608db42251d675da83286b1cce702)
Start importing Assets/Toon Deserted Temples/Animations/TFD_Candle_05B_Idle3.anim using Guid(c77b1db60703f2b4cad6c4deecaacfae) Importer(2089858483,192608db42251d675da83286b1cce702) (ScriptedImporter) -> (artifact id: '73090e15bb41cb8f520b7938b5f212e6') in 0.0240951 seconds
Number of updated asset objects reloaded before import = 0Number of asset objects unloaded after import = 1

========================================================================
Received Import Request.
  Time since last request: 0.000034 seconds.
  path: Assets/Toon Deserted Temples/Models/TFD_Candle_01A.fbx
  artifactKey: Guid(c9de8ecb232b3684abf4c28c0f973cb8) Importer(2089858483,192608db42251d675da83286b1cce702)
Start importing Assets/Toon Deserted Temples/Models/TFD_Candle_01A.fbx using Guid(c9de8ecb232b3684abf4c28c0f973cb8) Importer(2089858483,192608db42251d675da83286b1cce702) (ScriptedImporter) -> (artifact id: '2a352cfbc8f4aff58d72cb12a547c666') in 0.0419039 seconds
Number of updated asset objects reloaded before import = 0Number of asset objects unloaded after import = 20

========================================================================
Received Import Request.
  Time since last request: 0.000042 seconds.
  path: Assets/Toon Deserted Temples/Prefabs/Candles/TFD_Wax_Drip_07A.prefab
  artifactKey: Guid(eca7faf36328855429a1b3a6da90a8df) Importer(2089858483,192608db42251d675da83286b1cce702)
Start importing Assets/Toon Deserted Temples/Prefabs/Candles/TFD_Wax_Drip_07A.prefab using Guid(eca7faf36328855429a1b3a6da90a8df) Importer(2089858483,192608db42251d675da83286b1cce702) (ScriptedImporter) -> (artifact id: 'd27438320085a4640ead681d2a3f88ce') in 0.0639155 seconds
Number of updated asset objects reloaded before import = 0Number of asset objects unloaded after import = 20

========================================================================
Received Import Request.
  Time since last request: 0.000050 seconds.
  path: Assets/Toon Deserted Temples/Prefabs/Candles/TFD_Candle_01A.prefab
  artifactKey: Guid(229002e1dd146304b8ad2b02b3b12b29) Importer(2089858483,192608db42251d675da83286b1cce702)
Start importing Assets/Toon Deserted Temples/Prefabs/Candles/TFD_Candle_01A.prefab using Guid(229002e1dd146304b8ad2b02b3b12b29) Importer(2089858483,192608db42251d675da83286b1cce702) (ScriptedImporter) -> (artifact id: '0b93af8dde49d6e957543d6972d603cb') in 0.0872538 seconds
Number of updated asset objects reloaded before import = 0Number of asset objects unloaded after import = 28

========================================================================
Received Import Request.
  Time since last request: 0.000031 seconds.
  path: Assets/Toon Deserted Temples/Animations/TFD_Candle_07B_Idle2.controller
  artifactKey: Guid(7b183888c4292444bac060d6f0f62067) Importer(2089858483,192608db42251d675da83286b1cce702)
Start importing Assets/Toon Deserted Temples/Animations/TFD_Candle_07B_Idle2.controller using Guid(7b183888c4292444bac060d6f0f62067) Importer(2089858483,192608db42251d675da83286b1cce702) (ScriptedImporter) -> (artifact id: '265270be914be26ef5acdbd039c1a71c') in 0.0352181 seconds
Number of updated asset objects reloaded before import = 0Number of asset objects unloaded after import = 6

========================================================================
Received Import Request.
  Time since last request: 0.000034 seconds.
  path: Assets/Toon Deserted Temples/Prefabs/Props/TFD_Cloth_06A.prefab
  artifactKey: Guid(5dfd27ddc02687a46ad2dcf03075db22) Importer(2089858483,192608db42251d675da83286b1cce702)
Start importing Assets/Toon Deserted Temples/Prefabs/Props/TFD_Cloth_06A.prefab using Guid(5dfd27ddc02687a46ad2dcf03075db22) Importer(2089858483,192608db42251d675da83286b1cce702) (ScriptedImporter) -> (artifact id: 'b4d0e35a4067dba404753da163dd6b40') in 0.0848065 seconds
Number of updated asset objects reloaded before import = 0Number of asset objects unloaded after import = 20

========================================================================
Received Import Request.
  Time since last request: 0.000038 seconds.
  path: Assets/Toon Deserted Temples/Prefabs/Vegetation/Plants/TFD_Bush_01A.prefab
  artifactKey: Guid(0dd08da4568904848b34470e8440d90b) Importer(2089858483,192608db42251d675da83286b1cce702)
Start importing Assets/Toon Deserted Temples/Prefabs/Vegetation/Plants/TFD_Bush_01A.prefab using Guid(0dd08da4568904848b34470e8440d90b) Importer(2089858483,192608db42251d675da83286b1cce702) (ScriptedImporter) -> (artifact id: 'a4cf23a9b570eb760245d22829ecf871') in 0.0749739 seconds
Number of updated asset objects reloaded before import = 0Number of asset objects unloaded after import = 25

========================================================================
Received Import Request.
  Time since last request: 0.000041 seconds.
  path: Assets/Toon Deserted Temples/Prefabs/Rocks/TFD_Rock_Large_13A.prefab
  artifactKey: Guid(37a31e0c7fbe3524c8aaea315f2dcceb) Importer(2089858483,192608db42251d675da83286b1cce702)
Start importing Assets/Toon Deserted Temples/Prefabs/Rocks/TFD_Rock_Large_13A.prefab using Guid(37a31e0c7fbe3524c8aaea315f2dcceb) Importer(2089858483,192608db42251d675da83286b1cce702) (ScriptedImporter) -> (artifact id: '16a091d4b38ef3b712b53c40109ac575') in 0.073278 seconds
Number of updated asset objects reloaded before import = 0Number of asset objects unloaded after import = 28

========================================================================
Received Import Request.
  Time since last request: 0.000047 seconds.
  path: Assets/Toon Deserted Temples/Prefabs/Candles/TFD_Wax_01A.prefab
  artifactKey: Guid(9228c171e92d66c469338163a7202cd4) Importer(2089858483,192608db42251d675da83286b1cce702)
Start importing Assets/Toon Deserted Temples/Prefabs/Candles/TFD_Wax_01A.prefab using Guid(9228c171e92d66c469338163a7202cd4) Importer(2089858483,192608db42251d675da83286b1cce702) (ScriptedImporter) -> (artifact id: 'a9f9107c2e6ad964d9a2464fa181cd98') in 0.062055 seconds
Number of updated asset objects reloaded before import = 0Number of asset objects unloaded after import = 15

========================================================================
Received Import Request.
  Time since last request: 0.000045 seconds.
  path: Assets/Toon Deserted Temples/Models/TFD_Rune_Sides_14A.fbx
  artifactKey: Guid(3684d9d85b0e38e429aa437644dffa28) Importer(2089858483,192608db42251d675da83286b1cce702)
Start importing Assets/Toon Deserted Temples/Models/TFD_Rune_Sides_14A.fbx using Guid(3684d9d85b0e38e429aa437644dffa28) Importer(2089858483,192608db42251d675da83286b1cce702) (ScriptedImporter) -> (artifact id: '839f65fe7e958a58efaf50ddde0acd99') in 0.0585003 seconds
Number of updated asset objects reloaded before import = 0Number of asset objects unloaded after import = 27

========================================================================
Received Import Request.
  Time since last request: 0.000058 seconds.
  path: Assets/Toon Deserted Temples/Prefabs/Buildings/Building Kit/TFD_Beam_05A.prefab
  artifactKey: Guid(2801a5652b820464d85a33e5158aa118) Importer(2089858483,192608db42251d675da83286b1cce702)
Start importing Assets/Toon Deserted Temples/Prefabs/Buildings/Building Kit/TFD_Beam_05A.prefab using Guid(2801a5652b820464d85a33e5158aa118) Importer(2089858483,192608db42251d675da83286b1cce702) (ScriptedImporter) -> (artifact id: '6b5ede57c2394e67327780551a8155f4') in 0.0630631 seconds
Number of updated asset objects reloaded before import = 0Number of asset objects unloaded after import = 26

========================================================================
Received Import Request.
  Time since last request: 0.000070 seconds.
  path: Assets/Toon Deserted Temples/Prefabs/Candles/TFD_Wax_Drip_03B.prefab
  artifactKey: Guid(afb16aa802e98d04ea5d043d3df53ff5) Importer(2089858483,192608db42251d675da83286b1cce702)
Start importing Assets/Toon Deserted Temples/Prefabs/Candles/TFD_Wax_Drip_03B.prefab using Guid(afb16aa802e98d04ea5d043d3df53ff5) Importer(2089858483,192608db42251d675da83286b1cce702) (ScriptedImporter) -> (artifact id: '63c05f4e27eaa8d99dc9ab91371efa8c') in 0.0826071 seconds
Number of updated asset objects reloaded before import = 0Number of asset objects unloaded after import = 20

========================================================================
Received Import Request.
  Time since last request: 0.000062 seconds.
  path: Assets/Toon Deserted Temples/Prefabs/Props/TFD_Box_01A.prefab
  artifactKey: Guid(8e919145595ae5643bf7070db3b700c2) Importer(2089858483,192608db42251d675da83286b1cce702)
Start importing Assets/Toon Deserted Temples/Prefabs/Props/TFD_Box_01A.prefab using Guid(8e919145595ae5643bf7070db3b700c2) Importer(2089858483,192608db42251d675da83286b1cce702) (ScriptedImporter) -> (artifact id: '6c37ceb4592a9b0b876278021331d768') in 0.0686744 seconds
Number of updated asset objects reloaded before import = 0Number of asset objects unloaded after import = 16

========================================================================
Received Import Request.
  Time since last request: 0.000037 seconds.
  path: Assets/Toon Deserted Temples/Models/TFD_Waterfall_01A_Base.fbx
  artifactKey: Guid(db83121f31c117a4287cc37cbeceea7b) Importer(2089858483,192608db42251d675da83286b1cce702)
Start importing Assets/Toon Deserted Temples/Models/TFD_Waterfall_01A_Base.fbx using Guid(db83121f31c117a4287cc37cbeceea7b) Importer(2089858483,192608db42251d675da83286b1cce702) (ScriptedImporter) -> (artifact id: 'c4ac13997e7bcfc0dea3cd5bbc3215c7') in 0.05004 seconds
Number of updated asset objects reloaded before import = 0Number of asset objects unloaded after import = 8

========================================================================
Received Import Request.
  Time since last request: 0.000315 seconds.
  path: Assets/Toon Deserted Temples/Scenes/Demo_Scene_Oasis_Night.unity
  artifactKey: Guid(54c4886f22e278148a78fd012863c089) Importer(2089858483,192608db42251d675da83286b1cce702)
Start importing Assets/Toon Deserted Temples/Scenes/Demo_Scene_Oasis_Night.unity using Guid(54c4886f22e278148a78fd012863c089) Importer(2089858483,192608db42251d675da83286b1cce702) (ScriptedImporter) -> (artifact id: '43caecf78d3b0ee7ff76012a26744544') in 4.4878864 seconds
Number of updated asset objects reloaded before import = 0Number of asset objects unloaded after import = 1

========================================================================
Received Import Request.
  Time since last request: 0.000056 seconds.
  path: Assets/Toon Deserted Temples/Animations/TFD_Candle_03A_Idle3.controller
  artifactKey: Guid(cdda04e6984831c47a41ab1617c66676) Importer(2089858483,192608db42251d675da83286b1cce702)
Start importing Assets/Toon Deserted Temples/Animations/TFD_Candle_03A_Idle3.controller using Guid(cdda04e6984831c47a41ab1617c66676) Importer(2089858483,192608db42251d675da83286b1cce702) (ScriptedImporter) -> (artifact id: '6b906f9e416f6929e7ab6f9a0a2a90f4') in 0.0847419 seconds
Number of updated asset objects reloaded before import = 0Number of asset objects unloaded after import = 8

========================================================================
Received Import Request.
  Time since last request: 0.000062 seconds.
  path: Assets/Toon Deserted Temples/Animations/TFD_Candle_02C_Idle2.anim
  artifactKey: Guid(ef31e51dccfdc7b4cb47009b8ca839c8) Importer(2089858483,192608db42251d675da83286b1cce702)
Start importing Assets/Toon Deserted Temples/Animations/TFD_Candle_02C_Idle2.anim using Guid(ef31e51dccfdc7b4cb47009b8ca839c8) Importer(2089858483,192608db42251d675da83286b1cce702) (ScriptedImporter) -> (artifact id: '5eb3fdffa91d6dce47732bd633ce5ffe') in 0.1354132 seconds
Number of updated asset objects reloaded before import = 0Number of asset objects unloaded after import = 1

========================================================================
Received Import Request.
  Time since last request: 0.000044 seconds.
  path: Assets/Toon Deserted Temples/Prefabs/Buildings/Building Kit/TFD_Building_Block_01A.prefab
  artifactKey: Guid(f657f42a20c60154fb5cea4a0bda55d4) Importer(2089858483,192608db42251d675da83286b1cce702)
Start importing Assets/Toon Deserted Temples/Prefabs/Buildings/Building Kit/TFD_Building_Block_01A.prefab using Guid(f657f42a20c60154fb5cea4a0bda55d4) Importer(2089858483,192608db42251d675da83286b1cce702) (ScriptedImporter) -> (artifact id: '213140f4597853bcae8ec0104e89ab29') in 0.0612766 seconds
Number of updated asset objects reloaded before import = 0Number of asset objects unloaded after import = 26

========================================================================
Received Import Request.
  Time since last request: 0.000059 seconds.
  path: Assets/Toon Deserted Temples/Prefabs/Props/TFD_Papyrus_04A.prefab
  artifactKey: Guid(3366b9da72c2fbb40bbbc8e72cfeb863) Importer(2089858483,192608db42251d675da83286b1cce702)
Start importing Assets/Toon Deserted Temples/Prefabs/Props/TFD_Papyrus_04A.prefab using Guid(3366b9da72c2fbb40bbbc8e72cfeb863) Importer(2089858483,192608db42251d675da83286b1cce702) (ScriptedImporter) -> (artifact id: 'efb0b1fc6a652e05ceaa2bfbdb7cc7d4') in 0.09104 seconds
Number of updated asset objects reloaded before import = 0Number of asset objects unloaded after import = 8

========================================================================
Received Import Request.
  Time since last request: 0.000051 seconds.
  path: Assets/Toon Deserted Temples/Models/TFD_Candle_01C.fbx
  artifactKey: Guid(2f6855c6d27b5bb4d8ef0d2e7cd1d88c) Importer(2089858483,192608db42251d675da83286b1cce702)
Start importing Assets/Toon Deserted Temples/Models/TFD_Candle_01C.fbx using Guid(2f6855c6d27b5bb4d8ef0d2e7cd1d88c) Importer(2089858483,192608db42251d675da83286b1cce702) (ScriptedImporter) -> (artifact id: '2be63138fd0c9f797251be3d7e4214bf') in 0.0661337 seconds
Number of updated asset objects reloaded before import = 0Number of asset objects unloaded after import = 20

========================================================================
Received Import Request.
  Time since last request: 0.000040 seconds.
  path: Assets/Toon Deserted Temples/Models/TFD_Pavement_07A.fbx
  artifactKey: Guid(62631f13397dd9d44b3329576fd81422) Importer(2089858483,192608db42251d675da83286b1cce702)
Start importing Assets/Toon Deserted Temples/Models/TFD_Pavement_07A.fbx using Guid(62631f13397dd9d44b3329576fd81422) Importer(2089858483,192608db42251d675da83286b1cce702) (ScriptedImporter) -> (artifact id: 'd01d89762371d2899ba18704f8af3294') in 0.0821734 seconds
Number of updated asset objects reloaded before import = 0Number of asset objects unloaded after import = 25

========================================================================
Received Import Request.
  Time since last request: 0.000057 seconds.
  path: Assets/Toon Deserted Temples/Animations/TFD_Candle_12A_Idle3.anim
  artifactKey: Guid(6995f31e3a751b54dbb4e81de441bdf9) Importer(2089858483,192608db42251d675da83286b1cce702)
Start importing Assets/Toon Deserted Temples/Animations/TFD_Candle_12A_Idle3.anim using Guid(6995f31e3a751b54dbb4e81de441bdf9) Importer(2089858483,192608db42251d675da83286b1cce702) (ScriptedImporter) -> (artifact id: '90d03b207b0c45c11c5c5330a3cc10f5') in 0.0276056 seconds
Number of updated asset objects reloaded before import = 0Number of asset objects unloaded after import = 1

========================================================================
Received Import Request.
  Time since last request: 0.000029 seconds.
  path: Assets/Toon Deserted Temples/Prefabs/Pottery/TFD_Urn_Interactable_05A.prefab
  artifactKey: Guid(b3eab5a3c5d077b46b52aa4b6af71ba8) Importer(2089858483,192608db42251d675da83286b1cce702)
Start importing Assets/Toon Deserted Temples/Prefabs/Pottery/TFD_Urn_Interactable_05A.prefab using Guid(b3eab5a3c5d077b46b52aa4b6af71ba8) Importer(2089858483,192608db42251d675da83286b1cce702) (ScriptedImporter) -> (artifact id: 'd42253693c51b60a3cfbb5f0e328e431') in 0.0549293 seconds
Number of updated asset objects reloaded before import = 0Number of asset objects unloaded after import = 46

========================================================================
Received Import Request.
  Time since last request: 0.000048 seconds.
  path: Assets/Toon Deserted Temples/Models/TFD_Gate_01A_Module_06.fbx
  artifactKey: Guid(a4f9dab7316c5574db66263203ba4b29) Importer(2089858483,192608db42251d675da83286b1cce702)
Start importing Assets/Toon Deserted Temples/Models/TFD_Gate_01A_Module_06.fbx using Guid(a4f9dab7316c5574db66263203ba4b29) Importer(2089858483,192608db42251d675da83286b1cce702) (ScriptedImporter) -> (artifact id: 'f978f6f18f09a3813a34d73aa670d7ba') in 0.0805056 seconds
Number of updated asset objects reloaded before import = 0Number of asset objects unloaded after import = 25

========================================================================
Received Import Request.
  Time since last request: 0.000045 seconds.
  path: Assets/Toon Deserted Temples/Models/TFD_Plant_03A.fbx
  artifactKey: Guid(dbf151d7294bcf845936cbf2b3e7aa87) Importer(2089858483,192608db42251d675da83286b1cce702)
Start importing Assets/Toon Deserted Temples/Models/TFD_Plant_03A.fbx using Guid(dbf151d7294bcf845936cbf2b3e7aa87) Importer(2089858483,192608db42251d675da83286b1cce702) (ScriptedImporter) -> (artifact id: 'f16369ae6afca66bdc7c7fea3ffc973b') in 0.056582 seconds
Number of updated asset objects reloaded before import = 0Number of asset objects unloaded after import = 25

========================================================================
Received Import Request.
  Time since last request: 0.000029 seconds.
  path: Assets/Toon Deserted Temples/Prefabs/Pottery/TFD_Bowl_02A.prefab
  artifactKey: Guid(ef586da3b39fc7a42b34e7e79395303c) Importer(2089858483,192608db42251d675da83286b1cce702)
Start importing Assets/Toon Deserted Temples/Prefabs/Pottery/TFD_Bowl_02A.prefab using Guid(ef586da3b39fc7a42b34e7e79395303c) Importer(2089858483,192608db42251d675da83286b1cce702) (ScriptedImporter) -> (artifact id: 'a3d04b906511c537a7cd5ff24612f9aa') in 0.089046 seconds
Number of updated asset objects reloaded before import = 0Number of asset objects unloaded after import = 9

========================================================================
Received Import Request.
  Time since last request: 0.000033 seconds.
  path: Assets/Toon Deserted Temples/Animations/TFD_Candle_11C_Idle3.controller
  artifactKey: Guid(fdf09944608f39745b0ecf65bb5d3543) Importer(2089858483,192608db42251d675da83286b1cce702)
Start importing Assets/Toon Deserted Temples/Animations/TFD_Candle_11C_Idle3.controller using Guid(fdf09944608f39745b0ecf65bb5d3543) Importer(2089858483,192608db42251d675da83286b1cce702) (ScriptedImporter) -> (artifact id: 'de83738a2daaa9f5a616b02df9883df0') in 0.0532792 seconds
Number of updated asset objects reloaded before import = 0Number of asset objects unloaded after import = 8

========================================================================
Received Import Request.
  Time since last request: 0.000042 seconds.
  path: Assets/Toon Deserted Temples/Models/TFD_Circular_Stairs_02A_L.fbx
  artifactKey: Guid(217f0d0f9dbc2004fa6ab82fc055bb39) Importer(2089858483,192608db42251d675da83286b1cce702)
Start importing Assets/Toon Deserted Temples/Models/TFD_Circular_Stairs_02A_L.fbx using Guid(217f0d0f9dbc2004fa6ab82fc055bb39) Importer(2089858483,192608db42251d675da83286b1cce702) (ScriptedImporter) -> (artifact id: 'c0f23bbfa42c0e429d41243414d4a2f6') in 0.0850588 seconds
Number of updated asset objects reloaded before import = 0Number of asset objects unloaded after import = 30

========================================================================
Received Import Request.
  Time since last request: 0.000062 seconds.
  path: Assets/Toon Deserted Temples/Models/TFD_Waterfall_03A_Middle_L.fbx
  artifactKey: Guid(cb1f8a1a1d3faa24bb97a7488d87c9e5) Importer(2089858483,192608db42251d675da83286b1cce702)
Start importing Assets/Toon Deserted Temples/Models/TFD_Waterfall_03A_Middle_L.fbx using Guid(cb1f8a1a1d3faa24bb97a7488d87c9e5) Importer(2089858483,192608db42251d675da83286b1cce702) (ScriptedImporter) -> (artifact id: '42b95eb94e87b3062128bb170d232441') in 0.0879138 seconds
Number of updated asset objects reloaded before import = 0Number of asset objects unloaded after import = 9

========================================================================
Received Import Request.
  Time since last request: 0.000042 seconds.
  path: Assets/Toon Deserted Temples/Prefabs/Candles/TFD_Candles_Corner_06B.prefab
  artifactKey: Guid(abe8c5a8351d4d14ba5f11a441f0ab4f) Importer(2089858483,192608db42251d675da83286b1cce702)
Start importing Assets/Toon Deserted Temples/Prefabs/Candles/TFD_Candles_Corner_06B.prefab using Guid(abe8c5a8351d4d14ba5f11a441f0ab4f) Importer(2089858483,192608db42251d675da83286b1cce702) (ScriptedImporter) -> (artifact id: '3c403ee7ac5e01d303d9c91b7082f844') in 0.1931082 seconds
Number of updated asset objects reloaded before import = 0Number of asset objects unloaded after import = 244

========================================================================
Received Import Request.
  Time since last request: 0.000060 seconds.
  path: Assets/Toon Deserted Temples/Prefabs/Skeletons/TFD_Skeleton_04A.prefab
  artifactKey: Guid(c74f6afbe6bb30a44885b24d65efab3a) Importer(2089858483,192608db42251d675da83286b1cce702)
Start importing Assets/Toon Deserted Temples/Prefabs/Skeletons/TFD_Skeleton_04A.prefab using Guid(c74f6afbe6bb30a44885b24d65efab3a) Importer(2089858483,192608db42251d675da83286b1cce702) (ScriptedImporter) -> (artifact id: '0cbdeec5f1e08c1419c6f8eafdcdce4e') in 0.1607675 seconds
Number of updated asset objects reloaded before import = 0Number of asset objects unloaded after import = 17

========================================================================
Received Import Request.
  Time since last request: 0.000041 seconds.
  path: Assets/Toon Deserted Temples/Prefabs/Pottery/TFD_Bowl_02B.prefab
  artifactKey: Guid(7639c639a2a07934c98d397816ebbf32) Importer(2089858483,192608db42251d675da83286b1cce702)
Start importing Assets/Toon Deserted Temples/Prefabs/Pottery/TFD_Bowl_02B.prefab using Guid(7639c639a2a07934c98d397816ebbf32) Importer(2089858483,192608db42251d675da83286b1cce702) (ScriptedImporter) -> (artifact id: '3ee88e72731caee0895ce4914df862bb') in 0.3245056 seconds
Number of updated asset objects reloaded before import = 0Number of asset objects unloaded after import = 9

========================================================================
Received Import Request.
  Time since last request: 0.000219 seconds.
  path: Assets/Toon Deserted Temples/Models/TFD_Pavement_Dust_04A.fbx
  artifactKey: Guid(d877bdabf5e9a3e4bb6da313f2103403) Importer(2089858483,192608db42251d675da83286b1cce702)
Start importing Assets/Toon Deserted Temples/Models/TFD_Pavement_Dust_04A.fbx using Guid(d877bdabf5e9a3e4bb6da313f2103403) Importer(2089858483,192608db42251d675da83286b1cce702) (ScriptedImporter) -> (artifact id: 'db3cdf7256db7b61e60feb5eb6360724') in 0.0873765 seconds
Number of updated asset objects reloaded before import = 0Number of asset objects unloaded after import = 15

========================================================================
Received Import Request.
  Time since last request: 0.000060 seconds.
  path: Assets/Toon Deserted Temples/Prefabs/Buildings/Building Kit/TFD_Corbelled_Roof_02A.prefab
  artifactKey: Guid(57ee6b9df4783304aa5a1584d3db9084) Importer(2089858483,192608db42251d675da83286b1cce702)
Start importing Assets/Toon Deserted Temples/Prefabs/Buildings/Building Kit/TFD_Corbelled_Roof_02A.prefab using Guid(57ee6b9df4783304aa5a1584d3db9084) Importer(2089858483,192608db42251d675da83286b1cce702) (ScriptedImporter) -> (artifact id: 'e5224584eef9872a6059f9410144e52c') in 0.159298 seconds
Number of updated asset objects reloaded before import = 0Number of asset objects unloaded after import = 28

========================================================================
Received Import Request.
  Time since last request: 0.000070 seconds.
  path: Assets/Toon Deserted Temples/Textures/Background/TFD_BG_Salt_Mountain_02_N.png
  artifactKey: Guid(3180217ee7824f74fb90b0105c3ab33a) Importer(2089858483,192608db42251d675da83286b1cce702)
Start importing Assets/Toon Deserted Temples/Textures/Background/TFD_BG_Salt_Mountain_02_N.png using Guid(3180217ee7824f74fb90b0105c3ab33a) Importer(2089858483,192608db42251d675da83286b1cce702) (ScriptedImporter) -> (artifact id: 'ba9a64f28fe3875ace3f4fa114b96e20') in 0.3831715 seconds
Number of updated asset objects reloaded before import = 0Number of asset objects unloaded after import = 1

========================================================================
Received Import Request.
  Time since last request: 0.000170 seconds.
  path: Assets/Toon Deserted Temples/Animations/TFD_Candle_06A_Idle2.controller
  artifactKey: Guid(5bd76843f43f8d546ab19a7d05c43d64) Importer(2089858483,192608db42251d675da83286b1cce702)
Start importing Assets/Toon Deserted Temples/Animations/TFD_Candle_06A_Idle2.controller using Guid(5bd76843f43f8d546ab19a7d05c43d64) Importer(2089858483,192608db42251d675da83286b1cce702) (ScriptedImporter) -> (artifact id: 'a2eefc4e29dea8f7870662d49bb3f617') in 0.055556 seconds
Number of updated asset objects reloaded before import = 0Number of asset objects unloaded after import = 6

========================================================================
Received Import Request.
  Time since last request: 0.000096 seconds.
  path: Assets/Toon Deserted Temples/Prefabs/Water Props/TFD_Waterfall_03A_Base_M.prefab
  artifactKey: Guid(7f68d14db22256143ab83a4cc468d18c) Importer(2089858483,192608db42251d675da83286b1cce702)
Start importing Assets/Toon Deserted Temples/Prefabs/Water Props/TFD_Waterfall_03A_Base_M.prefab using Guid(7f68d14db22256143ab83a4cc468d18c) Importer(2089858483,192608db42251d675da83286b1cce702) (ScriptedImporter) -> (artifact id: '8934ae9fa4a57c2d5cc00f024d7552bb') in 0.0892199 seconds
Number of updated asset objects reloaded before import = 0Number of asset objects unloaded after import = 16

========================================================================
Received Import Request.
  Time since last request: 0.000034 seconds.
  path: Assets/Toon Deserted Temples/Prefabs/Buildings/Building Kit/TFD_Altar_01A.prefab
  artifactKey: Guid(af28523808af91149b9e4cc875cb4c34) Importer(2089858483,192608db42251d675da83286b1cce702)
Start importing Assets/Toon Deserted Temples/Prefabs/Buildings/Building Kit/TFD_Altar_01A.prefab using Guid(af28523808af91149b9e4cc875cb4c34) Importer(2089858483,192608db42251d675da83286b1cce702) (ScriptedImporter) -> (artifact id: '67a2057079b5e22fd78ef7efc1b123b1') in 0.0908254 seconds
Number of updated asset objects reloaded before import = 0Number of asset objects unloaded after import = 21

========================================================================
Received Import Request.
  Time since last request: 0.000106 seconds.
  path: Assets/Toon Deserted Temples/Models/TFD_Waterfall_03A_Top_L.fbx
  artifactKey: Guid(5e1be8285801e454d89a5af0e5bd2196) Importer(2089858483,192608db42251d675da83286b1cce702)
Start importing Assets/Toon Deserted Temples/Models/TFD_Waterfall_03A_Top_L.fbx using Guid(5e1be8285801e454d89a5af0e5bd2196) Importer(2089858483,192608db42251d675da83286b1cce702) (ScriptedImporter) -> (artifact id: 'e565799410c9055ca45ea20e2965f764') in 0.0723249 seconds
Number of updated asset objects reloaded before import = 0Number of asset objects unloaded after import = 9

========================================================================
Received Import Request.
  Time since last request: 0.000054 seconds.
  path: Assets/Toon Deserted Temples/Prefabs/Candles/TFD_Candle_03B.prefab
  artifactKey: Guid(0b1d03e1419cd6c49a69258b866315fd) Importer(2089858483,192608db42251d675da83286b1cce702)
Start importing Assets/Toon Deserted Temples/Prefabs/Candles/TFD_Candle_03B.prefab using Guid(0b1d03e1419cd6c49a69258b866315fd) Importer(2089858483,192608db42251d675da83286b1cce702) (ScriptedImporter) -> (artifact id: '53e1528fe4c35fe0899ebd391e7af29a') in 0.0922392 seconds
Number of updated asset objects reloaded before import = 0Number of asset objects unloaded after import = 31

========================================================================
Received Import Request.
  Time since last request: 0.000033 seconds.
  path: Assets/Toon Deserted Temples/Models/TFD_Candle_05C.fbx
  artifactKey: Guid(0000a212717595240ac44d20230a765e) Importer(2089858483,192608db42251d675da83286b1cce702)
Start importing Assets/Toon Deserted Temples/Models/TFD_Candle_05C.fbx using Guid(0000a212717595240ac44d20230a765e) Importer(2089858483,192608db42251d675da83286b1cce702) (ScriptedImporter) -> (artifact id: 'efa7d642ac631cd0e67b73c936a6b021') in 0.0737762 seconds
Number of updated asset objects reloaded before import = 0Number of asset objects unloaded after import = 20

========================================================================
Received Import Request.
  Time since last request: 0.000037 seconds.
  path: Assets/Toon Deserted Temples/Prefabs/Buildings/Building Kit/TFD_Column_01A_Module_12.prefab
  artifactKey: Guid(c0294ff24a221a84793d17dd409910f1) Importer(2089858483,192608db42251d675da83286b1cce702)
Start importing Assets/Toon Deserted Temples/Prefabs/Buildings/Building Kit/TFD_Column_01A_Module_12.prefab using Guid(c0294ff24a221a84793d17dd409910f1) Importer(2089858483,192608db42251d675da83286b1cce702) (ScriptedImporter) -> (artifact id: '759fed7de912c48116c18b64f86bce7c') in 0.0663182 seconds
Number of updated asset objects reloaded before import = 0Number of asset objects unloaded after import = 23

========================================================================
Received Import Request.
  Time since last request: 0.000125 seconds.
  path: Assets/Toon Deserted Temples/Models/TFD_Grass_Patch_04A.fbx
  artifactKey: Guid(20b661688e50f7741b335b8c7683d0b1) Importer(2089858483,192608db42251d675da83286b1cce702)
Start importing Assets/Toon Deserted Temples/Models/TFD_Grass_Patch_04A.fbx using Guid(20b661688e50f7741b335b8c7683d0b1) Importer(2089858483,192608db42251d675da83286b1cce702) (ScriptedImporter) -> (artifact id: '80aea53f14da3ce2a39fe505ee20648f') in 0.0610795 seconds
Number of updated asset objects reloaded before import = 0Number of asset objects unloaded after import = 15

========================================================================
Received Import Request.
  Time since last request: 0.000022 seconds.
  path: Assets/Toon Deserted Temples/Skybox/TFD_Skybox_03A/TFD_Skybox_03A.png
  artifactKey: Guid(29185bf5dd5173a44b194229d3baf6b7) Importer(2089858483,192608db42251d675da83286b1cce702)
Start importing Assets/Toon Deserted Temples/Skybox/TFD_Skybox_03A/TFD_Skybox_03A.png using Guid(29185bf5dd5173a44b194229d3baf6b7) Importer(2089858483,192608db42251d675da83286b1cce702) (ScriptedImporter) -> (artifact id: 'fd62465d31f1dff3f83b8a50f5874d07') in 0.815036 seconds
Number of updated asset objects reloaded before import = 0Number of asset objects unloaded after import = 1

========================================================================
Received Import Request.
  Time since last request: 0.000055 seconds.
  path: Assets/Toon Deserted Temples/Prefabs/Vegetation/Plants/TFD_Column_Vine_04A.prefab
  artifactKey: Guid(3a33af46ad0b5ad4a8ce436203e7859c) Importer(2089858483,192608db42251d675da83286b1cce702)
Start importing Assets/Toon Deserted Temples/Prefabs/Vegetation/Plants/TFD_Column_Vine_04A.prefab using Guid(3a33af46ad0b5ad4a8ce436203e7859c) Importer(2089858483,192608db42251d675da83286b1cce702) (ScriptedImporter) -> (artifact id: '7513622d0ac7f4409e9f3e9eb9e42e43') in 0.0819255 seconds
Number of updated asset objects reloaded before import = 0Number of asset objects unloaded after import = 20

========================================================================
Received Import Request.
  Time since last request: 0.000055 seconds.
  path: Assets/Toon Deserted Temples/Prefabs/Vegetation/Plants/TFD_Grass_Patch_02A.prefab
  artifactKey: Guid(67784930a52c2bd4fb7d3c99af068854) Importer(2089858483,192608db42251d675da83286b1cce702)
Start importing Assets/Toon Deserted Temples/Prefabs/Vegetation/Plants/TFD_Grass_Patch_02A.prefab using Guid(67784930a52c2bd4fb7d3c99af068854) Importer(2089858483,192608db42251d675da83286b1cce702) (ScriptedImporter) -> (artifact id: 'fc380eea526ad845d6828c536238b9a0') in 0.0932738 seconds
Number of updated asset objects reloaded before import = 0Number of asset objects unloaded after import = 30

========================================================================
Received Import Request.
  Time since last request: 0.000039 seconds.
  path: Assets/Toon Deserted Temples/Models/TFD_Column_01A_Module_04.fbx
  artifactKey: Guid(1b14479a00755224ebd92dcd5fa5687b) Importer(2089858483,192608db42251d675da83286b1cce702)
Start importing Assets/Toon Deserted Temples/Models/TFD_Column_01A_Module_04.fbx using Guid(1b14479a00755224ebd92dcd5fa5687b) Importer(2089858483,192608db42251d675da83286b1cce702) (ScriptedImporter) -> (artifact id: '6c4b081bb004ef4639f00440fa71836a') in 0.0799353 seconds
Number of updated asset objects reloaded before import = 0Number of asset objects unloaded after import = 20

========================================================================
Received Import Request.
  Time since last request: 0.000056 seconds.
  path: Assets/Toon Deserted Temples/Animations/TFD_Candle_02C_Idle3.anim
  artifactKey: Guid(384ba7121e81db544955f42a99aa4350) Importer(2089858483,192608db42251d675da83286b1cce702)
Start importing Assets/Toon Deserted Temples/Animations/TFD_Candle_02C_Idle3.anim using Guid(384ba7121e81db544955f42a99aa4350) Importer(2089858483,192608db42251d675da83286b1cce702) (ScriptedImporter) -> (artifact id: '020f8928046d99550ee931e3647069ed') in 0.0246345 seconds
Number of updated asset objects reloaded before import = 0Number of asset objects unloaded after import = 1

========================================================================
Received Import Request.
  Time since last request: 0.000075 seconds.
  path: Assets/Toon Deserted Temples/Prefabs/Background/TFD_BG_Desert_Mountain_01.prefab
  artifactKey: Guid(9b07a030fca9b794d9925a01f7306407) Importer(2089858483,192608db42251d675da83286b1cce702)
Start importing Assets/Toon Deserted Temples/Prefabs/Background/TFD_BG_Desert_Mountain_01.prefab using Guid(9b07a030fca9b794d9925a01f7306407) Importer(2089858483,192608db42251d675da83286b1cce702) (ScriptedImporter) -> (artifact id: '0e83b80d89fcc036dd6c4d27287a111a') in 0.1102917 seconds
Number of updated asset objects reloaded before import = 0Number of asset objects unloaded after import = 8

========================================================================
Received Import Request.
  Time since last request: 0.000048 seconds.
  path: Assets/Toon Deserted Temples/Prefabs/Buildings/Building Kit/TFD_Column_01A_Module_19.prefab
  artifactKey: Guid(f94c885edfdbe244f9a18a08dce86fbe) Importer(2089858483,192608db42251d675da83286b1cce702)
Start importing Assets/Toon Deserted Temples/Prefabs/Buildings/Building Kit/TFD_Column_01A_Module_19.prefab using Guid(f94c885edfdbe244f9a18a08dce86fbe) Importer(2089858483,192608db42251d675da83286b1cce702) (ScriptedImporter) -> (artifact id: 'f4e8cdabc75b2f60866672c74d5a70de') in 0.1107297 seconds
Number of updated asset objects reloaded before import = 0Number of asset objects unloaded after import = 23

========================================================================
Received Import Request.
  Time since last request: 0.000067 seconds.
  path: Assets/Toon Deserted Temples/Models/TFD_Wax_Drip_04A.fbx
  artifactKey: Guid(f5282899a40734147b27a20689731193) Importer(2089858483,192608db42251d675da83286b1cce702)
Start importing Assets/Toon Deserted Temples/Models/TFD_Wax_Drip_04A.fbx using Guid(f5282899a40734147b27a20689731193) Importer(2089858483,192608db42251d675da83286b1cce702) (ScriptedImporter) -> (artifact id: '6a637eccd64f1afd6b0b1e6fd4b3dbfe') in 0.0703519 seconds
Number of updated asset objects reloaded before import = 0Number of asset objects unloaded after import = 20

========================================================================
Received Import Request.
  Time since last request: 0.000066 seconds.
  path: Assets/Toon Deserted Temples/Prefabs/Props/TFD_Lever_01A.prefab
  artifactKey: Guid(8d59ef8b10d56f74783dd59978213b98) Importer(2089858483,192608db42251d675da83286b1cce702)
Start importing Assets/Toon Deserted Temples/Prefabs/Props/TFD_Lever_01A.prefab using Guid(8d59ef8b10d56f74783dd59978213b98) Importer(2089858483,192608db42251d675da83286b1cce702) (ScriptedImporter) -> (artifact id: '4e2d5409732254c8666cf979e6ecbd6a') in 0.1116399 seconds
Number of updated asset objects reloaded before import = 0Number of asset objects unloaded after import = 15

========================================================================
Received Import Request.
  Time since last request: 0.000036 seconds.
  path: Assets/Toon Deserted Temples/Models/TFD_Wax_Drip_01B.fbx
  artifactKey: Guid(6cad393ef778e3b45a62e14e61fb2ba6) Importer(2089858483,192608db42251d675da83286b1cce702)
Start importing Assets/Toon Deserted Temples/Models/TFD_Wax_Drip_01B.fbx using Guid(6cad393ef778e3b45a62e14e61fb2ba6) Importer(2089858483,192608db42251d675da83286b1cce702) (ScriptedImporter) -> (artifact id: '94316cf3e0e8657101e90d9b747c4d54') in 0.0794385 seconds
Number of updated asset objects reloaded before import = 0Number of asset objects unloaded after import = 20

========================================================================
Received Import Request.
  Time since last request: 0.000085 seconds.
  path: Assets/Toon Deserted Temples/Animations/TFD_Trap_01A.controller
  artifactKey: Guid(6d4c6df7600cb8848825098845f33e4d) Importer(2089858483,192608db42251d675da83286b1cce702)
Start importing Assets/Toon Deserted Temples/Animations/TFD_Trap_01A.controller using Guid(6d4c6df7600cb8848825098845f33e4d) Importer(2089858483,192608db42251d675da83286b1cce702) (ScriptedImporter) -> (artifact id: '2e0d0e4e5686a48f04a46faf79252534') in 0.0508318 seconds
Number of updated asset objects reloaded before import = 0Number of asset objects unloaded after import = 4

========================================================================
Received Import Request.
  Time since last request: 0.000063 seconds.
  path: Assets/Toon Deserted Temples/Models/TFD_Urn_Broken_10A.fbx
  artifactKey: Guid(afbd522c586f3124ba9f627fe3e84db2) Importer(2089858483,192608db42251d675da83286b1cce702)
Start importing Assets/Toon Deserted Temples/Models/TFD_Urn_Broken_10A.fbx using Guid(afbd522c586f3124ba9f627fe3e84db2) Importer(2089858483,192608db42251d675da83286b1cce702) (ScriptedImporter) -> (artifact id: '78040f0523d1426f75e4836e60748dc9') in 0.0885284 seconds
Number of updated asset objects reloaded before import = 0Number of asset objects unloaded after import = 8

========================================================================
Received Import Request.
  Time since last request: 0.000037 seconds.
  path: Assets/Toon Deserted Temples/Terrain/Terrain Textures/Terrain Data/Layer_TFD_Terrain_Sand_01A.terrainlayer
  artifactKey: Guid(7eb0465934ac53f4bb015bbf31ec37f4) Importer(2089858483,192608db42251d675da83286b1cce702)
Start importing Assets/Toon Deserted Temples/Terrain/Terrain Textures/Terrain Data/Layer_TFD_Terrain_Sand_01A.terrainlayer using Guid(7eb0465934ac53f4bb015bbf31ec37f4) Importer(2089858483,192608db42251d675da83286b1cce702) (ScriptedImporter) -> (artifact id: 'bd8a1c308520edf7a4fc86e1d66bdb3d') in 0.4194591 seconds
Number of updated asset objects reloaded before import = 0Number of asset objects unloaded after import = 3

========================================================================
Received Import Request.
  Time since last request: 0.000079 seconds.
  path: Assets/Toon Deserted Temples/Prefabs/Props/TFD_Box_02A.prefab
  artifactKey: Guid(9e60716ee6b613146a44969c8d147a95) Importer(2089858483,192608db42251d675da83286b1cce702)
Start importing Assets/Toon Deserted Temples/Prefabs/Props/TFD_Box_02A.prefab using Guid(9e60716ee6b613146a44969c8d147a95) Importer(2089858483,192608db42251d675da83286b1cce702) (ScriptedImporter) -> (artifact id: '3673eef7639e62066a06ba6344010ae6') in 0.1109082 seconds
Number of updated asset objects reloaded before import = 0Number of asset objects unloaded after import = 16

========================================================================
Received Import Request.
  Time since last request: 0.000311 seconds.
  path: Assets/Toon Deserted Temples/Prefabs/Buildings/Building Kit/TFD_Gate_01A_Module_02.prefab
  artifactKey: Guid(2076365d45f885146a0734662195ff1d) Importer(2089858483,192608db42251d675da83286b1cce702)
Start importing Assets/Toon Deserted Temples/Prefabs/Buildings/Building Kit/TFD_Gate_01A_Module_02.prefab using Guid(2076365d45f885146a0734662195ff1d) Importer(2089858483,192608db42251d675da83286b1cce702) (ScriptedImporter) -> (artifact id: 'b63a99ca1ea7b15b36cf96e9381628ee') in 0.1622475 seconds
Number of updated asset objects reloaded before import = 0Number of asset objects unloaded after import = 23

========================================================================
Received Import Request.
  Time since last request: 0.000073 seconds.
  path: Assets/Toon Deserted Temples/Terrain/Terrain Brushes/Materials/TFD_Terrain_Brush_Dune_01.mat
  artifactKey: Guid(3f8e4a015d3163c4690a094f3a1b284a) Importer(2089858483,192608db42251d675da83286b1cce702)
Start importing Assets/Toon Deserted Temples/Terrain/Terrain Brushes/Materials/TFD_Terrain_Brush_Dune_01.mat using Guid(3f8e4a015d3163c4690a094f3a1b284a) Importer(2089858483,192608db42251d675da83286b1cce702) (ScriptedImporter) -> (artifact id: '2f81269f72e66e5c8cd34632c9fb6437') in 0.8392647 seconds
Number of updated asset objects reloaded before import = 0Number of asset objects unloaded after import = 1

========================================================================
Received Import Request.
  Time since last request: 0.000076 seconds.
  path: Assets/Matthew Guz/Status Effects and Auras FREE/Scene Demo/Scene Demo Auras FREE.unity
  artifactKey: Guid(821dd69c5285f12448c16c3f785b5061) Importer(2089858483,192608db42251d675da83286b1cce702)
Start importing Assets/Matthew Guz/Status Effects and Auras FREE/Scene Demo/Scene Demo Auras FREE.unity using Guid(821dd69c5285f12448c16c3f785b5061) Importer(2089858483,192608db42251d675da83286b1cce702) (ScriptedImporter) -> (artifact id: 'f47b8fa6b7e95dcbaf3692aa10437170') in 0.1640054 seconds
Number of updated asset objects reloaded before import = 0Number of asset objects unloaded after import = 1

========================================================================
Received Import Request.
  Time since last request: 0.000057 seconds.
  path: Assets/Matthew Guz/Status Effects and Auras FREE/Materials/Stun/Sparks.mat
  artifactKey: Guid(85fc1d159c96b18479103f40b0c2b01f) Importer(2089858483,192608db42251d675da83286b1cce702)
Start importing Assets/Matthew Guz/Status Effects and Auras FREE/Materials/Stun/Sparks.mat using Guid(85fc1d159c96b18479103f40b0c2b01f) Importer(2089858483,192608db42251d675da83286b1cce702) (ScriptedImporter) -> (artifact id: '21d6f36a12de4de0b86197b5a6dc92a9') in 0.3389064 seconds
Number of updated asset objects reloaded before import = 0Number of asset objects unloaded after import = 2

========================================================================
Received Import Request.
  Time since last request: 0.000059 seconds.
  path: Assets/MaximeBrunoni/CountryHouse/Documentation
  artifactKey: Guid(0821dcbd7f274ec43990a43983ec13bf) Importer(2089858483,192608db42251d675da83286b1cce702)
Start importing Assets/MaximeBrunoni/CountryHouse/Documentation using Guid(0821dcbd7f274ec43990a43983ec13bf) Importer(2089858483,192608db42251d675da83286b1cce702) (ScriptedImporter) -> (artifact id: 'c8b82617973c59742aae1c5b2b4ed446') in 0.0274192 seconds
Number of updated asset objects reloaded before import = 0Number of asset objects unloaded after import = 1

========================================================================
Received Import Request.
  Time since last request: 0.000056 seconds.
  path: Assets/MaximeBrunoni/CountryHouse/Art/Textures
  artifactKey: Guid(819d94c6d0c7b2041b95b27199710cbe) Importer(2089858483,192608db42251d675da83286b1cce702)
Start importing Assets/MaximeBrunoni/CountryHouse/Art/Textures using Guid(819d94c6d0c7b2041b95b27199710cbe) Importer(2089858483,192608db42251d675da83286b1cce702) (ScriptedImporter) -> (artifact id: '69720cb52bcbbf2ca89e8e729671f64c') in 0.0338651 seconds
Number of updated asset objects reloaded before import = 0Number of asset objects unloaded after import = 1

========================================================================
Received Import Request.
  Time since last request: 0.000037 seconds.
  path: Assets/MaximeBrunoni/CountryHouse/Art/Textures/Pedestal/pedestal_AO.png
  artifactKey: Guid(0824aecf89768e447b49b1d82a40315e) Importer(2089858483,192608db42251d675da83286b1cce702)
Start importing Assets/MaximeBrunoni/CountryHouse/Art/Textures/Pedestal/pedestal_AO.png using Guid(0824aecf89768e447b49b1d82a40315e) Importer(2089858483,192608db42251d675da83286b1cce702) (ScriptedImporter) -> (artifact id: 'a230fe0be9d1f1722fd7291c3991da94') in 0.0825384 seconds
Number of updated asset objects reloaded before import = 0Number of asset objects unloaded after import = 1

========================================================================
Received Import Request.
  Time since last request: 0.000051 seconds.
  path: Assets/MaximeBrunoni/CountryHouse/Art/Materials
  artifactKey: Guid(5aaf9bdac570ce8449f2411fb75f4701) Importer(2089858483,192608db42251d675da83286b1cce702)
Start importing Assets/MaximeBrunoni/CountryHouse/Art/Materials using Guid(5aaf9bdac570ce8449f2411fb75f4701) Importer(2089858483,192608db42251d675da83286b1cce702) (ScriptedImporter) -> (artifact id: '43743cda6cdad563ace8acca85c02cdc') in 0.0310183 seconds
Number of updated asset objects reloaded before import = 0Number of asset objects unloaded after import = 1

========================================================================
Received Import Request.
  Time since last request: 0.000054 seconds.
  path: Assets/Matthew Guz/Status Effects and Auras FREE/Materials/Stun
  artifactKey: Guid(65a152f6c58e192438e10cac11f46e10) Importer(2089858483,192608db42251d675da83286b1cce702)
Start importing Assets/Matthew Guz/Status Effects and Auras FREE/Materials/Stun using Guid(65a152f6c58e192438e10cac11f46e10) Importer(2089858483,192608db42251d675da83286b1cce702) (ScriptedImporter) -> (artifact id: 'e28d9a7280a74eeada1134b538f9fa01') in 0.0487032 seconds
Number of updated asset objects reloaded before import = 0Number of asset objects unloaded after import = 1

========================================================================
Received Import Request.
  Time since last request: 0.000088 seconds.
  path: Assets/Matthew Guz/Status Effects and Auras FREE/Documentation
  artifactKey: Guid(5a6c71faffa60b146b8e24a93e9cbc88) Importer(2089858483,192608db42251d675da83286b1cce702)
Start importing Assets/Matthew Guz/Status Effects and Auras FREE/Documentation using Guid(5a6c71faffa60b146b8e24a93e9cbc88) Importer(2089858483,192608db42251d675da83286b1cce702) (ScriptedImporter) -> (artifact id: '3459420afbfcc068ca66143d08b916f4') in 0.0322857 seconds
Number of updated asset objects reloaded before import = 0Number of asset objects unloaded after import = 1

========================================================================
Received Import Request.
  Time since last request: 0.000136 seconds.
  path: Assets/Matthew Guz/Status Effects and Auras FREE/Materials/Aura/Smoke 1.mat
  artifactKey: Guid(12b4de4c8f8863c42afcfc20ba75838f) Importer(2089858483,192608db42251d675da83286b1cce702)
Start importing Assets/Matthew Guz/Status Effects and Auras FREE/Materials/Aura/Smoke 1.mat using Guid(12b4de4c8f8863c42afcfc20ba75838f) Importer(2089858483,192608db42251d675da83286b1cce702) (ScriptedImporter) -> (artifact id: '1aec1336758943906f838840c056b871') in 0.0491116 seconds
Number of updated asset objects reloaded before import = 0Number of asset objects unloaded after import = 2

========================================================================
Received Import Request.
  Time since last request: 0.000081 seconds.
  path: Assets/Matthew Guz/Status Effects and Auras FREE/Materials/Floor/Texture/Albedo.png
  artifactKey: Guid(b2ee15c7744aecc49b7b13f788755b90) Importer(2089858483,192608db42251d675da83286b1cce702)
Start importing Assets/Matthew Guz/Status Effects and Auras FREE/Materials/Floor/Texture/Albedo.png using Guid(b2ee15c7744aecc49b7b13f788755b90) Importer(2089858483,192608db42251d675da83286b1cce702) (ScriptedImporter) -> (artifact id: 'f0b12aa2886a30bfd9dc9ef441e472bb') in 0.0950565 seconds
Number of updated asset objects reloaded before import = 0Number of asset objects unloaded after import = 1

========================================================================
Received Import Request.
  Time since last request: 0.000063 seconds.
  path: Assets/Matthew Guz/Status Effects and Auras FREE/Textures/3-Fire_.png
  artifactKey: Guid(4b298caec9901ee41a492250bce71144) Importer(2089858483,192608db42251d675da83286b1cce702)
Start importing Assets/Matthew Guz/Status Effects and Auras FREE/Textures/3-Fire_.png using Guid(4b298caec9901ee41a492250bce71144) Importer(2089858483,192608db42251d675da83286b1cce702) (ScriptedImporter) -> (artifact id: 'fa3ca7058037b379f6643a274660aba0') in 0.071414 seconds
Number of updated asset objects reloaded before import = 0Number of asset objects unloaded after import = 1

========================================================================
Received Import Request.
  Time since last request: 0.000096 seconds.
  path: Assets/Matthew Guz/Status Effects and Auras FREE/Textures
  artifactKey: Guid(eae9b7d8c8bfa3b4aa8e26f2504e3f41) Importer(2089858483,192608db42251d675da83286b1cce702)
Start importing Assets/Matthew Guz/Status Effects and Auras FREE/Textures using Guid(eae9b7d8c8bfa3b4aa8e26f2504e3f41) Importer(2089858483,192608db42251d675da83286b1cce702) (ScriptedImporter) -> (artifact id: '43660ae4d7b528255776a540e8fce1f4') in 0.0334349 seconds
Number of updated asset objects reloaded before import = 0Number of asset objects unloaded after import = 1

========================================================================
Received Import Request.
  Time since last request: 0.000057 seconds.
  path: Assets/MaximeBrunoni/CountryHouse/Art/Textures/CountryHouse/country_house_01_flaps_AlbedoTransparency.png
  artifactKey: Guid(d5031b8e33a11864d9080d6c21069aee) Importer(2089858483,192608db42251d675da83286b1cce702)
Start importing Assets/MaximeBrunoni/CountryHouse/Art/Textures/CountryHouse/country_house_01_flaps_AlbedoTransparency.png using Guid(d5031b8e33a11864d9080d6c21069aee) Importer(2089858483,192608db42251d675da83286b1cce702) (ScriptedImporter) -> (artifact id: 'd339292f2719ef5c64877a3ebe70f433') in 0.0786605 seconds
Number of updated asset objects reloaded before import = 0Number of asset objects unloaded after import = 1

========================================================================
Received Import Request.
  Time since last request: 0.000069 seconds.
  path: Assets/Matthew Guz/Status Effects and Auras FREE/Materials/Aura/Sparks.mat
  artifactKey: Guid(60739d52054d30d43a649c4513d2faf0) Importer(2089858483,192608db42251d675da83286b1cce702)
Start importing Assets/Matthew Guz/Status Effects and Auras FREE/Materials/Aura/Sparks.mat using Guid(60739d52054d30d43a649c4513d2faf0) Importer(2089858483,192608db42251d675da83286b1cce702) (ScriptedImporter) -> (artifact id: 'f59530437c3e68eb5ffad03cf6881235') in 0.0940624 seconds
Number of updated asset objects reloaded before import = 0Number of asset objects unloaded after import = 2

========================================================================
Received Import Request.
  Time since last request: 0.000060 seconds.
  path: Assets/Toon Deserted Temples/Animations/TFD_Candle_11C_Idle1.controller
  artifactKey: Guid(f299de0b3abf0f2429be115bc44d5d77) Importer(2089858483,192608db42251d675da83286b1cce702)
Start importing Assets/Toon Deserted Temples/Animations/TFD_Candle_11C_Idle1.controller using Guid(f299de0b3abf0f2429be115bc44d5d77) Importer(2089858483,192608db42251d675da83286b1cce702) (ScriptedImporter) -> (artifact id: 'ddec8f09b92caa383418f4bf1d63c735') in 0.0371202 seconds
Number of updated asset objects reloaded before import = 0Number of asset objects unloaded after import = 8

========================================================================
Received Import Request.
  Time since last request: 0.000068 seconds.
  path: Assets/Toon Deserted Temples/Prefabs/Skeletons/TFD_Skeleton_02A.prefab
  artifactKey: Guid(7a64930d2d8c5ad4083169df300e4e31) Importer(2089858483,192608db42251d675da83286b1cce702)
Start importing Assets/Toon Deserted Temples/Prefabs/Skeletons/TFD_Skeleton_02A.prefab using Guid(7a64930d2d8c5ad4083169df300e4e31) Importer(2089858483,192608db42251d675da83286b1cce702) (ScriptedImporter) -> (artifact id: 'afcbf5c1eb6aff764bd212531f157db1') in 0.075286 seconds
Number of updated asset objects reloaded before import = 0Number of asset objects unloaded after import = 17

========================================================================
Received Import Request.
  Time since last request: 0.001095 seconds.
  path: Assets/Toon Deserted Temples/Prefabs/Buildings/Building Kit/TFD_Railing_02A.prefab
  artifactKey: Guid(38232d332473fc146993fad8934149e6) Importer(2089858483,192608db42251d675da83286b1cce702)
Start importing Assets/Toon Deserted Temples/Prefabs/Buildings/Building Kit/TFD_Railing_02A.prefab using Guid(38232d332473fc146993fad8934149e6) Importer(2089858483,192608db42251d675da83286b1cce702) (ScriptedImporter) -> (artifact id: 'b9cd3fdb1aa9327a2cbc48e599042b87') in 0.0741373 seconds
Number of updated asset objects reloaded before import = 0Number of asset objects unloaded after import = 23

========================================================================
Received Import Request.
  Time since last request: 0.000045 seconds.
  path: Assets/MaximeBrunoni/CountryHouse/Demo/PostProcessProfile/DemoSceneProfile.asset
  artifactKey: Guid(ea96fa6989951e7419eebe237a1b0789) Importer(2089858483,192608db42251d675da83286b1cce702)
Start importing Assets/MaximeBrunoni/CountryHouse/Demo/PostProcessProfile/DemoSceneProfile.asset using Guid(ea96fa6989951e7419eebe237a1b0789) Importer(2089858483,192608db42251d675da83286b1cce702) (ScriptedImporter) -> (artifact id: '68e903e2dc4fbc1b013f3d4661474404') in 0.6774443 seconds
Number of updated asset objects reloaded before import = 0Number of asset objects unloaded after import = 8

========================================================================
Received Import Request.
  Time since last request: 0.000035 seconds.
  path: Assets/Matthew Guz/Slash Effects FREE/Materials/Explosion Slash/Fire Explosion
  artifactKey: Guid(91a75075b6ed6ab4b896e0d04dca48e4) Importer(2089858483,192608db42251d675da83286b1cce702)
Start importing Assets/Matthew Guz/Slash Effects FREE/Materials/Explosion Slash/Fire Explosion using Guid(91a75075b6ed6ab4b896e0d04dca48e4) Importer(2089858483,192608db42251d675da83286b1cce702) (ScriptedImporter) -> (artifact id: 'b8e5b4493d067c32fd2eca21da9ebf0e') in 0.0335868 seconds
Number of updated asset objects reloaded before import = 0Number of asset objects unloaded after import = 1

========================================================================
Received Import Request.
  Time since last request: 0.000044 seconds.
  path: Assets/Matthew Guz/Status Effects and Auras FREE/Textures/3-Star_ (1).png
  artifactKey: Guid(383160e8c8654754e82d6ce4d07b6094) Importer(2089858483,192608db42251d675da83286b1cce702)
Start importing Assets/Matthew Guz/Status Effects and Auras FREE/Textures/3-Star_ (1).png using Guid(383160e8c8654754e82d6ce4d07b6094) Importer(2089858483,192608db42251d675da83286b1cce702) (ScriptedImporter) -> (artifact id: '2a3252e89df3cecef9f29d9d9ad3ba20') in 0.0953962 seconds
Number of updated asset objects reloaded before import = 0Number of asset objects unloaded after import = 1

========================================================================
Received Import Request.
  Time since last request: 0.000037 seconds.
  path: Assets/Toon Deserted Temples/Animations/TFD_Candle_03B_Idle1.controller
  artifactKey: Guid(4dfdd0163903d0f4db767eed6257be79) Importer(2089858483,192608db42251d675da83286b1cce702)
Start importing Assets/Toon Deserted Temples/Animations/TFD_Candle_03B_Idle1.controller using Guid(4dfdd0163903d0f4db767eed6257be79) Importer(2089858483,192608db42251d675da83286b1cce702) (ScriptedImporter) -> (artifact id: 'cbf882eb7bc1d9ca5bc65447cd46aaca') in 0.07811 seconds
Number of updated asset objects reloaded before import = 0Number of asset objects unloaded after import = 8

========================================================================
Received Import Request.
  Time since last request: 0.000055 seconds.
  path: Assets/Toon Deserted Temples/Models/TFD_Floating_Debris_03A.fbx
  artifactKey: Guid(7af848a422d40fb40866c1e86f71c190) Importer(2089858483,192608db42251d675da83286b1cce702)
Start importing Assets/Toon Deserted Temples/Models/TFD_Floating_Debris_03A.fbx using Guid(7af848a422d40fb40866c1e86f71c190) Importer(2089858483,192608db42251d675da83286b1cce702) (ScriptedImporter) -> (artifact id: 'c0f87f9b8ade932e5d975c481cb68c9f') in 0.1522038 seconds
Number of updated asset objects reloaded before import = 0Number of asset objects unloaded after import = 8

========================================================================
Received Import Request.
  Time since last request: 0.000040 seconds.
  path: Assets/Matthew Guz/Slash Effects FREE/Materials/Basic Slash/Hit.mat
  artifactKey: Guid(b53a6b47fddb7cb4196a8d66e6689589) Importer(2089858483,192608db42251d675da83286b1cce702)
Start importing Assets/Matthew Guz/Slash Effects FREE/Materials/Basic Slash/Hit.mat using Guid(b53a6b47fddb7cb4196a8d66e6689589) Importer(2089858483,192608db42251d675da83286b1cce702) (ScriptedImporter) -> (artifact id: '4ac04669657887a1cbbc37000488c218') in 0.080795 seconds
Number of updated asset objects reloaded before import = 0Number of asset objects unloaded after import = 2

========================================================================
Received Import Request.
  Time since last request: 0.000060 seconds.
  path: Assets/Toon Deserted Temples/Prefabs/Water Props/TFD_Waterfall_02A_Base.prefab
  artifactKey: Guid(4e6a63c05593e5e4da547b56a9d066c6) Importer(2089858483,192608db42251d675da83286b1cce702)
Start importing Assets/Toon Deserted Temples/Prefabs/Water Props/TFD_Waterfall_02A_Base.prefab using Guid(4e6a63c05593e5e4da547b56a9d066c6) Importer(2089858483,192608db42251d675da83286b1cce702) (ScriptedImporter) -> (artifact id: 'e4ed68d2ea6f424ae405adcfc2e6bcca') in 0.1004311 seconds
Number of updated asset objects reloaded before import = 0Number of asset objects unloaded after import = 16

========================================================================
Received Import Request.
  Time since last request: 0.000050 seconds.
  path: Assets/Hovl Studio/Magic effects pack/Prefabs/Sparks/Sparks green.prefab
  artifactKey: Guid(324fc9687c94a5f4585d7728801af43d) Importer(2089858483,192608db42251d675da83286b1cce702)
Start importing Assets/Hovl Studio/Magic effects pack/Prefabs/Sparks/Sparks green.prefab using Guid(324fc9687c94a5f4585d7728801af43d) Importer(2089858483,192608db42251d675da83286b1cce702) (ScriptedImporter) -> (artifact id: 'fc06672f61519ec36a9c9fb9a7844271') in 0.1643492 seconds
Number of updated asset objects reloaded before import = 0Number of asset objects unloaded after import = 7

========================================================================
Received Import Request.
  Time since last request: 0.000160 seconds.
  path: Assets/Hovl Studio/Magic effects pack/Materials/Circle.mat
  artifactKey: Guid(4bab0f95134663b4c9c3dd73939c0ff1) Importer(2089858483,192608db42251d675da83286b1cce702)
Start importing Assets/Hovl Studio/Magic effects pack/Materials/Circle.mat using Guid(4bab0f95134663b4c9c3dd73939c0ff1) Importer(2089858483,192608db42251d675da83286b1cce702) (ScriptedImporter) -> (artifact id: 'aa724781c6014408d82c7aec933f7f6e') in 0.0559947 seconds
Number of updated asset objects reloaded before import = 0Number of asset objects unloaded after import = 2

========================================================================
Received Import Request.
  Time since last request: 0.000059 seconds.
  path: Assets/Matthew Guz/Slash Effects FREE/Materials/Double Slash/Star.mat
  artifactKey: Guid(708c18ff65bb49044b56fc2fb0190052) Importer(2089858483,192608db42251d675da83286b1cce702)
Start importing Assets/Matthew Guz/Slash Effects FREE/Materials/Double Slash/Star.mat using Guid(708c18ff65bb49044b56fc2fb0190052) Importer(2089858483,192608db42251d675da83286b1cce702) (ScriptedImporter) -> (artifact id: '63b548459b1ca78edac29fd9c42b915b') in 0.128807 seconds
Number of updated asset objects reloaded before import = 0Number of asset objects unloaded after import = 1

========================================================================
Received Import Request.
  Time since last request: 0.000053 seconds.
  path: Assets/Hovl Studio/Magic effects pack/Prefabs/Sparks/Sparks white.prefab
  artifactKey: Guid(010733280c7cd0b4294a9867b26a13f4) Importer(2089858483,192608db42251d675da83286b1cce702)
Start importing Assets/Hovl Studio/Magic effects pack/Prefabs/Sparks/Sparks white.prefab using Guid(010733280c7cd0b4294a9867b26a13f4) Importer(2089858483,192608db42251d675da83286b1cce702) (ScriptedImporter) -> (artifact id: '9871fb076ca6f3a627afba8ba00387a5') in 0.1994732 seconds
Number of updated asset objects reloaded before import = 0Number of asset objects unloaded after import = 7

========================================================================
Received Import Request.
  Time since last request: 0.000071 seconds.
  path: Assets/Hovl Studio/Magic effects pack/Textures/Heart.png
  artifactKey: Guid(47a48c9cf6895484983862ae79cb7102) Importer(2089858483,192608db42251d675da83286b1cce702)
Start importing Assets/Hovl Studio/Magic effects pack/Textures/Heart.png using Guid(47a48c9cf6895484983862ae79cb7102) Importer(2089858483,192608db42251d675da83286b1cce702) (ScriptedImporter) -> (artifact id: '0d14bd915b58f601df9c607e4a595f7e') in 0.0645124 seconds
Number of updated asset objects reloaded before import = 0Number of asset objects unloaded after import = 1

========================================================================
Received Import Request.
  Time since last request: 0.000036 seconds.
  path: Assets/Hovl Studio/Magic effects pack/Textures/Circle2.png
  artifactKey: Guid(cb15b7c714c56904eb8628c669fd8aa7) Importer(2089858483,192608db42251d675da83286b1cce702)
Start importing Assets/Hovl Studio/Magic effects pack/Textures/Circle2.png using Guid(cb15b7c714c56904eb8628c669fd8aa7) Importer(2089858483,192608db42251d675da83286b1cce702) (ScriptedImporter) -> (artifact id: 'ce5801b355c40e616edf4c44e5b8b824') in 0.0464265 seconds
Number of updated asset objects reloaded before import = 0Number of asset objects unloaded after import = 1

========================================================================
Received Import Request.
  Time since last request: 0.000076 seconds.
  path: Assets/Hovl Studio/Magic effects pack/Demo scene/Demo fire 1Settings.lighting
  artifactKey: Guid(cc583a507aec7d7468e37b31623c7b2d) Importer(2089858483,192608db42251d675da83286b1cce702)
Start importing Assets/Hovl Studio/Magic effects pack/Demo scene/Demo fire 1Settings.lighting using Guid(cc583a507aec7d7468e37b31623c7b2d) Importer(2089858483,192608db42251d675da83286b1cce702) (ScriptedImporter) -> (artifact id: 'f9b4714818aa279bb72032054efb10e5') in 0.2123587 seconds
Number of updated asset objects reloaded before import = 0Number of asset objects unloaded after import = 1

========================================================================
Received Import Request.
  Time since last request: 0.000074 seconds.
  path: Assets/Matthew Guz/Slash Effects FREE/Textures/5-Slash 1.png
  artifactKey: Guid(7878c46c96ba7cb48a34a87365160c20) Importer(2089858483,192608db42251d675da83286b1cce702)
Start importing Assets/Matthew Guz/Slash Effects FREE/Textures/5-Slash 1.png using Guid(7878c46c96ba7cb48a34a87365160c20) Importer(2089858483,192608db42251d675da83286b1cce702) (ScriptedImporter) -> (artifact id: 'e5be9faf7bab7e314ebac72890a96bdf') in 0.1169134 seconds
Number of updated asset objects reloaded before import = 0Number of asset objects unloaded after import = 1

========================================================================
Received Import Request.
  Time since last request: 0.000046 seconds.
  path: Assets/Hovl Studio/Magic effects pack/Prefabs/Hits and explosions/Love hit.prefab
  artifactKey: Guid(356cf4dca1465b54fabbb8cd9b1cd190) Importer(2089858483,192608db42251d675da83286b1cce702)
Start importing Assets/Hovl Studio/Magic effects pack/Prefabs/Hits and explosions/Love hit.prefab using Guid(356cf4dca1465b54fabbb8cd9b1cd190) Importer(2089858483,192608db42251d675da83286b1cce702) (ScriptedImporter) -> (artifact id: '3bd4a29ebe6cfcfc089e5f4da2eff4c7') in 0.421982 seconds
Number of updated asset objects reloaded before import = 0Number of asset objects unloaded after import = 15

========================================================================
Received Import Request.
  Time since last request: 0.000124 seconds.
  path: Assets/Hovl Studio/Magic effects pack/Prefabs
  artifactKey: Guid(30f354b2984b43147b902803fe8a4ce7) Importer(2089858483,192608db42251d675da83286b1cce702)
Start importing Assets/Hovl Studio/Magic effects pack/Prefabs using Guid(30f354b2984b43147b902803fe8a4ce7) Importer(2089858483,192608db42251d675da83286b1cce702) (ScriptedImporter) -> (artifact id: '70f2caf9560f783c743070b3757be4d3') in 0.0297262 seconds
Number of updated asset objects reloaded before import = 0Number of asset objects unloaded after import = 1

========================================================================
Received Import Request.
  Time since last request: 0.000039 seconds.
  path: Assets/Hovl Studio/Magic effects pack/Prefabs/Character auras/Buff.prefab
  artifactKey: Guid(97c43495f80a3244fad1301dfafbe252) Importer(2089858483,192608db42251d675da83286b1cce702)
Start importing Assets/Hovl Studio/Magic effects pack/Prefabs/Character auras/Buff.prefab using Guid(97c43495f80a3244fad1301dfafbe252) Importer(2089858483,192608db42251d675da83286b1cce702) (ScriptedImporter) -> (artifact id: '44dd1710dff273d9a06f4e737ac71171') in 0.2605256 seconds
Number of updated asset objects reloaded before import = 0Number of asset objects unloaded after import = 19

========================================================================
Received Import Request.
  Time since last request: 0.000067 seconds.
  path: Assets/Hovl Studio/Magic effects pack/Materials/Floor3.mat
  artifactKey: Guid(ca6fd35d7de69cb449d560ab9228d502) Importer(2089858483,192608db42251d675da83286b1cce702)
Start importing Assets/Hovl Studio/Magic effects pack/Materials/Floor3.mat using Guid(ca6fd35d7de69cb449d560ab9228d502) Importer(2089858483,192608db42251d675da83286b1cce702) (ScriptedImporter) -> (artifact id: '4dfeeb0ba55618626c9df3b2a4fcfdf8') in 0.914986 seconds
Number of updated asset objects reloaded before import = 0Number of asset objects unloaded after import = 5

========================================================================
Received Import Request.
  Time since last request: 0.000057 seconds.
  path: Assets/Hovl Studio/Magic effects pack/Models
  artifactKey: Guid(ad4081446914afa4e94efff5e5b27056) Importer(2089858483,192608db42251d675da83286b1cce702)
Start importing Assets/Hovl Studio/Magic effects pack/Models using Guid(ad4081446914afa4e94efff5e5b27056) Importer(2089858483,192608db42251d675da83286b1cce702) (ScriptedImporter) -> (artifact id: '3a3290eab92259d74578bf58675eb9c2') in 0.0468199 seconds
Number of updated asset objects reloaded before import = 0Number of asset objects unloaded after import = 1

========================================================================
Received Import Request.
  Time since last request: 0.000068 seconds.
  path: Assets/Hovl Studio/Magic effects pack/Materials/MagicCircle.mat
  artifactKey: Guid(ddac23d301cbfca45bcbe217c05f0141) Importer(2089858483,192608db42251d675da83286b1cce702)
Start importing Assets/Hovl Studio/Magic effects pack/Materials/MagicCircle.mat using Guid(ddac23d301cbfca45bcbe217c05f0141) Importer(2089858483,192608db42251d675da83286b1cce702) (ScriptedImporter) -> (artifact id: '9798f3b1b0c2bb145c5093705ab846d7') in 0.1065498 seconds
Number of updated asset objects reloaded before import = 0Number of asset objects unloaded after import = 2

========================================================================
Received Import Request.
  Time since last request: 0.000057 seconds.
  path: Assets/Hovl Studio/Magic effects pack/Prefabs/Magic circles/Magic circle 2.prefab
  artifactKey: Guid(48c5715f9603c3842a353516a8baefbb) Importer(2089858483,192608db42251d675da83286b1cce702)
Start importing Assets/Hovl Studio/Magic effects pack/Prefabs/Magic circles/Magic circle 2.prefab using Guid(48c5715f9603c3842a353516a8baefbb) Importer(2089858483,192608db42251d675da83286b1cce702) (ScriptedImporter) -> (artifact id: '8e54a771d0d98c74c35666033122c454') in 0.3282291 seconds
Number of updated asset objects reloaded before import = 0Number of asset objects unloaded after import = 25

========================================================================
Received Import Request.
  Time since last request: 0.000079 seconds.
  path: Assets/Hovl Studio/Magic effects pack/Materials/Mask1.mat
  artifactKey: Guid(96d60590d2a3f0143a9a84d4568d9de8) Importer(2089858483,192608db42251d675da83286b1cce702)
Start importing Assets/Hovl Studio/Magic effects pack/Materials/Mask1.mat using Guid(96d60590d2a3f0143a9a84d4568d9de8) Importer(2089858483,192608db42251d675da83286b1cce702) (ScriptedImporter) -> (artifact id: '22398de929a677f3c03d9b17391d7081') in 0.0813851 seconds
Number of updated asset objects reloaded before import = 0Number of asset objects unloaded after import = 2

========================================================================
Received Import Request.
  Time since last request: 0.000035 seconds.
  path: Assets/Hovl Studio/Magic effects pack/Materials/Star.mat
  artifactKey: Guid(f7fb42690dbaf0d408f1f55ea89b7be8) Importer(2089858483,192608db42251d675da83286b1cce702)
Start importing Assets/Hovl Studio/Magic effects pack/Materials/Star.mat using Guid(f7fb42690dbaf0d408f1f55ea89b7be8) Importer(2089858483,192608db42251d675da83286b1cce702) (ScriptedImporter) -> (artifact id: '3becfe0c6439a0ee28da7ed71d03586b') in 0.0687273 seconds
Number of updated asset objects reloaded before import = 0Number of asset objects unloaded after import = 2

========================================================================
Received Import Request.
  Time since last request: 0.000065 seconds.
  path: Assets/Hovl Studio/Magic effects pack/Materials/Gradient2.mat
  artifactKey: Guid(60b5f02ed06fd6c44a405760cd19e59a) Importer(2089858483,192608db42251d675da83286b1cce702)
Start importing Assets/Hovl Studio/Magic effects pack/Materials/Gradient2.mat using Guid(60b5f02ed06fd6c44a405760cd19e59a) Importer(2089858483,192608db42251d675da83286b1cce702) (ScriptedImporter) -> (artifact id: 'b567718fdc367de35805a6b94a52c038') in 0.0526197 seconds
Number of updated asset objects reloaded before import = 0Number of asset objects unloaded after import = 2

========================================================================
Received Import Request.
  Time since last request: 0.000263 seconds.
  path: Assets/Hovl Studio/Magic effects pack/Prefabs/Sparks/Sparks explode yellow.prefab
  artifactKey: Guid(c483142edbf33dc4d9014c13724a0175) Importer(2089858483,192608db42251d675da83286b1cce702)
Start importing Assets/Hovl Studio/Magic effects pack/Prefabs/Sparks/Sparks explode yellow.prefab using Guid(c483142edbf33dc4d9014c13724a0175) Importer(2089858483,192608db42251d675da83286b1cce702) (ScriptedImporter) -> (artifact id: '20d600fac6233078fa781a0acac9b89b') in 0.1695475 seconds
Number of updated asset objects reloaded before import = 0Number of asset objects unloaded after import = 7

========================================================================
Received Import Request.
  Time since last request: 0.000047 seconds.
  path: Assets/STYLIZED Desert Kingdom/Prefabs/Props/SM_marketstand_02 (2).prefab
  artifactKey: Guid(522a63bcbd266c34ea318f06e6ba4cd4) Importer(2089858483,192608db42251d675da83286b1cce702)
Start importing Assets/STYLIZED Desert Kingdom/Prefabs/Props/SM_marketstand_02 (2).prefab using Guid(522a63bcbd266c34ea318f06e6ba4cd4) Importer(2089858483,192608db42251d675da83286b1cce702) (ScriptedImporter) -> (artifact id: '99c94d6378d16e01d02c6560931e6582') in 0.2587484 seconds
Number of updated asset objects reloaded before import = 0Number of asset objects unloaded after import = 16

========================================================================
Received Import Request.
  Time since last request: 0.000065 seconds.
  path: Assets/Hovl Studio/Magic effects pack/Prefabs/Sparks/Sparks flashing red.prefab
  artifactKey: Guid(6fec832863289f04a854167bc2650d9b) Importer(2089858483,192608db42251d675da83286b1cce702)
Start importing Assets/Hovl Studio/Magic effects pack/Prefabs/Sparks/Sparks flashing red.prefab using Guid(6fec832863289f04a854167bc2650d9b) Importer(2089858483,192608db42251d675da83286b1cce702) (ScriptedImporter) -> (artifact id: '21744fd7ab28d1dbb130086b7ad32920') in 0.2926531 seconds
Number of updated asset objects reloaded before import = 0Number of asset objects unloaded after import = 7

========================================================================
Received Import Request.
  Time since last request: 0.000064 seconds.
  path: Assets/Hovl Studio/Magic effects pack/Textures/Flash.png
  artifactKey: Guid(497534591604c9c40922a9ea2ef833b2) Importer(2089858483,192608db42251d675da83286b1cce702)
Start importing Assets/Hovl Studio/Magic effects pack/Textures/Flash.png using Guid(497534591604c9c40922a9ea2ef833b2) Importer(2089858483,192608db42251d675da83286b1cce702) (ScriptedImporter) -> (artifact id: '2c3bae7c5adf6a8e0e453ed02790b676') in 0.0569234 seconds
Number of updated asset objects reloaded before import = 0Number of asset objects unloaded after import = 1

========================================================================
Received Import Request.
  Time since last request: 0.000046 seconds.
  path: Assets/STYLIZED Desert Kingdom/Materials/Textures/M_vases_BaseMap.png
  artifactKey: Guid(0cad4b08bb716414f8e7a5f572aae537) Importer(2089858483,192608db42251d675da83286b1cce702)
Start importing Assets/STYLIZED Desert Kingdom/Materials/Textures/M_vases_BaseMap.png using Guid(0cad4b08bb716414f8e7a5f572aae537) Importer(2089858483,192608db42251d675da83286b1cce702) (ScriptedImporter) -> (artifact id: 'cdeae4179af30ee9de0f2b86375e941d') in 0.0767779 seconds
Number of updated asset objects reloaded before import = 0Number of asset objects unloaded after import = 1

========================================================================
Received Import Request.
  Time since last request: 0.000045 seconds.
  path: Assets/Resources/Shader Variant Collection.shadervariants
  artifactKey: Guid(b3c0abcfb188b854d856f1c5f81c3431) Importer(2089858483,192608db42251d675da83286b1cce702)
Start importing Assets/Resources/Shader Variant Collection.shadervariants using Guid(b3c0abcfb188b854d856f1c5f81c3431) Importer(2089858483,192608db42251d675da83286b1cce702) (ScriptedImporter) -> (artifact id: '4d0890335dff1b0aab08c012f4a823cc') in 0.0881133 seconds
Number of updated asset objects reloaded before import = 0Number of asset objects unloaded after import = 1

========================================================================
Received Import Request.
  Time since last request: 0.000073 seconds.
  path: Assets/STYLIZED Desert Kingdom/Prefabs/Modular Elements/SM_roof_cresting_02 (1).prefab
  artifactKey: Guid(da8cae6ce22516f49913a240bae44704) Importer(2089858483,192608db42251d675da83286b1cce702)
Start importing Assets/STYLIZED Desert Kingdom/Prefabs/Modular Elements/SM_roof_cresting_02 (1).prefab using Guid(da8cae6ce22516f49913a240bae44704) Importer(2089858483,192608db42251d675da83286b1cce702) (ScriptedImporter) -> (artifact id: '864e6f7725f5421313eaaf92f0a99329') in 0.1055308 seconds
Number of updated asset objects reloaded before import = 0Number of asset objects unloaded after import = 15

========================================================================
Received Import Request.
  Time since last request: 0.000081 seconds.
  path: Assets/STYLIZED Desert Kingdom/Meshes/Building Parts/SM_wall_arch_04.fbx
  artifactKey: Guid(c6beec2ab24c38f478ba92051dcd9ce6) Importer(2089858483,192608db42251d675da83286b1cce702)
Start importing Assets/STYLIZED Desert Kingdom/Meshes/Building Parts/SM_wall_arch_04.fbx using Guid(c6beec2ab24c38f478ba92051dcd9ce6) Importer(2089858483,192608db42251d675da83286b1cce702) (ScriptedImporter) -> (artifact id: '6f8820b6ebf8df9e3393dc3f90d7af5b') in 0.44609 seconds
Number of updated asset objects reloaded before import = 0Number of asset objects unloaded after import = 15

========================================================================
Received Prepare
Refreshing native plugins compatible for Editor in 55.01 ms, found 3 plugins.
Preloading 0 native plugins for Editor in 0.00 ms.
Unloading 25 Unused Serialized files (Serialized files now loaded: 0)
Unloading 6130 unused Assets / (6.7 MB). Loaded Objects now: 6887.
Memory consumption went from 176.7 MB to 170.0 MB.
Total: 1528.768400 ms (FindLiveObjects: 16.437800 ms CreateObjectMapping: 3.315800 ms MarkObjects: 1482.786200 ms  DeleteObjects: 26.218200 ms)

Prepare: number of updated asset objects reloaded= 0
========================================================================
Received Import Request.
  Time since last request: 18.246939 seconds.
  path: Assets/Toon Deserted Temples/Prefabs/Rocks/TFD_Rock_Slab_03A.prefab
  artifactKey: Guid(a3c3e46890c1bac48859b13359271b32) Importer(2089858483,192608db42251d675da83286b1cce702)
Start importing Assets/Toon Deserted Temples/Prefabs/Rocks/TFD_Rock_Slab_03A.prefab using Guid(a3c3e46890c1bac48859b13359271b32) Importer(2089858483,192608db42251d675da83286b1cce702) (ScriptedImporter) -> (artifact id: 'd167891c1e68dc98dcfec42a2f727914') in 0.6365136 seconds
Number of updated asset objects reloaded before import = 0Number of asset objects unloaded after import = 28

========================================================================
Received Import Request.
  Time since last request: 0.000670 seconds.
  path: Assets/Toon Deserted Temples/Prefabs/Candles/TFD_Candles_Corner_03C.prefab
  artifactKey: Guid(a6ff029ce29252346880c383f45205bc) Importer(2089858483,192608db42251d675da83286b1cce702)
Start importing Assets/Toon Deserted Temples/Prefabs/Candles/TFD_Candles_Corner_03C.prefab using Guid(a6ff029ce29252346880c383f45205bc) Importer(2089858483,192608db42251d675da83286b1cce702) (ScriptedImporter) -> (artifact id: '48bf48ac1f470ece4894498f21608b8e') in 0.3369453 seconds
Number of updated asset objects reloaded before import = 0Number of asset objects unloaded after import = 169

========================================================================
Received Import Request.
  Time since last request: 0.000071 seconds.
  path: Assets/Toon Deserted Temples/Models/TFD_Sack_01B.fbx
  artifactKey: Guid(577e3b4e02021fb4e984f09fdb666d9d) Importer(2089858483,192608db42251d675da83286b1cce702)
Start importing Assets/Toon Deserted Temples/Models/TFD_Sack_01B.fbx using Guid(577e3b4e02021fb4e984f09fdb666d9d) Importer(2089858483,192608db42251d675da83286b1cce702) (ScriptedImporter) -> (artifact id: '06d2ff8e10ecf86696858ab946588c98') in 0.2395265 seconds
Number of updated asset objects reloaded before import = 0Number of asset objects unloaded after import = 20

========================================================================
Received Import Request.
  Time since last request: 0.000071 seconds.
  path: Assets/Toon Deserted Temples/Models/TFD_Rock_Large_08A.fbx
  artifactKey: Guid(da712cc16fbb23942ba2058826b6ad92) Importer(2089858483,192608db42251d675da83286b1cce702)
Start importing Assets/Toon Deserted Temples/Models/TFD_Rock_Large_08A.fbx using Guid(da712cc16fbb23942ba2058826b6ad92) Importer(2089858483,192608db42251d675da83286b1cce702) (ScriptedImporter) -> (artifact id: '04555997e78da261b5db3b22be55770b') in 0.2261637 seconds
Number of updated asset objects reloaded before import = 0Number of asset objects unloaded after import = 32

========================================================================
Received Import Request.
  Time since last request: 0.000058 seconds.
  path: Assets/Toon Deserted Temples/Prefabs/Candles/TFD_Wax_Drip_11A.prefab
  artifactKey: Guid(7318eea1f310bfb47ac0be2cc5ed9c21) Importer(2089858483,192608db42251d675da83286b1cce702)
Start importing Assets/Toon Deserted Temples/Prefabs/Candles/TFD_Wax_Drip_11A.prefab using Guid(7318eea1f310bfb47ac0be2cc5ed9c21) Importer(2089858483,192608db42251d675da83286b1cce702) (ScriptedImporter) -> (artifact id: '7c7ceecdc18cd32baf665c6266d1cdbc') in 0.1532723 seconds
Number of updated asset objects reloaded before import = 0Number of asset objects unloaded after import = 20

========================================================================
Received Import Request.
  Time since last request: 0.056556 seconds.
  path: Assets/Toon Deserted Temples/Animations/TFD_Candle_08B_Idle2.anim
  artifactKey: Guid(d4e781dfe3d5391438b6624f3a6aa77c) Importer(2089858483,192608db42251d675da83286b1cce702)
Start importing Assets/Toon Deserted Temples/Animations/TFD_Candle_08B_Idle2.anim using Guid(d4e781dfe3d5391438b6624f3a6aa77c) Importer(2089858483,192608db42251d675da83286b1cce702) (ScriptedImporter) -> (artifact id: '004104f16dab970c6ab5f6dcc7d3d085') in 0.0529182 seconds
Number of updated asset objects reloaded before import = 0Number of asset objects unloaded after import = 1

========================================================================
Received Import Request.
  Time since last request: 0.000032 seconds.
  path: Assets/Toon Deserted Temples/Prefabs/Props/TFD_Box_01B.prefab
  artifactKey: Guid(58bb7ea0946214b48993ff6c5253bc02) Importer(2089858483,192608db42251d675da83286b1cce702)
Start importing Assets/Toon Deserted Temples/Prefabs/Props/TFD_Box_01B.prefab using Guid(58bb7ea0946214b48993ff6c5253bc02) Importer(2089858483,192608db42251d675da83286b1cce702) (ScriptedImporter) -> (artifact id: '73cff26bcf5070f54231d3d9637f4537') in 0.0963917 seconds
Number of updated asset objects reloaded before import = 0Number of asset objects unloaded after import = 16

========================================================================
Received Import Request.
  Time since last request: 0.000045 seconds.
  path: Assets/Hovl Studio/Magic effects pack/Textures/Flash2.png
  artifactKey: Guid(b80e2bf2e14ae37469c6a566da0c8c18) Importer(2089858483,192608db42251d675da83286b1cce702)
Start importing Assets/Hovl Studio/Magic effects pack/Textures/Flash2.png using Guid(b80e2bf2e14ae37469c6a566da0c8c18) Importer(2089858483,192608db42251d675da83286b1cce702) (ScriptedImporter) -> (artifact id: '368ecad030006cf729c67ecd643d72f7') in 0.10519 seconds
Number of updated asset objects reloaded before import = 0Number of asset objects unloaded after import = 1

========================================================================
Received Import Request.
  Time since last request: 0.000075 seconds.
  path: Assets/Toon Deserted Temples/Models/TFD_Rune_09A.fbx
  artifactKey: Guid(af07b2f2cbe41174886972d2fcfa3a4b) Importer(2089858483,192608db42251d675da83286b1cce702)
Start importing Assets/Toon Deserted Temples/Models/TFD_Rune_09A.fbx using Guid(af07b2f2cbe41174886972d2fcfa3a4b) Importer(2089858483,192608db42251d675da83286b1cce702) (ScriptedImporter) -> (artifact id: 'c699e173d0c7ff1231bf2c5182bd08df') in 0.0514591 seconds
Number of updated asset objects reloaded before import = 0Number of asset objects unloaded after import = 27

========================================================================
Received Import Request.
  Time since last request: 0.000041 seconds.
  path: Assets/Matthew Guz/Slash Effects FREE/Materials/Explosion Slash/Sparks.mat
  artifactKey: Guid(7099f62703e77c7478a8695f990c599b) Importer(2089858483,192608db42251d675da83286b1cce702)
Start importing Assets/Matthew Guz/Slash Effects FREE/Materials/Explosion Slash/Sparks.mat using Guid(7099f62703e77c7478a8695f990c599b) Importer(2089858483,192608db42251d675da83286b1cce702) (ScriptedImporter) -> (artifact id: '22b623fed307b5ecbc02f4f58152bf7f') in 0.1139914 seconds
Number of updated asset objects reloaded before import = 0Number of asset objects unloaded after import = 2

========================================================================
Received Import Request.
  Time since last request: 0.000036 seconds.
  path: Assets/Matthew Guz/Slash Effects FREE/Materials/Shiny Slash/Stars.mat
  artifactKey: Guid(5c184c7f794e828478bf18e1215d5c22) Importer(2089858483,192608db42251d675da83286b1cce702)
Start importing Assets/Matthew Guz/Slash Effects FREE/Materials/Shiny Slash/Stars.mat using Guid(5c184c7f794e828478bf18e1215d5c22) Importer(2089858483,192608db42251d675da83286b1cce702) (ScriptedImporter) -> (artifact id: 'ea03aa8d69031630ca18b3543c0df8c5') in 0.0740916 seconds
Number of updated asset objects reloaded before import = 0Number of asset objects unloaded after import = 2

========================================================================
Received Import Request.
  Time since last request: 0.000047 seconds.
  path: Assets/MaximeBrunoni/CountryHouse/Art/Materials/CountryHouse_top.mat
  artifactKey: Guid(03676f1800b4546489d8673516fcb044) Importer(2089858483,192608db42251d675da83286b1cce702)
Start importing Assets/MaximeBrunoni/CountryHouse/Art/Materials/CountryHouse_top.mat using Guid(03676f1800b4546489d8673516fcb044) Importer(2089858483,192608db42251d675da83286b1cce702) (ScriptedImporter) -> (artifact id: '3ddb97e7ea716b0cd64201dbab4684f3') in 1.491562 seconds
Number of updated asset objects reloaded before import = 0Number of asset objects unloaded after import = 4

========================================================================
Received Import Request.
  Time since last request: 0.000055 seconds.
  path: Assets/STYLIZED Desert Kingdom/Prefabs/Modular Elements/SM_floortiles_03.prefab
  artifactKey: Guid(db197a268f5fb2b4eb70a0f1da31babc) Importer(2089858483,192608db42251d675da83286b1cce702)
Start importing Assets/STYLIZED Desert Kingdom/Prefabs/Modular Elements/SM_floortiles_03.prefab using Guid(db197a268f5fb2b4eb70a0f1da31babc) Importer(2089858483,192608db42251d675da83286b1cce702) (ScriptedImporter) -> (artifact id: 'd6b0a767af35c4836afbc247431aeabb') in 0.1419815 seconds
Number of updated asset objects reloaded before import = 0Number of asset objects unloaded after import = 15

========================================================================
Received Import Request.
  Time since last request: 0.000052 seconds.
  path: Assets/STYLIZED Desert Kingdom/Meshes/Props/new/SM_carpet_02.fbx
  artifactKey: Guid(284268244c630684da239edb0a5b9280) Importer(2089858483,192608db42251d675da83286b1cce702)
Start importing Assets/STYLIZED Desert Kingdom/Meshes/Props/new/SM_carpet_02.fbx using Guid(284268244c630684da239edb0a5b9280) Importer(2089858483,192608db42251d675da83286b1cce702) (ScriptedImporter) -> (artifact id: 'a16ec996e217d59cffd229cda150db46') in 0.0811319 seconds
Number of updated asset objects reloaded before import = 0Number of asset objects unloaded after import = 12

========================================================================
Received Import Request.
  Time since last request: 0.000029 seconds.
  path: Assets/STYLIZED Desert Kingdom/Materials/Textures/M_glass_stained_ornamental_BaseColor.png
  artifactKey: Guid(46e3fc87de1d0b745ad45e6df0c543e5) Importer(2089858483,192608db42251d675da83286b1cce702)
Start importing Assets/STYLIZED Desert Kingdom/Materials/Textures/M_glass_stained_ornamental_BaseColor.png using Guid(46e3fc87de1d0b745ad45e6df0c543e5) Importer(2089858483,192608db42251d675da83286b1cce702) (ScriptedImporter) -> (artifact id: 'e45cac2e198b4e6b6f0bfc05e210cd8d') in 0.0720638 seconds
Number of updated asset objects reloaded before import = 0Number of asset objects unloaded after import = 1

========================================================================
Received Import Request.
  Time since last request: 0.000061 seconds.
  path: Assets/STYLIZED Desert Kingdom/Meshes/Props/SM_brazier_hanging_large.fbx
  artifactKey: Guid(ac55e661f8dd7c147babb87858523122) Importer(2089858483,192608db42251d675da83286b1cce702)
Start importing Assets/STYLIZED Desert Kingdom/Meshes/Props/SM_brazier_hanging_large.fbx using Guid(ac55e661f8dd7c147babb87858523122) Importer(2089858483,192608db42251d675da83286b1cce702) (ScriptedImporter) -> (artifact id: '2185947224d172c04c4ac747eff934af') in 0.0742656 seconds
Number of updated asset objects reloaded before import = 0Number of asset objects unloaded after import = 13

========================================================================
Received Import Request.
  Time since last request: 0.000095 seconds.
  path: Assets/STYLIZED Desert Kingdom/Prefabs/Castle/SM_wall_castle_02.prefab
  artifactKey: Guid(513f1f4020edb6645a834fcc3e80d093) Importer(2089858483,192608db42251d675da83286b1cce702)
Start importing Assets/STYLIZED Desert Kingdom/Prefabs/Castle/SM_wall_castle_02.prefab using Guid(513f1f4020edb6645a834fcc3e80d093) Importer(2089858483,192608db42251d675da83286b1cce702) (ScriptedImporter) -> (artifact id: '367bdf5b2ca794022a73a945e406f3f0') in 0.1791225 seconds
Number of updated asset objects reloaded before import = 0Number of asset objects unloaded after import = 19

========================================================================
Received Import Request.
  Time since last request: 0.000040 seconds.
  path: Assets/STYLIZED Desert Kingdom/Prefabs/Props/SM_cart_preset_02.prefab
  artifactKey: Guid(38cc7b74e56208b40b8b22db5a15242e) Importer(2089858483,192608db42251d675da83286b1cce702)
Start importing Assets/STYLIZED Desert Kingdom/Prefabs/Props/SM_cart_preset_02.prefab using Guid(38cc7b74e56208b40b8b22db5a15242e) Importer(2089858483,192608db42251d675da83286b1cce702) (ScriptedImporter) -> (artifact id: '7516698310e8120c54c52f68847b3542') in 0.1169193 seconds
Number of updated asset objects reloaded before import = 0Number of asset objects unloaded after import = 16

========================================================================
Received Import Request.
  Time since last request: 0.000043 seconds.
  path: Assets/STYLIZED Desert Kingdom/Prefabs/Castle/SM_citygate_castle.prefab
  artifactKey: Guid(36c4d0f21248d5144ba8a69104ebba99) Importer(2089858483,192608db42251d675da83286b1cce702)
Start importing Assets/STYLIZED Desert Kingdom/Prefabs/Castle/SM_citygate_castle.prefab using Guid(36c4d0f21248d5144ba8a69104ebba99) Importer(2089858483,192608db42251d675da83286b1cce702) (ScriptedImporter) -> (artifact id: '5ab8d7b64b5cb536ae45caa202639088') in 0.0846576 seconds
Number of updated asset objects reloaded before import = 0Number of asset objects unloaded after import = 19

========================================================================
Received Import Request.
  Time since last request: 0.000040 seconds.
  path: Assets/STYLIZED Desert Kingdom/Prefabs/Buildings/SM_windtower.prefab
  artifactKey: Guid(8631ce5e01ca6df4db011a4857473d18) Importer(2089858483,192608db42251d675da83286b1cce702)
Start importing Assets/STYLIZED Desert Kingdom/Prefabs/Buildings/SM_windtower.prefab using Guid(8631ce5e01ca6df4db011a4857473d18) Importer(2089858483,192608db42251d675da83286b1cce702) (ScriptedImporter) -> (artifact id: '4465c921217dc580d5b7f5f346a4e6cd') in 0.1035686 seconds
Number of updated asset objects reloaded before import = 0Number of asset objects unloaded after import = 18

========================================================================
Received Import Request.
  Time since last request: 0.000072 seconds.
  path: Assets/STYLIZED Desert Kingdom/Meshes/Buildings/SM_temple_03.fbx
  artifactKey: Guid(213f992cfabcca54faa126c8ef1bbdd4) Importer(2089858483,192608db42251d675da83286b1cce702)
Start importing Assets/STYLIZED Desert Kingdom/Meshes/Buildings/SM_temple_03.fbx using Guid(213f992cfabcca54faa126c8ef1bbdd4) Importer(2089858483,192608db42251d675da83286b1cce702) (ScriptedImporter) -> (artifact id: 'c09d2a2e93f0a253a0a2c640f0ccbb04') in 0.3575433 seconds
Number of updated asset objects reloaded before import = 0Number of asset objects unloaded after import = 25

========================================================================
Received Import Request.
  Time since last request: 0.000042 seconds.
  path: Assets/STYLIZED Desert Kingdom/Materials/Materials/M_skybox_day_cloudy.mat
  artifactKey: Guid(decd8174b528941489df580ff825cf70) Importer(2089858483,192608db42251d675da83286b1cce702)
Start importing Assets/STYLIZED Desert Kingdom/Materials/Materials/M_skybox_day_cloudy.mat using Guid(decd8174b528941489df580ff825cf70) Importer(2089858483,192608db42251d675da83286b1cce702) (ScriptedImporter) -> (artifact id: 'ad02370ac582f32900beee385363984a') in 0.340355 seconds
Number of updated asset objects reloaded before import = 0Number of asset objects unloaded after import = 2

========================================================================
Received Import Request.
  Time since last request: 0.000038 seconds.
  path: Assets/STYLIZED Desert Kingdom/Meshes/Traps/SM_blade_swinging_socket.fbx
  artifactKey: Guid(220dbf9bbedd08149978a99c60086863) Importer(2089858483,192608db42251d675da83286b1cce702)
Start importing Assets/STYLIZED Desert Kingdom/Meshes/Traps/SM_blade_swinging_socket.fbx using Guid(220dbf9bbedd08149978a99c60086863) Importer(2089858483,192608db42251d675da83286b1cce702) (ScriptedImporter) -> (artifact id: '6ac7ba0d25f314b723b5636f3a84e6d6') in 0.0705041 seconds
Number of updated asset objects reloaded before import = 0Number of asset objects unloaded after import = 12

========================================================================
Received Import Request.
  Time since last request: 0.000076 seconds.
  path: Assets/STYLIZED Desert Kingdom/Meshes/Modular Elements/SM_pillar_module_03.fbx
  artifactKey: Guid(23f7b7e44643bcc4d8a89dd26cee8b93) Importer(2089858483,192608db42251d675da83286b1cce702)
Start importing Assets/STYLIZED Desert Kingdom/Meshes/Modular Elements/SM_pillar_module_03.fbx using Guid(23f7b7e44643bcc4d8a89dd26cee8b93) Importer(2089858483,192608db42251d675da83286b1cce702) (ScriptedImporter) -> (artifact id: 'd4c0b4f13a392b31d5ce232feefc6215') in 0.0825547 seconds
Number of updated asset objects reloaded before import = 0Number of asset objects unloaded after import = 14

========================================================================
Received Import Request.
  Time since last request: 0.000276 seconds.
  path: Assets/STYLIZED Desert Kingdom/Prefabs/Modular Elements/SM_wall_arch_03 (1).prefab
  artifactKey: Guid(a7097a7be9a1ff5488996d6859fa92eb) Importer(2089858483,192608db42251d675da83286b1cce702)
Start importing Assets/STYLIZED Desert Kingdom/Prefabs/Modular Elements/SM_wall_arch_03 (1).prefab using Guid(a7097a7be9a1ff5488996d6859fa92eb) Importer(2089858483,192608db42251d675da83286b1cce702) (ScriptedImporter) -> (artifact id: '4445745cf33700e9a0e99ae6c953b482') in 0.2200503 seconds
Number of updated asset objects reloaded before import = 0Number of asset objects unloaded after import = 18

========================================================================
Received Import Request.
  Time since last request: 0.000037 seconds.
  path: Assets/STYLIZED Desert Kingdom/Materials/Textures/M_columns_Normal.png
  artifactKey: Guid(99201d15251a61641a3427e1e50120d8) Importer(2089858483,192608db42251d675da83286b1cce702)
Start importing Assets/STYLIZED Desert Kingdom/Materials/Textures/M_columns_Normal.png using Guid(99201d15251a61641a3427e1e50120d8) Importer(2089858483,192608db42251d675da83286b1cce702) (ScriptedImporter) -> (artifact id: 'a9cdcf5ec44fd0e42d797bf242e7b7cd') in 0.1223099 seconds
Number of updated asset objects reloaded before import = 0Number of asset objects unloaded after import = 1

========================================================================
Received Import Request.
  Time since last request: 0.000067 seconds.
  path: Assets/STYLIZED Desert Kingdom/Meshes/Modular Elements/SM_dome_04.fbx
  artifactKey: Guid(a48629bd1eb017b469236c30779f54ba) Importer(2089858483,192608db42251d675da83286b1cce702)
Start importing Assets/STYLIZED Desert Kingdom/Meshes/Modular Elements/SM_dome_04.fbx using Guid(a48629bd1eb017b469236c30779f54ba) Importer(2089858483,192608db42251d675da83286b1cce702) (ScriptedImporter) -> (artifact id: '6680ee9a73a4e8f966143ad924d77c77') in 0.1243854 seconds
Number of updated asset objects reloaded before import = 0Number of asset objects unloaded after import = 13

========================================================================
Received Import Request.
  Time since last request: 0.000036 seconds.
  path: Assets/STYLIZED Desert Kingdom/Prefabs/Traps/SM_bar_wooden.prefab
  artifactKey: Guid(ff4533ddf657b404f920e3b5f98b0994) Importer(2089858483,192608db42251d675da83286b1cce702)
Start importing Assets/STYLIZED Desert Kingdom/Prefabs/Traps/SM_bar_wooden.prefab using Guid(ff4533ddf657b404f920e3b5f98b0994) Importer(2089858483,192608db42251d675da83286b1cce702) (ScriptedImporter) -> (artifact id: 'dec9eac013b0d7ad0766d794a634a614') in 0.3078713 seconds
Number of updated asset objects reloaded before import = 0Number of asset objects unloaded after import = 16

========================================================================
Received Import Request.
  Time since last request: 0.000043 seconds.
  path: Assets/STYLIZED Desert Kingdom/Prefabs/Props/SM_chain.prefab
  artifactKey: Guid(2a8319c3e7876fc41ba09b583554d11f) Importer(2089858483,192608db42251d675da83286b1cce702)
Start importing Assets/STYLIZED Desert Kingdom/Prefabs/Props/SM_chain.prefab using Guid(2a8319c3e7876fc41ba09b583554d11f) Importer(2089858483,192608db42251d675da83286b1cce702) (ScriptedImporter) -> (artifact id: 'f5f9f6dd9bc07e13348af6341c92b339') in 0.0827743 seconds
Number of updated asset objects reloaded before import = 0Number of asset objects unloaded after import = 15

========================================================================
Received Import Request.
  Time since last request: 0.000075 seconds.
  path: Assets/STYLIZED Desert Kingdom/Meshes/Modular Elements/SM_door_wooden_02.fbx
  artifactKey: Guid(cac80426f86ae5c4a90333bae319e92e) Importer(2089858483,192608db42251d675da83286b1cce702)
Start importing Assets/STYLIZED Desert Kingdom/Meshes/Modular Elements/SM_door_wooden_02.fbx using Guid(cac80426f86ae5c4a90333bae319e92e) Importer(2089858483,192608db42251d675da83286b1cce702) (ScriptedImporter) -> (artifact id: 'c1f45e1da9df014bceb812b10682ef1c') in 0.080228 seconds
Number of updated asset objects reloaded before import = 0Number of asset objects unloaded after import = 13

========================================================================
Received Import Request.
  Time since last request: 0.000032 seconds.
  path: Assets/STYLIZED Desert Kingdom/Prefabs/Modular Elements/SM_railing_pillar_01 (13).prefab
  artifactKey: Guid(bb4c5fccab4019c40b90dae00dd015db) Importer(2089858483,192608db42251d675da83286b1cce702)
Start importing Assets/STYLIZED Desert Kingdom/Prefabs/Modular Elements/SM_railing_pillar_01 (13).prefab using Guid(bb4c5fccab4019c40b90dae00dd015db) Importer(2089858483,192608db42251d675da83286b1cce702) (ScriptedImporter) -> (artifact id: 'aaddb646124f425e12a40f62ed120465') in 0.0790004 seconds
Number of updated asset objects reloaded before import = 0Number of asset objects unloaded after import = 15

========================================================================
Received Import Request.
  Time since last request: 0.000033 seconds.
  path: Assets/STYLIZED Desert Kingdom/Prefabs/Props/SM_basket.prefab
  artifactKey: Guid(6ab90a7cc86d3e344b026e0d0f1866cd) Importer(2089858483,192608db42251d675da83286b1cce702)
Start importing Assets/STYLIZED Desert Kingdom/Prefabs/Props/SM_basket.prefab using Guid(6ab90a7cc86d3e344b026e0d0f1866cd) Importer(2089858483,192608db42251d675da83286b1cce702) (ScriptedImporter) -> (artifact id: 'e035728ddfbd6ee489e538ec6be74a47') in 0.0771293 seconds
Number of updated asset objects reloaded before import = 0Number of asset objects unloaded after import = 15

========================================================================
Received Import Request.
  Time since last request: 0.000040 seconds.
  path: Assets/STYLIZED Desert Kingdom/Meshes/Modular Elements/SM_floortiles_03.fbx
  artifactKey: Guid(3a19e5568ba072941902b1ff45bab6b7) Importer(2089858483,192608db42251d675da83286b1cce702)
Start importing Assets/STYLIZED Desert Kingdom/Meshes/Modular Elements/SM_floortiles_03.fbx using Guid(3a19e5568ba072941902b1ff45bab6b7) Importer(2089858483,192608db42251d675da83286b1cce702) (ScriptedImporter) -> (artifact id: '41080dec5c5a2b4730f880ad3899e2e2') in 0.0487256 seconds
Number of updated asset objects reloaded before import = 0Number of asset objects unloaded after import = 12

========================================================================
Received Import Request.
  Time since last request: 0.000056 seconds.
  path: Assets/STYLIZED Desert Kingdom/Materials/Materials/M_banner 2.mat
  artifactKey: Guid(13d70ff24ccdc8a4d8f42f23c7b949f1) Importer(2089858483,192608db42251d675da83286b1cce702)
Start importing Assets/STYLIZED Desert Kingdom/Materials/Materials/M_banner 2.mat using Guid(13d70ff24ccdc8a4d8f42f23c7b949f1) Importer(2089858483,192608db42251d675da83286b1cce702) (ScriptedImporter) -> (artifact id: '7db3c21d84c08ac30fa9dcb50ab2a7b0') in 0.2310183 seconds
Number of updated asset objects reloaded before import = 0Number of asset objects unloaded after import = 3

========================================================================
Received Import Request.
  Time since last request: 0.000026 seconds.
  path: Assets/STYLIZED Desert Kingdom/Meshes/Modular Elements/SM_wall_arch_02.fbx
  artifactKey: Guid(23260c51552c6d445a756c428ff17a53) Importer(2089858483,192608db42251d675da83286b1cce702)
Start importing Assets/STYLIZED Desert Kingdom/Meshes/Modular Elements/SM_wall_arch_02.fbx using Guid(23260c51552c6d445a756c428ff17a53) Importer(2089858483,192608db42251d675da83286b1cce702) (ScriptedImporter) -> (artifact id: '1bba1c321fbebc75cd1577eccc04d254') in 0.1535548 seconds
Number of updated asset objects reloaded before import = 0Number of asset objects unloaded after import = 18

========================================================================
Received Import Request.
  Time since last request: 0.000051 seconds.
  path: Assets/STYLIZED Desert Kingdom/Meshes/Modular Elements/SM_floortiles_small_01.fbx
  artifactKey: Guid(f054398dfd6cd05438b9376472131a36) Importer(2089858483,192608db42251d675da83286b1cce702)
Start importing Assets/STYLIZED Desert Kingdom/Meshes/Modular Elements/SM_floortiles_small_01.fbx using Guid(f054398dfd6cd05438b9376472131a36) Importer(2089858483,192608db42251d675da83286b1cce702) (ScriptedImporter) -> (artifact id: '1407e614688e097203d291c6a783dbd4') in 0.0756097 seconds
Number of updated asset objects reloaded before import = 0Number of asset objects unloaded after import = 13

========================================================================
Received Import Request.
  Time since last request: 0.000024 seconds.
  path: Assets/STYLIZED Desert Kingdom/Materials/Textures/M_wall_plaster_Normal.png
  artifactKey: Guid(e739e9dea61a003419002943172e876c) Importer(2089858483,192608db42251d675da83286b1cce702)
Start importing Assets/STYLIZED Desert Kingdom/Materials/Textures/M_wall_plaster_Normal.png using Guid(e739e9dea61a003419002943172e876c) Importer(2089858483,192608db42251d675da83286b1cce702) (ScriptedImporter) -> (artifact id: 'a50b8e2d961cf28625a8f38787fa9797') in 0.051471 seconds
Number of updated asset objects reloaded before import = 0Number of asset objects unloaded after import = 1

========================================================================
Received Import Request.
  Time since last request: 0.000042 seconds.
  path: Assets/STYLIZED Desert Kingdom/Materials/Textures/M_treebark_Normal 1.png
  artifactKey: Guid(84959c776abdc8d4b8c26afeedc7239a) Importer(2089858483,192608db42251d675da83286b1cce702)
Start importing Assets/STYLIZED Desert Kingdom/Materials/Textures/M_treebark_Normal 1.png using Guid(84959c776abdc8d4b8c26afeedc7239a) Importer(2089858483,192608db42251d675da83286b1cce702) (ScriptedImporter) -> (artifact id: 'a967d535dbc5f14b1e529b5d936a85d3') in 0.0691407 seconds
Number of updated asset objects reloaded before import = 0Number of asset objects unloaded after import = 1

========================================================================
Received Import Request.
  Time since last request: 0.000054 seconds.
  path: Assets/STYLIZED Desert Kingdom/Scenes/DEMO Citadel.unity
  artifactKey: Guid(d17a1db9e6ca4f74f9e9f60818f46a33) Importer(2089858483,192608db42251d675da83286b1cce702)
Start importing Assets/STYLIZED Desert Kingdom/Scenes/DEMO Citadel.unity using Guid(d17a1db9e6ca4f74f9e9f60818f46a33) Importer(2089858483,192608db42251d675da83286b1cce702) (ScriptedImporter) -> (artifact id: '3f4670b2caab1464caff1132e69acd86') in 0.3291713 seconds
Number of updated asset objects reloaded before import = 0Number of asset objects unloaded after import = 1

========================================================================
Received Import Request.
  Time since last request: 0.000029 seconds.
  path: Assets/STYLIZED Desert Kingdom/Prefabs/Modular Elements/SM_wall_arch_02.prefab
  artifactKey: Guid(b21831270d6345a45b2fc17c4891cc05) Importer(2089858483,192608db42251d675da83286b1cce702)
Start importing Assets/STYLIZED Desert Kingdom/Prefabs/Modular Elements/SM_wall_arch_02.prefab using Guid(b21831270d6345a45b2fc17c4891cc05) Importer(2089858483,192608db42251d675da83286b1cce702) (ScriptedImporter) -> (artifact id: 'c5c5ed091d6f59e1158b53b2058d8275') in 0.103318 seconds
Number of updated asset objects reloaded before import = 0Number of asset objects unloaded after import = 17

========================================================================
Received Import Request.
  Time since last request: 0.000041 seconds.
  path: Assets/STYLIZED Desert Kingdom/Materials/Textures/M_tiles_floor_Height.png
  artifactKey: Guid(0886b0bb0d693e7469d1f620782768d2) Importer(2089858483,192608db42251d675da83286b1cce702)
Start importing Assets/STYLIZED Desert Kingdom/Materials/Textures/M_tiles_floor_Height.png using Guid(0886b0bb0d693e7469d1f620782768d2) Importer(2089858483,192608db42251d675da83286b1cce702) (ScriptedImporter) -> (artifact id: 'b36e27d3b55debb6213202473bfa1e47') in 0.0483387 seconds
Number of updated asset objects reloaded before import = 0Number of asset objects unloaded after import = 1

========================================================================
Received Import Request.
  Time since last request: 0.000034 seconds.
  path: Assets/STYLIZED Desert Kingdom/Materials/Textures/M_market_foods_BaseMap.png
  artifactKey: Guid(c54f124a9b74aab4d8172aa3649484ed) Importer(2089858483,192608db42251d675da83286b1cce702)
Start importing Assets/STYLIZED Desert Kingdom/Materials/Textures/M_market_foods_BaseMap.png using Guid(c54f124a9b74aab4d8172aa3649484ed) Importer(2089858483,192608db42251d675da83286b1cce702) (ScriptedImporter) -> (artifact id: '02e0196ecb029fc904d3d245b2b6d997') in 0.0568818 seconds
Number of updated asset objects reloaded before import = 0Number of asset objects unloaded after import = 1

========================================================================
Received Import Request.
  Time since last request: 0.000032 seconds.
  path: Assets/STYLIZED Desert Kingdom/Materials/Materials/M_door_fancy.mat
  artifactKey: Guid(40df16c0fcab6cc40ac2167abe45ca85) Importer(2089858483,192608db42251d675da83286b1cce702)
Start importing Assets/STYLIZED Desert Kingdom/Materials/Materials/M_door_fancy.mat using Guid(40df16c0fcab6cc40ac2167abe45ca85) Importer(2089858483,192608db42251d675da83286b1cce702) (ScriptedImporter) -> (artifact id: '7cf7e4bc24159ce892263e375f72e76c') in 0.2499026 seconds
Number of updated asset objects reloaded before import = 0Number of asset objects unloaded after import = 4

========================================================================
Received Import Request.
  Time since last request: 0.000046 seconds.
  path: Assets/STYLIZED Desert Kingdom/Meshes/Props/SM_streetlamp_india_01.fbx
  artifactKey: Guid(723d40ca65cf97047b79a3a2a282a78c) Importer(2089858483,192608db42251d675da83286b1cce702)
Start importing Assets/STYLIZED Desert Kingdom/Meshes/Props/SM_streetlamp_india_01.fbx using Guid(723d40ca65cf97047b79a3a2a282a78c) Importer(2089858483,192608db42251d675da83286b1cce702) (ScriptedImporter) -> (artifact id: '250589c4841cb18eaad4dc10f176e334') in 0.0833091 seconds
Number of updated asset objects reloaded before import = 0Number of asset objects unloaded after import = 12

========================================================================
Received Import Request.
  Time since last request: 0.000030 seconds.
  path: Assets/STYLIZED Desert Kingdom/Materials/Textures/M_window_frames_BaseMap.png
  artifactKey: Guid(30a52526a49e91c4e945ec363f080a8b) Importer(2089858483,192608db42251d675da83286b1cce702)
Start importing Assets/STYLIZED Desert Kingdom/Materials/Textures/M_window_frames_BaseMap.png using Guid(30a52526a49e91c4e945ec363f080a8b) Importer(2089858483,192608db42251d675da83286b1cce702) (ScriptedImporter) -> (artifact id: '9c5635d6c7b7db6977498366d003598b') in 0.0876405 seconds
Number of updated asset objects reloaded before import = 0Number of asset objects unloaded after import = 1

========================================================================
Received Import Request.
  Time since last request: 0.000080 seconds.
  path: Assets/STYLIZED Desert Kingdom/Materials/Materials/M_statue_phoenix 1.mat
  artifactKey: Guid(284839f1585d12341bc32f534d7dd9a2) Importer(2089858483,192608db42251d675da83286b1cce702)
Start importing Assets/STYLIZED Desert Kingdom/Materials/Materials/M_statue_phoenix 1.mat using Guid(284839f1585d12341bc32f534d7dd9a2) Importer(2089858483,192608db42251d675da83286b1cce702) (ScriptedImporter) -> (artifact id: '21c05f060c885545b99e2471701fb545') in 0.3777548 seconds
Number of updated asset objects reloaded before import = 0Number of asset objects unloaded after import = 4

========================================================================
Received Import Request.
  Time since last request: 0.000066 seconds.
  path: Assets/STYLIZED Desert Kingdom/Meshes/Building Parts/SM_wall_connector_01.fbx
  artifactKey: Guid(f49c42141facfed4bba828a4507d4e1d) Importer(2089858483,192608db42251d675da83286b1cce702)
Start importing Assets/STYLIZED Desert Kingdom/Meshes/Building Parts/SM_wall_connector_01.fbx using Guid(f49c42141facfed4bba828a4507d4e1d) Importer(2089858483,192608db42251d675da83286b1cce702) (ScriptedImporter) -> (artifact id: '8ed6eccc9ab0f264aa05b96da1322471') in 0.1113641 seconds
Number of updated asset objects reloaded before import = 0Number of asset objects unloaded after import = 13

========================================================================
Received Import Request.
  Time since last request: 0.000028 seconds.
  path: Assets/STYLIZED Desert Kingdom/Meshes/Buildings/SM_palace_01.fbx
  artifactKey: Guid(f48582bf0e3f30442a65ba6e440c9bad) Importer(2089858483,192608db42251d675da83286b1cce702)
Start importing Assets/STYLIZED Desert Kingdom/Meshes/Buildings/SM_palace_01.fbx using Guid(f48582bf0e3f30442a65ba6e440c9bad) Importer(2089858483,192608db42251d675da83286b1cce702) (ScriptedImporter) -> (artifact id: '8d80b76f5d7fc6f2e052a40ee358aa37') in 0.5155971 seconds
Number of updated asset objects reloaded before import = 0Number of asset objects unloaded after import = 21

========================================================================
Received Import Request.
  Time since last request: 0.000047 seconds.
  path: Assets/STYLIZED Desert Kingdom/Prefabs/Props/SM_cart_preset_05.prefab
  artifactKey: Guid(0f9671b43496e9a4db9c28aca7f38303) Importer(2089858483,192608db42251d675da83286b1cce702)
Start importing Assets/STYLIZED Desert Kingdom/Prefabs/Props/SM_cart_preset_05.prefab using Guid(0f9671b43496e9a4db9c28aca7f38303) Importer(2089858483,192608db42251d675da83286b1cce702) (ScriptedImporter) -> (artifact id: 'd331d935ec2cb6d6436258d52d364c98') in 0.13563 seconds
Number of updated asset objects reloaded before import = 0Number of asset objects unloaded after import = 16

========================================================================
Received Import Request.
  Time since last request: 0.000064 seconds.
  path: Assets/STYLIZED Desert Kingdom/Meshes/Props/new/SM_carpet_01.fbx
  artifactKey: Guid(7950a4b59be90f64cbf46ed1ce411a4d) Importer(2089858483,192608db42251d675da83286b1cce702)
Start importing Assets/STYLIZED Desert Kingdom/Meshes/Props/new/SM_carpet_01.fbx using Guid(7950a4b59be90f64cbf46ed1ce411a4d) Importer(2089858483,192608db42251d675da83286b1cce702) (ScriptedImporter) -> (artifact id: '9cf0fde836121ef74611838afdb56488') in 0.065396 seconds
Number of updated asset objects reloaded before import = 0Number of asset objects unloaded after import = 12

========================================================================
Received Import Request.
  Time since last request: 0.000032 seconds.
  path: Assets/STYLIZED Desert Kingdom/Prefabs/Modular Elements/SM_pillar_module_01.prefab
  artifactKey: Guid(d8c2164815d62fc46b25b3199fa131d9) Importer(2089858483,192608db42251d675da83286b1cce702)
Start importing Assets/STYLIZED Desert Kingdom/Prefabs/Modular Elements/SM_pillar_module_01.prefab using Guid(d8c2164815d62fc46b25b3199fa131d9) Importer(2089858483,192608db42251d675da83286b1cce702) (ScriptedImporter) -> (artifact id: 'c42c85197833e92e76c5bd2cff640eaf') in 0.1063051 seconds
Number of updated asset objects reloaded before import = 0Number of asset objects unloaded after import = 17

========================================================================
Received Import Request.
  Time since last request: 0.000052 seconds.
  path: Assets/STYLIZED Desert Kingdom/Meshes/Modular Elements/SM_railing_03.fbx
  artifactKey: Guid(ee026e737b314e247aad3220be160e05) Importer(2089858483,192608db42251d675da83286b1cce702)
Start importing Assets/STYLIZED Desert Kingdom/Meshes/Modular Elements/SM_railing_03.fbx using Guid(ee026e737b314e247aad3220be160e05) Importer(2089858483,192608db42251d675da83286b1cce702) (ScriptedImporter) -> (artifact id: '3073303335de5ed20ee8441b5ba9b7a4') in 0.0560235 seconds
Number of updated asset objects reloaded before import = 0Number of asset objects unloaded after import = 14

========================================================================
Received Import Request.
  Time since last request: 0.000304 seconds.
  path: Assets/STYLIZED Desert Kingdom/Materials/Materials/M_sandstone.mat
  artifactKey: Guid(9d193916465c6cb4c9866a1e75a83989) Importer(2089858483,192608db42251d675da83286b1cce702)
Start importing Assets/STYLIZED Desert Kingdom/Materials/Materials/M_sandstone.mat using Guid(9d193916465c6cb4c9866a1e75a83989) Importer(2089858483,192608db42251d675da83286b1cce702) (ScriptedImporter) -> (artifact id: '56480f6f9f3fbce68a27dff9bb6ca1c4') in 0.1231918 seconds
Number of updated asset objects reloaded before import = 0Number of asset objects unloaded after import = 4

========================================================================
Received Import Request.
  Time since last request: 0.000031 seconds.
  path: Assets/STYLIZED Desert Kingdom/Prefabs/Traps/SM_blades_wheel.prefab
  artifactKey: Guid(71390e329e8e4594ca43dd21a22e1377) Importer(2089858483,192608db42251d675da83286b1cce702)
Start importing Assets/STYLIZED Desert Kingdom/Prefabs/Traps/SM_blades_wheel.prefab using Guid(71390e329e8e4594ca43dd21a22e1377) Importer(2089858483,192608db42251d675da83286b1cce702) (ScriptedImporter) -> (artifact id: 'c5073d530763248a1587c2a12fc52132') in 0.0947199 seconds
Number of updated asset objects reloaded before import = 0Number of asset objects unloaded after import = 15

========================================================================
Received Import Request.
  Time since last request: 0.000039 seconds.
  path: Assets/STYLIZED Desert Kingdom/Prefabs/Buildings/SM_minaret_01 (1).prefab
  artifactKey: Guid(4261400c9af48554b8f149c59fe1dd93) Importer(2089858483,192608db42251d675da83286b1cce702)
Start importing Assets/STYLIZED Desert Kingdom/Prefabs/Buildings/SM_minaret_01 (1).prefab using Guid(4261400c9af48554b8f149c59fe1dd93) Importer(2089858483,192608db42251d675da83286b1cce702) (ScriptedImporter) -> (artifact id: 'bd2dd4d15a13158e08528be4186ac6ec') in 0.0953629 seconds
Number of updated asset objects reloaded before import = 0Number of asset objects unloaded after import = 21

========================================================================
Received Import Request.
  Time since last request: 0.000040 seconds.
  path: Assets/STYLIZED Desert Kingdom/Meshes/Building Parts/SM_column_03.fbx
  artifactKey: Guid(bcfd3d1c035e63249a6695ae797de13f) Importer(2089858483,192608db42251d675da83286b1cce702)
Start importing Assets/STYLIZED Desert Kingdom/Meshes/Building Parts/SM_column_03.fbx using Guid(bcfd3d1c035e63249a6695ae797de13f) Importer(2089858483,192608db42251d675da83286b1cce702) (ScriptedImporter) -> (artifact id: '41bf361ca199e6c8e450173776f9ec2c') in 0.0665974 seconds
Number of updated asset objects reloaded before import = 0Number of asset objects unloaded after import = 12

========================================================================
Received Import Request.
  Time since last request: 0.000052 seconds.
  path: Assets/STYLIZED Desert Kingdom/Prefabs/Modular Elements/SM_rooftop_dome.prefab
  artifactKey: Guid(de81928c58c67944fbc58917760adf64) Importer(2089858483,192608db42251d675da83286b1cce702)
Start importing Assets/STYLIZED Desert Kingdom/Prefabs/Modular Elements/SM_rooftop_dome.prefab using Guid(de81928c58c67944fbc58917760adf64) Importer(2089858483,192608db42251d675da83286b1cce702) (ScriptedImporter) -> (artifact id: '710ab71d2f46589c0d97e010b7d7a3f6') in 0.1044918 seconds
Number of updated asset objects reloaded before import = 0Number of asset objects unloaded after import = 16

========================================================================
Received Import Request.
  Time since last request: 0.000032 seconds.
  path: Assets/STYLIZED Desert Kingdom/Meshes/Props/SM_spices_market_03.fbx
  artifactKey: Guid(2ddf26ecf33b39e4da29740cfd5e0110) Importer(2089858483,192608db42251d675da83286b1cce702)
Start importing Assets/STYLIZED Desert Kingdom/Meshes/Props/SM_spices_market_03.fbx using Guid(2ddf26ecf33b39e4da29740cfd5e0110) Importer(2089858483,192608db42251d675da83286b1cce702) (ScriptedImporter) -> (artifact id: 'c8c01dce4a00fc708a31d075fc5a2b04') in 0.0824172 seconds
Number of updated asset objects reloaded before import = 0Number of asset objects unloaded after import = 13

========================================================================
Received Import Request.
  Time since last request: 0.000037 seconds.
  path: Assets/STYLIZED Desert Kingdom/Prefabs/Modular Elements/SM_wall_window_01.prefab
  artifactKey: Guid(90338f5000f1f3846b43350f74d9fbae) Importer(2089858483,192608db42251d675da83286b1cce702)
Start importing Assets/STYLIZED Desert Kingdom/Prefabs/Modular Elements/SM_wall_window_01.prefab using Guid(90338f5000f1f3846b43350f74d9fbae) Importer(2089858483,192608db42251d675da83286b1cce702) (ScriptedImporter) -> (artifact id: '7dc7764b335063ab975bb7c106a6d62a') in 0.0774529 seconds
Number of updated asset objects reloaded before import = 0Number of asset objects unloaded after import = 17

========================================================================
Received Import Request.
  Time since last request: 0.000035 seconds.
  path: Assets/STYLIZED Desert Kingdom/Meshes/Modular Elements/SM_wall_large_04.fbx
  artifactKey: Guid(23c50cc248e5bef4fbea6223ba0fedf5) Importer(2089858483,192608db42251d675da83286b1cce702)
Start importing Assets/STYLIZED Desert Kingdom/Meshes/Modular Elements/SM_wall_large_04.fbx using Guid(23c50cc248e5bef4fbea6223ba0fedf5) Importer(2089858483,192608db42251d675da83286b1cce702) (ScriptedImporter) -> (artifact id: 'c43f8c2f56b04ff9c33441836d93fab2') in 0.1125728 seconds
Number of updated asset objects reloaded before import = 0Number of asset objects unloaded after import = 19

========================================================================
Received Import Request.
  Time since last request: 0.000047 seconds.
  path: Assets/STYLIZED Desert Kingdom/Prefabs/Traps/SM_blades_rotating_preset.prefab
  artifactKey: Guid(38d20e6ecb3e99d429f47b89b6920030) Importer(2089858483,192608db42251d675da83286b1cce702)
Start importing Assets/STYLIZED Desert Kingdom/Prefabs/Traps/SM_blades_rotating_preset.prefab using Guid(38d20e6ecb3e99d429f47b89b6920030) Importer(2089858483,192608db42251d675da83286b1cce702) (ScriptedImporter) -> (artifact id: '0b07d96c83a51fbbd6424e3f31a08042') in 0.1113987 seconds
Number of updated asset objects reloaded before import = 0Number of asset objects unloaded after import = 20

========================================================================
Received Import Request.
  Time since last request: 0.000080 seconds.
  path: Assets/STYLIZED Desert Kingdom/Prefabs/Props
  artifactKey: Guid(fb3412d657054b9499bf181004ccfaed) Importer(2089858483,192608db42251d675da83286b1cce702)
Start importing Assets/STYLIZED Desert Kingdom/Prefabs/Props using Guid(fb3412d657054b9499bf181004ccfaed) Importer(2089858483,192608db42251d675da83286b1cce702) (ScriptedImporter) -> (artifact id: 'e8f9da79b17b64b35c55f162b27b126c') in 0.0285771 seconds
Number of updated asset objects reloaded before import = 0Number of asset objects unloaded after import = 1

========================================================================
Received Import Request.
  Time since last request: 0.000045 seconds.
  path: Assets/STYLIZED Desert Kingdom/Materials/Materials/M_fence.mat
  artifactKey: Guid(fdbc17abb95985944a03ed26ce2bc510) Importer(2089858483,192608db42251d675da83286b1cce702)
Start importing Assets/STYLIZED Desert Kingdom/Materials/Materials/M_fence.mat using Guid(fdbc17abb95985944a03ed26ce2bc510) Importer(2089858483,192608db42251d675da83286b1cce702) (ScriptedImporter) -> (artifact id: 'f0999f24abab238859b6984f8b7c0808') in 0.1141302 seconds
Number of updated asset objects reloaded before import = 0Number of asset objects unloaded after import = 4

========================================================================
Received Import Request.
  Time since last request: 0.000038 seconds.
  path: Assets/STYLIZED Desert Kingdom/Materials/Textures/M_skybox_01 1 - Copy.png
  artifactKey: Guid(1f80c733acd47e041a1df59968855fe8) Importer(2089858483,192608db42251d675da83286b1cce702)
Start importing Assets/STYLIZED Desert Kingdom/Materials/Textures/M_skybox_01 1 - Copy.png using Guid(1f80c733acd47e041a1df59968855fe8) Importer(2089858483,192608db42251d675da83286b1cce702) (ScriptedImporter) -> (artifact id: '8c5bc59ac6b0e9295b72eff68736dc05') in 0.0707698 seconds
Number of updated asset objects reloaded before import = 0Number of asset objects unloaded after import = 1

========================================================================
Received Import Request.
  Time since last request: 0.000071 seconds.
  path: Assets/STYLIZED Desert Kingdom/Meshes/Props/new03/SM_cart_preset_04.fbx
  artifactKey: Guid(873998f175945ff40b557fcbceafd251) Importer(2089858483,192608db42251d675da83286b1cce702)
Start importing Assets/STYLIZED Desert Kingdom/Meshes/Props/new03/SM_cart_preset_04.fbx using Guid(873998f175945ff40b557fcbceafd251) Importer(2089858483,192608db42251d675da83286b1cce702) (ScriptedImporter) -> (artifact id: '44a82bf719db8db0e713d7386c95210b') in 0.0761404 seconds
Number of updated asset objects reloaded before import = 0Number of asset objects unloaded after import = 13

========================================================================
Received Import Request.
  Time since last request: 0.000055 seconds.
  path: Assets/STYLIZED Desert Kingdom/Meshes/Modular Elements/SM_bridge_preset.fbx
  artifactKey: Guid(fb67f54f3cc9c5649b794fd18c934a0f) Importer(2089858483,192608db42251d675da83286b1cce702)
Start importing Assets/STYLIZED Desert Kingdom/Meshes/Modular Elements/SM_bridge_preset.fbx using Guid(fb67f54f3cc9c5649b794fd18c934a0f) Importer(2089858483,192608db42251d675da83286b1cce702) (ScriptedImporter) -> (artifact id: '3da8eac0eaa0fc04da82e0708760e2e3') in 0.2996122 seconds
Number of updated asset objects reloaded before import = 0Number of asset objects unloaded after import = 19

========================================================================
Received Import Request.
  Time since last request: 0.000043 seconds.
  path: Assets/STYLIZED Desert Kingdom/Prefabs/Props/SM_cart_01.prefab
  artifactKey: Guid(89170f5933906804291235bdbd077aeb) Importer(2089858483,192608db42251d675da83286b1cce702)
Start importing Assets/STYLIZED Desert Kingdom/Prefabs/Props/SM_cart_01.prefab using Guid(89170f5933906804291235bdbd077aeb) Importer(2089858483,192608db42251d675da83286b1cce702) (ScriptedImporter) -> (artifact id: 'b6a5607ec2d9e97cb56d3ee0d5b6bb75') in 0.0984155 seconds
Number of updated asset objects reloaded before import = 0Number of asset objects unloaded after import = 15

========================================================================
Received Import Request.
  Time since last request: 0.000057 seconds.
  path: Assets/STYLIZED Desert Kingdom/Materials/Materials/M_carpets.mat
  artifactKey: Guid(afe6ca6c368b1ad42954f50b3b8d8321) Importer(2089858483,192608db42251d675da83286b1cce702)
Start importing Assets/STYLIZED Desert Kingdom/Materials/Materials/M_carpets.mat using Guid(afe6ca6c368b1ad42954f50b3b8d8321) Importer(2089858483,192608db42251d675da83286b1cce702) (ScriptedImporter) -> (artifact id: 'd4081fd2be844a8ce28f612f3db5dcec') in 0.050538 seconds
Number of updated asset objects reloaded before import = 0Number of asset objects unloaded after import = 3

========================================================================
Received Import Request.
  Time since last request: 0.000034 seconds.
  path: Assets/STYLIZED Desert Kingdom/Materials/Textures/M_doors_BaseMap.png
  artifactKey: Guid(d3914d66dcc408246a813c370e6b0cc9) Importer(2089858483,192608db42251d675da83286b1cce702)
Start importing Assets/STYLIZED Desert Kingdom/Materials/Textures/M_doors_BaseMap.png using Guid(d3914d66dcc408246a813c370e6b0cc9) Importer(2089858483,192608db42251d675da83286b1cce702) (ScriptedImporter) -> (artifact id: 'c8cfedfe9cb056cf5170cea757192905') in 0.0513283 seconds
Number of updated asset objects reloaded before import = 0Number of asset objects unloaded after import = 1

========================================================================
Received Import Request.
  Time since last request: 0.000031 seconds.
  path: Assets/STYLIZED Desert Kingdom/Meshes/Modular Elements/SM_roof_cresting_01.fbx
  artifactKey: Guid(b419917dc0909f046ab77a3648d3d717) Importer(2089858483,192608db42251d675da83286b1cce702)
Start importing Assets/STYLIZED Desert Kingdom/Meshes/Modular Elements/SM_roof_cresting_01.fbx using Guid(b419917dc0909f046ab77a3648d3d717) Importer(2089858483,192608db42251d675da83286b1cce702) (ScriptedImporter) -> (artifact id: '234793d5aeacfe45d7fbd7d03cce45d2') in 0.0582556 seconds
Number of updated asset objects reloaded before import = 0Number of asset objects unloaded after import = 12

========================================================================
Received Import Request.
  Time since last request: 0.000068 seconds.
  path: Assets/STYLIZED Desert Kingdom/Meshes/Buildings/New Folder/SM_minaret_01.fbx
  artifactKey: Guid(f19b843237329f946862992f023c45ea) Importer(2089858483,192608db42251d675da83286b1cce702)
Start importing Assets/STYLIZED Desert Kingdom/Meshes/Buildings/New Folder/SM_minaret_01.fbx using Guid(f19b843237329f946862992f023c45ea) Importer(2089858483,192608db42251d675da83286b1cce702) (ScriptedImporter) -> (artifact id: 'a25b42dc1a5b79b20807a1eba6a223c2') in 0.2050069 seconds
Number of updated asset objects reloaded before import = 0Number of asset objects unloaded after import = 21

========================================================================
Received Import Request.
  Time since last request: 0.000052 seconds.
  path: Assets/STYLIZED Desert Kingdom/Prefabs/Traps/SM_spike_trap_spikes.prefab
  artifactKey: Guid(3887629a088bbc0488dce1fb795f4bb1) Importer(2089858483,192608db42251d675da83286b1cce702)
Start importing Assets/STYLIZED Desert Kingdom/Prefabs/Traps/SM_spike_trap_spikes.prefab using Guid(3887629a088bbc0488dce1fb795f4bb1) Importer(2089858483,192608db42251d675da83286b1cce702) (ScriptedImporter) -> (artifact id: 'e33a51d3e3fc9ba9f9ed9b7ca6795841') in 0.0876475 seconds
Number of updated asset objects reloaded before import = 0Number of asset objects unloaded after import = 15

========================================================================
Received Import Request.
  Time since last request: 0.000061 seconds.
  path: Assets/STYLIZED Desert Kingdom/Prefabs/Modular Elements/SM_wall_door_large.prefab
  artifactKey: Guid(1c19635f110c9f448b4280df26cba6a8) Importer(2089858483,192608db42251d675da83286b1cce702)
Start importing Assets/STYLIZED Desert Kingdom/Prefabs/Modular Elements/SM_wall_door_large.prefab using Guid(1c19635f110c9f448b4280df26cba6a8) Importer(2089858483,192608db42251d675da83286b1cce702) (ScriptedImporter) -> (artifact id: '8d74e7cb31308d48120eb77746afcdab') in 0.0813442 seconds
Number of updated asset objects reloaded before import = 0Number of asset objects unloaded after import = 16

========================================================================
Received Import Request.
  Time since last request: 0.000043 seconds.
  path: Assets/STYLIZED Desert Kingdom/Meshes/Modular Elements/SM_wall_window_02.fbx
  artifactKey: Guid(a11403b51bae85048b2fc28cbb8b5af0) Importer(2089858483,192608db42251d675da83286b1cce702)
Start importing Assets/STYLIZED Desert Kingdom/Meshes/Modular Elements/SM_wall_window_02.fbx using Guid(a11403b51bae85048b2fc28cbb8b5af0) Importer(2089858483,192608db42251d675da83286b1cce702) (ScriptedImporter) -> (artifact id: 'd49094e4fccf3b7cb7973a7ba3aae6c0') in 0.0891089 seconds
Number of updated asset objects reloaded before import = 0Number of asset objects unloaded after import = 15

========================================================================
Received Import Request.
  Time since last request: 0.000039 seconds.
  path: Assets/STYLIZED Desert Kingdom/Meshes/Modular Elements/SM_dome_03.fbx
  artifactKey: Guid(34b27484746fa97418bc224b0e4bb576) Importer(2089858483,192608db42251d675da83286b1cce702)
Start importing Assets/STYLIZED Desert Kingdom/Meshes/Modular Elements/SM_dome_03.fbx using Guid(34b27484746fa97418bc224b0e4bb576) Importer(2089858483,192608db42251d675da83286b1cce702) (ScriptedImporter) -> (artifact id: 'd5d4d121c9ad57611775147daf6d56c1') in 0.0623375 seconds
Number of updated asset objects reloaded before import = 0Number of asset objects unloaded after import = 15

========================================================================
Received Import Request.
  Time since last request: 0.000048 seconds.
  path: Assets/STYLIZED Desert Kingdom/Prefabs/Buildings/SM_palace_01.prefab
  artifactKey: Guid(b9d4b24b2ec3be545a0984c5098ff71e) Importer(2089858483,192608db42251d675da83286b1cce702)
Start importing Assets/STYLIZED Desert Kingdom/Prefabs/Buildings/SM_palace_01.prefab using Guid(b9d4b24b2ec3be545a0984c5098ff71e) Importer(2089858483,192608db42251d675da83286b1cce702) (ScriptedImporter) -> (artifact id: '28383cb8327cfb8bcfccfe67f84de476') in 0.2440392 seconds
Number of updated asset objects reloaded before import = 0Number of asset objects unloaded after import = 22

========================================================================
Received Import Request.
  Time since last request: 0.000080 seconds.
  path: Assets/STYLIZED Desert Kingdom/Meshes/Props/SM_brazier_01.fbx
  artifactKey: Guid(0c019a2d0c92a2c4eb73a106e9d0f0e2) Importer(2089858483,192608db42251d675da83286b1cce702)
Start importing Assets/STYLIZED Desert Kingdom/Meshes/Props/SM_brazier_01.fbx using Guid(0c019a2d0c92a2c4eb73a106e9d0f0e2) Importer(2089858483,192608db42251d675da83286b1cce702) (ScriptedImporter) -> (artifact id: '82a9e877dccf88e150f020efb840f88b') in 0.0704385 seconds
Number of updated asset objects reloaded before import = 0Number of asset objects unloaded after import = 12

========================================================================
Received Import Request.
  Time since last request: 0.000051 seconds.
  path: Assets/STYLIZED Desert Kingdom/Prefabs/Props/SM_marketstand_preset_01.prefab
  artifactKey: Guid(0c6ac1d2b1399764ea6af83d837434b1) Importer(2089858483,192608db42251d675da83286b1cce702)
Start importing Assets/STYLIZED Desert Kingdom/Prefabs/Props/SM_marketstand_preset_01.prefab using Guid(0c6ac1d2b1399764ea6af83d837434b1) Importer(2089858483,192608db42251d675da83286b1cce702) (ScriptedImporter) -> (artifact id: '98488171262df2b6e4f85406701c5437') in 0.0964426 seconds
Number of updated asset objects reloaded before import = 0Number of asset objects unloaded after import = 18

========================================================================
Received Import Request.
  Time since last request: 0.000025 seconds.
  path: Assets/STYLIZED Desert Kingdom/Meshes/Props/new03/SM_marketstand_preset_02.fbx
  artifactKey: Guid(90760c6c0301b2f4b953717b35b27020) Importer(2089858483,192608db42251d675da83286b1cce702)
Start importing Assets/STYLIZED Desert Kingdom/Meshes/Props/new03/SM_marketstand_preset_02.fbx using Guid(90760c6c0301b2f4b953717b35b27020) Importer(2089858483,192608db42251d675da83286b1cce702) (ScriptedImporter) -> (artifact id: '60c67d406740ab2be96535a53cb82338') in 0.0975824 seconds
Number of updated asset objects reloaded before import = 0Number of asset objects unloaded after import = 17

========================================================================
Received Import Request.
  Time since last request: 0.000039 seconds.
  path: Assets/STYLIZED Desert Kingdom/Prefabs/Modular Elements/SM_column_great_01.prefab
  artifactKey: Guid(850627d0acaef39408ba60c984306210) Importer(2089858483,192608db42251d675da83286b1cce702)
Start importing Assets/STYLIZED Desert Kingdom/Prefabs/Modular Elements/SM_column_great_01.prefab using Guid(850627d0acaef39408ba60c984306210) Importer(2089858483,192608db42251d675da83286b1cce702) (ScriptedImporter) -> (artifact id: 'b1565b37c815076d74bf5f490048d686') in 0.1047231 seconds
Number of updated asset objects reloaded before import = 0Number of asset objects unloaded after import = 15

========================================================================
Received Import Request.
  Time since last request: 0.000058 seconds.
  path: Assets/STYLIZED Desert Kingdom/Meshes/Modular Elements/SM_ceiling_dome_02.fbx
  artifactKey: Guid(f3f58ff8d08ff1541bd577a5e2b7c8e3) Importer(2089858483,192608db42251d675da83286b1cce702)
Start importing Assets/STYLIZED Desert Kingdom/Meshes/Modular Elements/SM_ceiling_dome_02.fbx using Guid(f3f58ff8d08ff1541bd577a5e2b7c8e3) Importer(2089858483,192608db42251d675da83286b1cce702) (ScriptedImporter) -> (artifact id: '60c92717888802d8d8c0ae314a9773b7') in 0.079209 seconds
Number of updated asset objects reloaded before import = 0Number of asset objects unloaded after import = 14

========================================================================
Received Import Request.
  Time since last request: 0.000041 seconds.
  path: Assets/STYLIZED Desert Kingdom/Prefabs/Buildings/SM_mausoleum_01 (1).prefab
  artifactKey: Guid(d254ef6c0e1930a428faa8cb91642332) Importer(2089858483,192608db42251d675da83286b1cce702)
Start importing Assets/STYLIZED Desert Kingdom/Prefabs/Buildings/SM_mausoleum_01 (1).prefab using Guid(d254ef6c0e1930a428faa8cb91642332) Importer(2089858483,192608db42251d675da83286b1cce702) (ScriptedImporter) -> (artifact id: 'a9c7317a629c249d23537c19cade1dee') in 0.1484975 seconds
Number of updated asset objects reloaded before import = 0Number of asset objects unloaded after import = 22

========================================================================
Received Import Request.
  Time since last request: 0.000076 seconds.
  path: Assets/STYLIZED Desert Kingdom/Prefabs/Modular Elements/SM_wall_window_02.prefab
  artifactKey: Guid(7a5a32ac765adf7429f0724c15dcc4f9) Importer(2089858483,192608db42251d675da83286b1cce702)
Start importing Assets/STYLIZED Desert Kingdom/Prefabs/Modular Elements/SM_wall_window_02.prefab using Guid(7a5a32ac765adf7429f0724c15dcc4f9) Importer(2089858483,192608db42251d675da83286b1cce702) (ScriptedImporter) -> (artifact id: '44b8843773f3ca6de8d4f04086606efe') in 0.0965611 seconds
Number of updated asset objects reloaded before import = 0Number of asset objects unloaded after import = 17

========================================================================
Received Import Request.
  Time since last request: 0.000060 seconds.
  path: Assets/STYLIZED Desert Kingdom/Meshes/Modular Elements/SM_door_ornate_01.fbx
  artifactKey: Guid(28ae9b09b06c0774280b88bd33eb7067) Importer(2089858483,192608db42251d675da83286b1cce702)
Start importing Assets/STYLIZED Desert Kingdom/Meshes/Modular Elements/SM_door_ornate_01.fbx using Guid(28ae9b09b06c0774280b88bd33eb7067) Importer(2089858483,192608db42251d675da83286b1cce702) (ScriptedImporter) -> (artifact id: 'cf4311ebcb809004b87bc0401a694f2c') in 0.058105 seconds
Number of updated asset objects reloaded before import = 0Number of asset objects unloaded after import = 12

========================================================================
Received Import Request.
  Time since last request: 0.000030 seconds.
  path: Assets/STYLIZED Desert Kingdom/Prefabs/Modular Elements/SM_dome_04.prefab
  artifactKey: Guid(73f23e332df5e004ca080e27305f2319) Importer(2089858483,192608db42251d675da83286b1cce702)
Start importing Assets/STYLIZED Desert Kingdom/Prefabs/Modular Elements/SM_dome_04.prefab using Guid(73f23e332df5e004ca080e27305f2319) Importer(2089858483,192608db42251d675da83286b1cce702) (ScriptedImporter) -> (artifact id: 'ef523c9952c629270db5a72f7c056e19') in 0.0887909 seconds
Number of updated asset objects reloaded before import = 0Number of asset objects unloaded after import = 15

========================================================================
Received Import Request.
  Time since last request: 0.000041 seconds.
  path: Assets/STYLIZED Desert Kingdom/Materials/Textures/M_doors_MaskMap.png
  artifactKey: Guid(8dd434dc00b7ed64aa0c893aa5410c6b) Importer(2089858483,192608db42251d675da83286b1cce702)
Start importing Assets/STYLIZED Desert Kingdom/Materials/Textures/M_doors_MaskMap.png using Guid(8dd434dc00b7ed64aa0c893aa5410c6b) Importer(2089858483,192608db42251d675da83286b1cce702) (ScriptedImporter) -> (artifact id: '4d51d71a0a68ae4320c0c6d1535ff9d2') in 0.1869916 seconds
Number of updated asset objects reloaded before import = 0Number of asset objects unloaded after import = 1

========================================================================
Received Import Request.
  Time since last request: 0.000048 seconds.
  path: Assets/STYLIZED Desert Kingdom/Materials/Textures/M_stonewall_sandstone_Height.png
  artifactKey: Guid(fcd7c369923f8534eb762d2eb4b5a16a) Importer(2089858483,192608db42251d675da83286b1cce702)
Start importing Assets/STYLIZED Desert Kingdom/Materials/Textures/M_stonewall_sandstone_Height.png using Guid(fcd7c369923f8534eb762d2eb4b5a16a) Importer(2089858483,192608db42251d675da83286b1cce702) (ScriptedImporter) -> (artifact id: '9da15414dd3868293d73728859294b31') in 0.0715175 seconds
Number of updated asset objects reloaded before import = 0Number of asset objects unloaded after import = 1

========================================================================
Received Import Request.
  Time since last request: 0.000048 seconds.
  path: Assets/STYLIZED Desert Kingdom/Materials/Materials/M_stonewall_sandstone.mat
  artifactKey: Guid(ff442399c63777644a0f1807e655ff4a) Importer(2089858483,192608db42251d675da83286b1cce702)
Start importing Assets/STYLIZED Desert Kingdom/Materials/Materials/M_stonewall_sandstone.mat using Guid(ff442399c63777644a0f1807e655ff4a) Importer(2089858483,192608db42251d675da83286b1cce702) (ScriptedImporter) -> (artifact id: '8816b3d2fa36f227f31b56f30806161f') in 0.1189515 seconds
Number of updated asset objects reloaded before import = 0Number of asset objects unloaded after import = 4

========================================================================
Received Import Request.
  Time since last request: 0.000061 seconds.
  path: Assets/STYLIZED Desert Kingdom/Materials/Textures/M_ground_sand_02_Normal.png
  artifactKey: Guid(ebb0fbb54ddcf5a40a1b2f43ecaebc1d) Importer(2089858483,192608db42251d675da83286b1cce702)
Start importing Assets/STYLIZED Desert Kingdom/Materials/Textures/M_ground_sand_02_Normal.png using Guid(ebb0fbb54ddcf5a40a1b2f43ecaebc1d) Importer(2089858483,192608db42251d675da83286b1cce702) (ScriptedImporter) -> (artifact id: '44083e2d2fff96fe6f2e4c8f2211ff75') in 0.081554 seconds
Number of updated asset objects reloaded before import = 0Number of asset objects unloaded after import = 1

========================================================================
Received Import Request.
  Time since last request: 0.000056 seconds.
  path: Assets/STYLIZED Desert Kingdom/Meshes/Props/new/SM_chest_base.fbx
  artifactKey: Guid(9625f869bef50e9419d8993935ab98af) Importer(2089858483,192608db42251d675da83286b1cce702)
Start importing Assets/STYLIZED Desert Kingdom/Meshes/Props/new/SM_chest_base.fbx using Guid(9625f869bef50e9419d8993935ab98af) Importer(2089858483,192608db42251d675da83286b1cce702) (ScriptedImporter) -> (artifact id: 'b1557880a16c2ce50773882a00472ec7') in 0.0533746 seconds
Number of updated asset objects reloaded before import = 0Number of asset objects unloaded after import = 12

========================================================================
Received Import Request.
  Time since last request: 0.000038 seconds.
  path: Assets/STYLIZED Desert Kingdom/Prefabs/Modular Elements/SM_wall_large_06.prefab
  artifactKey: Guid(7fd12713853ec7842ad6be1724b3406c) Importer(2089858483,192608db42251d675da83286b1cce702)
Start importing Assets/STYLIZED Desert Kingdom/Prefabs/Modular Elements/SM_wall_large_06.prefab using Guid(7fd12713853ec7842ad6be1724b3406c) Importer(2089858483,192608db42251d675da83286b1cce702) (ScriptedImporter) -> (artifact id: 'ea8ae866ddcd25b79d1b9fe81e2c8961') in 0.1115282 seconds
Number of updated asset objects reloaded before import = 0Number of asset objects unloaded after import = 18

========================================================================
Received Import Request.
  Time since last request: 0.000053 seconds.
  path: Assets/STYLIZED Desert Kingdom/Meshes/Props/SM_claypot_01.fbx
  artifactKey: Guid(210a4437ed5845c40aa5c79d61a43da0) Importer(2089858483,192608db42251d675da83286b1cce702)
Start importing Assets/STYLIZED Desert Kingdom/Meshes/Props/SM_claypot_01.fbx using Guid(210a4437ed5845c40aa5c79d61a43da0) Importer(2089858483,192608db42251d675da83286b1cce702) (ScriptedImporter) -> (artifact id: 'f146ba7a7903d60f644b2dd0b45b2710') in 0.1613834 seconds
Number of updated asset objects reloaded before import = 0Number of asset objects unloaded after import = 12

========================================================================
Received Import Request.
  Time since last request: 0.000041 seconds.
  path: Assets/STYLIZED Desert Kingdom/Materials/Textures/M_dome_gold_MaskMap.png
  artifactKey: Guid(7ade9aac21bdc8d42846cc7685bda1b0) Importer(2089858483,192608db42251d675da83286b1cce702)
Start importing Assets/STYLIZED Desert Kingdom/Materials/Textures/M_dome_gold_MaskMap.png using Guid(7ade9aac21bdc8d42846cc7685bda1b0) Importer(2089858483,192608db42251d675da83286b1cce702) (ScriptedImporter) -> (artifact id: '046d8aaad333a1b4c01aa2a174d3937f') in 0.1540646 seconds
Number of updated asset objects reloaded before import = 0Number of asset objects unloaded after import = 1

========================================================================
Received Import Request.
  Time since last request: 0.000121 seconds.
  path: Assets/STYLIZED Desert Kingdom/Meshes/Traps
  artifactKey: Guid(52dfe29340c005d4681e42b371c72ed2) Importer(2089858483,192608db42251d675da83286b1cce702)
Start importing Assets/STYLIZED Desert Kingdom/Meshes/Traps using Guid(52dfe29340c005d4681e42b371c72ed2) Importer(2089858483,192608db42251d675da83286b1cce702) (ScriptedImporter) -> (artifact id: '66a3e562a40d932d81da61b501319010') in 0.0495747 seconds
Number of updated asset objects reloaded before import = 0Number of asset objects unloaded after import = 1

========================================================================
Received Import Request.
  Time since last request: 0.000052 seconds.
  path: Assets/STYLIZED Desert Kingdom/Prefabs/Modular Elements/SM_attachment_module_01.prefab
  artifactKey: Guid(895d16a7feec66f4a92168a3f355717b) Importer(2089858483,192608db42251d675da83286b1cce702)
Start importing Assets/STYLIZED Desert Kingdom/Prefabs/Modular Elements/SM_attachment_module_01.prefab using Guid(895d16a7feec66f4a92168a3f355717b) Importer(2089858483,192608db42251d675da83286b1cce702) (ScriptedImporter) -> (artifact id: '359f3f803d9ad9679dfe09736ff2e50f') in 0.088458 seconds
Number of updated asset objects reloaded before import = 0Number of asset objects unloaded after import = 19

========================================================================
Received Import Request.
  Time since last request: 0.000049 seconds.
  path: Assets/STYLIZED Desert Kingdom/Meshes/Modular Elements/SM_dome_06.fbx
  artifactKey: Guid(ae6a8b82bc6fdd84290438221836729f) Importer(2089858483,192608db42251d675da83286b1cce702)
Start importing Assets/STYLIZED Desert Kingdom/Meshes/Modular Elements/SM_dome_06.fbx using Guid(ae6a8b82bc6fdd84290438221836729f) Importer(2089858483,192608db42251d675da83286b1cce702) (ScriptedImporter) -> (artifact id: '2406fa58bb272b5aaab4f8d483433d83') in 0.0584531 seconds
Number of updated asset objects reloaded before import = 0Number of asset objects unloaded after import = 12

========================================================================
Received Import Request.
  Time since last request: 0.000036 seconds.
  path: Assets/Blink/Art/Weapons/LowPoly/FreeRPGWeapons/Axes/Axe_1H_Textures/Axe1H_Epic_MetallicSmoothness.png
  artifactKey: Guid(72b089043de4139429fa21151fa616da) Importer(2089858483,192608db42251d675da83286b1cce702)
Start importing Assets/Blink/Art/Weapons/LowPoly/FreeRPGWeapons/Axes/Axe_1H_Textures/Axe1H_Epic_MetallicSmoothness.png using Guid(72b089043de4139429fa21151fa616da) Importer(2089858483,192608db42251d675da83286b1cce702) (ScriptedImporter) -> (artifact id: '6c9199fbfeaf4352fc0344e795eca027') in 0.1185071 seconds
Number of updated asset objects reloaded before import = 0Number of asset objects unloaded after import = 1

========================================================================
Received Import Request.
  Time since last request: 0.000062 seconds.
  path: Assets/Blink/Art/Weapons/LowPoly/FreeRPGWeapons/Wand/Wand_Textures
  artifactKey: Guid(e12a8a34813f6fd4cb3d0a422aaa54d1) Importer(2089858483,192608db42251d675da83286b1cce702)
Start importing Assets/Blink/Art/Weapons/LowPoly/FreeRPGWeapons/Wand/Wand_Textures using Guid(e12a8a34813f6fd4cb3d0a422aaa54d1) Importer(2089858483,192608db42251d675da83286b1cce702) (ScriptedImporter) -> (artifact id: '8fdfe128650065129c5abba347ee8f52') in 0.0306748 seconds
Number of updated asset objects reloaded before import = 0Number of asset objects unloaded after import = 1

========================================================================
Received Import Request.
  Time since last request: 0.000027 seconds.
  path: Assets/STYLIZED Desert Kingdom/Materials/Materials/M_sandstone 1.mat
  artifactKey: Guid(b4a21e05d8325bb4db090c030b55f12b) Importer(2089858483,192608db42251d675da83286b1cce702)
Start importing Assets/STYLIZED Desert Kingdom/Materials/Materials/M_sandstone 1.mat using Guid(b4a21e05d8325bb4db090c030b55f12b) Importer(2089858483,192608db42251d675da83286b1cce702) (ScriptedImporter) -> (artifact id: '1d1df9f5fdb091f4c79d56fc6458468c') in 0.090845 seconds
Number of updated asset objects reloaded before import = 0Number of asset objects unloaded after import = 4

========================================================================
Received Import Request.
  Time since last request: 0.000101 seconds.
  path: Assets/STYLIZED Desert Kingdom/Prefabs/Props/SM_lamp_hanging_01.prefab
  artifactKey: Guid(939c165f9c446ee4eb1875c20bd8cc2f) Importer(2089858483,192608db42251d675da83286b1cce702)
Start importing Assets/STYLIZED Desert Kingdom/Prefabs/Props/SM_lamp_hanging_01.prefab using Guid(939c165f9c446ee4eb1875c20bd8cc2f) Importer(2089858483,192608db42251d675da83286b1cce702) (ScriptedImporter) -> (artifact id: '2782b75692fc6e6bf8c93e16cacd9440') in 0.0819519 seconds
Number of updated asset objects reloaded before import = 0Number of asset objects unloaded after import = 15

========================================================================
Received Import Request.
  Time since last request: 0.000080 seconds.
  path: Assets/Blink/Art/Weapons/LowPoly/FreeRPGWeapons/Axes/Axe_1H_Textures/Axe1H_Basic_Normal.png
  artifactKey: Guid(de0d3b6ff33849c4ab843e40f2947898) Importer(2089858483,192608db42251d675da83286b1cce702)
Start importing Assets/Blink/Art/Weapons/LowPoly/FreeRPGWeapons/Axes/Axe_1H_Textures/Axe1H_Basic_Normal.png using Guid(de0d3b6ff33849c4ab843e40f2947898) Importer(2089858483,192608db42251d675da83286b1cce702) (ScriptedImporter) -> (artifact id: '8bdc1c1f993a996bc74a25e48fa38afa') in 0.0886931 seconds
Number of updated asset objects reloaded before import = 0Number of asset objects unloaded after import = 1

========================================================================
Received Import Request.
  Time since last request: 0.000030 seconds.
  path: Assets/STYLIZED Desert Kingdom/Materials/Materials/M_ivy_leaves 3.mat
  artifactKey: Guid(882964e2b49213d4bb0db480db047473) Importer(2089858483,192608db42251d675da83286b1cce702)
Start importing Assets/STYLIZED Desert Kingdom/Materials/Materials/M_ivy_leaves 3.mat using Guid(882964e2b49213d4bb0db480db047473) Importer(2089858483,192608db42251d675da83286b1cce702) (ScriptedImporter) -> (artifact id: '0e259adfab85505c15d6705e826d4fde') in 0.5205795 seconds
Number of updated asset objects reloaded before import = 0Number of asset objects unloaded after import = 2

========================================================================
Received Import Request.
  Time since last request: 0.000074 seconds.
  path: Assets/Blink/Art/Weapons/LowPoly/FreeRPGWeapons/Staff/Staff_Textures/Staff_Basic_BaseColor.png
  artifactKey: Guid(a2f7b41abb255544ca2d57d95138a571) Importer(2089858483,192608db42251d675da83286b1cce702)
Start importing Assets/Blink/Art/Weapons/LowPoly/FreeRPGWeapons/Staff/Staff_Textures/Staff_Basic_BaseColor.png using Guid(a2f7b41abb255544ca2d57d95138a571) Importer(2089858483,192608db42251d675da83286b1cce702) (ScriptedImporter) -> (artifact id: 'da0125dcf298add08199d01cc819f9ff') in 0.0826717 seconds
Number of updated asset objects reloaded before import = 0Number of asset objects unloaded after import = 1

========================================================================
Received Import Request.
  Time since last request: 0.000081 seconds.
  path: Assets/Blink/Art/Weapons/LowPoly/FreeRPGWeapons/_PREFABS/Bow_Basic.prefab
  artifactKey: Guid(6d2456ba08276d340a70ec1065d49e05) Importer(2089858483,192608db42251d675da83286b1cce702)
Start importing Assets/Blink/Art/Weapons/LowPoly/FreeRPGWeapons/_PREFABS/Bow_Basic.prefab using Guid(6d2456ba08276d340a70ec1065d49e05) Importer(2089858483,192608db42251d675da83286b1cce702) (ScriptedImporter) -> (artifact id: '17145957e4242a39418403b2aab84b6f') in 0.0967707 seconds
Number of updated asset objects reloaded before import = 0Number of asset objects unloaded after import = 8

========================================================================
Received Import Request.
  Time since last request: 0.000060 seconds.
  path: Assets/Blink/Art/Weapons/LowPoly/FreeRPGWeapons/Spears/Spear_1H_Textures/Spear1H_Epic_Emission.png
  artifactKey: Guid(6b25fad4d8b1029418dfcb055a604162) Importer(2089858483,192608db42251d675da83286b1cce702)
Start importing Assets/Blink/Art/Weapons/LowPoly/FreeRPGWeapons/Spears/Spear_1H_Textures/Spear1H_Epic_Emission.png using Guid(6b25fad4d8b1029418dfcb055a604162) Importer(2089858483,192608db42251d675da83286b1cce702) (ScriptedImporter) -> (artifact id: 'ce7e156715a83043fee204aa3f97cbd2') in 0.0864132 seconds
Number of updated asset objects reloaded before import = 0Number of asset objects unloaded after import = 1

========================================================================
Received Import Request.
  Time since last request: 0.000030 seconds.
  path: Assets/Blink/Art/Weapons/LowPoly/FreeRPGWeapons/_PREFABS/Wand_Medium.prefab
  artifactKey: Guid(a976c1b6e1a7097458bb2765bcb0ab4d) Importer(2089858483,192608db42251d675da83286b1cce702)
Start importing Assets/Blink/Art/Weapons/LowPoly/FreeRPGWeapons/_PREFABS/Wand_Medium.prefab using Guid(a976c1b6e1a7097458bb2765bcb0ab4d) Importer(2089858483,192608db42251d675da83286b1cce702) (ScriptedImporter) -> (artifact id: '843fc254e54d90108641907414bb4b77') in 0.0930688 seconds
Number of updated asset objects reloaded before import = 0Number of asset objects unloaded after import = 8

========================================================================
Received Import Request.
  Time since last request: 0.000051 seconds.
  path: Assets/Blink/Art/Weapons/LowPoly/FreeRPGWeapons/_PREFABS/Staff_Medium.prefab
  artifactKey: Guid(340f8fecb7a9daa4bb72c4d06454e3c6) Importer(2089858483,192608db42251d675da83286b1cce702)
Start importing Assets/Blink/Art/Weapons/LowPoly/FreeRPGWeapons/_PREFABS/Staff_Medium.prefab using Guid(340f8fecb7a9daa4bb72c4d06454e3c6) Importer(2089858483,192608db42251d675da83286b1cce702) (ScriptedImporter) -> (artifact id: 'b837cc1624cc356430903b954a7c181b') in 0.0958229 seconds
Number of updated asset objects reloaded before import = 0Number of asset objects unloaded after import = 8

========================================================================
Received Import Request.
  Time since last request: 0.000054 seconds.
  path: Assets/Blink/Art/Weapons/LowPoly/FreeRPGWeapons/Staff/Staff_Textures/Staff_Medium.mat
  artifactKey: Guid(d2bf295b931260844ae49c916d7fc5e9) Importer(2089858483,192608db42251d675da83286b1cce702)
Start importing Assets/Blink/Art/Weapons/LowPoly/FreeRPGWeapons/Staff/Staff_Textures/Staff_Medium.mat using Guid(d2bf295b931260844ae49c916d7fc5e9) Importer(2089858483,192608db42251d675da83286b1cce702) (ScriptedImporter) -> (artifact id: '8c646b58cd7caa763851ce3d1d54f617') in 0.1049606 seconds
Number of updated asset objects reloaded before import = 0Number of asset objects unloaded after import = 4

========================================================================
Received Import Request.
  Time since last request: 0.000079 seconds.
  path: Assets/Blink/Art/Weapons/LowPoly/FreeRPGWeapons/Axes/Axe_1H_Textures/Axe1H_Epic_Normal.png
  artifactKey: Guid(5d5429c35604b84409dfd21f315cef96) Importer(2089858483,192608db42251d675da83286b1cce702)
Start importing Assets/Blink/Art/Weapons/LowPoly/FreeRPGWeapons/Axes/Axe_1H_Textures/Axe1H_Epic_Normal.png using Guid(5d5429c35604b84409dfd21f315cef96) Importer(2089858483,192608db42251d675da83286b1cce702) (ScriptedImporter) -> (artifact id: '335f13216bd4088082c88edb2afe47dc') in 0.0687231 seconds
Number of updated asset objects reloaded before import = 0Number of asset objects unloaded after import = 1

========================================================================
Received Import Request.
  Time since last request: 0.000078 seconds.
  path: Assets/STYLIZED Desert Kingdom/Prefabs/Buildings
  artifactKey: Guid(7c2e5367cfc237e4a939f67f54069292) Importer(2089858483,192608db42251d675da83286b1cce702)
Start importing Assets/STYLIZED Desert Kingdom/Prefabs/Buildings using Guid(7c2e5367cfc237e4a939f67f54069292) Importer(2089858483,192608db42251d675da83286b1cce702) (ScriptedImporter) -> (artifact id: 'a5cca501caa290f8979d98d14cfb3030') in 0.0280307 seconds
Number of updated asset objects reloaded before import = 0Number of asset objects unloaded after import = 1

========================================================================
Received Import Request.
  Time since last request: 0.000036 seconds.
  path: Assets/STYLIZED Desert Kingdom/Meshes/Modular Elements/SM_windtower.fbx
  artifactKey: Guid(2e0a5e4625c1e1a4b9c2af58c82fcdd8) Importer(2089858483,192608db42251d675da83286b1cce702)
Start importing Assets/STYLIZED Desert Kingdom/Meshes/Modular Elements/SM_windtower.fbx using Guid(2e0a5e4625c1e1a4b9c2af58c82fcdd8) Importer(2089858483,192608db42251d675da83286b1cce702) (ScriptedImporter) -> (artifact id: '59c7ca49395b575bc5c0c26e64385350') in 0.0815928 seconds
Number of updated asset objects reloaded before import = 0Number of asset objects unloaded after import = 17

========================================================================
Received Import Request.
  Time since last request: 0.000034 seconds.
  path: Assets/STYLIZED Desert Kingdom/Meshes/Traps/SM_blades_rotating_socket.fbx
  artifactKey: Guid(d796d0586db26f7448de97b0494ecc31) Importer(2089858483,192608db42251d675da83286b1cce702)
Start importing Assets/STYLIZED Desert Kingdom/Meshes/Traps/SM_blades_rotating_socket.fbx using Guid(d796d0586db26f7448de97b0494ecc31) Importer(2089858483,192608db42251d675da83286b1cce702) (ScriptedImporter) -> (artifact id: '84e67a09bb40f111ab28749aff0e5abb') in 0.059622 seconds
Number of updated asset objects reloaded before import = 0Number of asset objects unloaded after import = 12

========================================================================
Received Import Request.
  Time since last request: 0.000069 seconds.
  path: Assets/STYLIZED Desert Kingdom/Meshes/Modular Elements/SM_flame.fbx
  artifactKey: Guid(0f735f53489297440be50a85f3db5720) Importer(2089858483,192608db42251d675da83286b1cce702)
Start importing Assets/STYLIZED Desert Kingdom/Meshes/Modular Elements/SM_flame.fbx using Guid(0f735f53489297440be50a85f3db5720) Importer(2089858483,192608db42251d675da83286b1cce702) (ScriptedImporter) -> (artifact id: '003a395febcdd226311861de66b85236') in 0.0509057 seconds
Number of updated asset objects reloaded before import = 0Number of asset objects unloaded after import = 13

========================================================================
Received Import Request.
  Time since last request: 0.000036 seconds.
  path: Assets/STYLIZED Desert Kingdom/Prefabs/Buildings/SM_house_desert_01 (4).prefab
  artifactKey: Guid(02b1c82d2bf796045bb0ab59e4b821ce) Importer(2089858483,192608db42251d675da83286b1cce702)
Start importing Assets/STYLIZED Desert Kingdom/Prefabs/Buildings/SM_house_desert_01 (4).prefab using Guid(02b1c82d2bf796045bb0ab59e4b821ce) Importer(2089858483,192608db42251d675da83286b1cce702) (ScriptedImporter) -> (artifact id: '12fd83fd969ed295a9801a42b17ecf4f') in 0.0953276 seconds
Number of updated asset objects reloaded before import = 0Number of asset objects unloaded after import = 22

========================================================================
Received Import Request.
  Time since last request: 0.000048 seconds.
  path: Assets/Toon Deserted Temples/Skybox/TFD_Skybox_03A/Materials/TFD_Skybox_03A.mat
  artifactKey: Guid(b7a384e86abe8f64fb5e076556c44eb4) Importer(2089858483,192608db42251d675da83286b1cce702)
Start importing Assets/Toon Deserted Temples/Skybox/TFD_Skybox_03A/Materials/TFD_Skybox_03A.mat using Guid(b7a384e86abe8f64fb5e076556c44eb4) Importer(2089858483,192608db42251d675da83286b1cce702) (ScriptedImporter) -> (artifact id: '399e5e66897e9ce30a7a7af66cb2fa89') in 0.3635298 seconds
Number of updated asset objects reloaded before import = 0Number of asset objects unloaded after import = 2

========================================================================
Received Import Request.
  Time since last request: 0.000066 seconds.
  path: Assets/STYLIZED Desert Kingdom/Materials/Materials/M_skybox_day.mat
  artifactKey: Guid(cbc236c79d7e20741a14eae65284e96f) Importer(2089858483,192608db42251d675da83286b1cce702)
Start importing Assets/STYLIZED Desert Kingdom/Materials/Materials/M_skybox_day.mat using Guid(cbc236c79d7e20741a14eae65284e96f) Importer(2089858483,192608db42251d675da83286b1cce702) (ScriptedImporter) -> (artifact id: 'aaa83127aa88c1e93cd55a71d344ef06') in 0.0932904 seconds
Number of updated asset objects reloaded before import = 0Number of asset objects unloaded after import = 2

========================================================================
Received Import Request.
  Time since last request: 0.000023 seconds.
  path: Assets/STYLIZED Desert Kingdom/Prefabs/Props/SM_basket_bread.prefab
  artifactKey: Guid(14a820f6f010f56459c24774d9bdbf66) Importer(2089858483,192608db42251d675da83286b1cce702)
Start importing Assets/STYLIZED Desert Kingdom/Prefabs/Props/SM_basket_bread.prefab using Guid(14a820f6f010f56459c24774d9bdbf66) Importer(2089858483,192608db42251d675da83286b1cce702) (ScriptedImporter) -> (artifact id: 'b9cb74906bdc57688f938e6a8f8d03b7') in 0.0990744 seconds
Number of updated asset objects reloaded before import = 0Number of asset objects unloaded after import = 16

========================================================================
Received Import Request.
  Time since last request: 0.000038 seconds.
  path: Assets/Blink/Art/Weapons/LowPoly/FreeRPGWeapons
  artifactKey: Guid(db3ff5d62edca61478abb6ebd20ad832) Importer(2089858483,192608db42251d675da83286b1cce702)
Start importing Assets/Blink/Art/Weapons/LowPoly/FreeRPGWeapons using Guid(db3ff5d62edca61478abb6ebd20ad832) Importer(2089858483,192608db42251d675da83286b1cce702) (ScriptedImporter) -> (artifact id: 'a547fc3c578deb05584d8e13d13b2a75') in 0.0857688 seconds
Number of updated asset objects reloaded before import = 0Number of asset objects unloaded after import = 1

========================================================================
Received Import Request.
  Time since last request: 0.000074 seconds.
  path: Assets/Blink/Art/Weapons/LowPoly/FreeRPGWeapons/Maces/Mace_2H_Textures
  artifactKey: Guid(39e124924f524554c91cc17e392b98d8) Importer(2089858483,192608db42251d675da83286b1cce702)
Start importing Assets/Blink/Art/Weapons/LowPoly/FreeRPGWeapons/Maces/Mace_2H_Textures using Guid(39e124924f524554c91cc17e392b98d8) Importer(2089858483,192608db42251d675da83286b1cce702) (ScriptedImporter) -> (artifact id: 'ae14b4f9a2bfadd620bdcae84d378c13') in 0.032504 seconds
Number of updated asset objects reloaded before import = 0Number of asset objects unloaded after import = 1

========================================================================
Received Import Request.
  Time since last request: 0.000037 seconds.
  path: Assets/Blink/Art/Weapons/LowPoly/Demo/Free_RPG_Weapons_DEMO.unity
  artifactKey: Guid(0b392258de18d7a4bbb9faf7d21b7cb0) Importer(2089858483,192608db42251d675da83286b1cce702)
Start importing Assets/Blink/Art/Weapons/LowPoly/Demo/Free_RPG_Weapons_DEMO.unity using Guid(0b392258de18d7a4bbb9faf7d21b7cb0) Importer(2089858483,192608db42251d675da83286b1cce702) (ScriptedImporter) -> (artifact id: 'c423af0d25284bc150a8a218fcdef4ad') in 0.0779897 seconds
Number of updated asset objects reloaded before import = 0Number of asset objects unloaded after import = 1

========================================================================
Received Import Request.
  Time since last request: 0.000048 seconds.
  path: Assets/Blink/Art/Weapons/LowPoly/FreeRPGWeapons/Axes/Axe_1H_Textures/Axe1H_Epic_Emission.png
  artifactKey: Guid(87c7ee9f3b01d2749938fd6ac31cc3a2) Importer(2089858483,192608db42251d675da83286b1cce702)
Start importing Assets/Blink/Art/Weapons/LowPoly/FreeRPGWeapons/Axes/Axe_1H_Textures/Axe1H_Epic_Emission.png using Guid(87c7ee9f3b01d2749938fd6ac31cc3a2) Importer(2089858483,192608db42251d675da83286b1cce702) (ScriptedImporter) -> (artifact id: '565ce6e4327d7cdf912eae81cf98c299') in 0.089475 seconds
Number of updated asset objects reloaded before import = 0Number of asset objects unloaded after import = 1

========================================================================
Received Import Request.
  Time since last request: 0.000072 seconds.
  path: Assets/Blink/Art/Weapons/LowPoly/FreeRPGWeapons/Wand/Wand_Textures/Wand_Basic__Normal.png
  artifactKey: Guid(ee22ea4388533fb4cb023a7bbdd35e2f) Importer(2089858483,192608db42251d675da83286b1cce702)
Start importing Assets/Blink/Art/Weapons/LowPoly/FreeRPGWeapons/Wand/Wand_Textures/Wand_Basic__Normal.png using Guid(ee22ea4388533fb4cb023a7bbdd35e2f) Importer(2089858483,192608db42251d675da83286b1cce702) (ScriptedImporter) -> (artifact id: '8b9e6fe80717a69b7cc67c8d8af30e61') in 0.0473685 seconds
Number of updated asset objects reloaded before import = 0Number of asset objects unloaded after import = 1

========================================================================
Received Import Request.
  Time since last request: 0.000431 seconds.
  path: Assets/Blink/Art/Weapons/LowPoly/FreeRPGWeapons/_PREFABS/Staff_Basic.prefab
  artifactKey: Guid(0d0ae09fa98635e4e8435fc1a1fc72c7) Importer(2089858483,192608db42251d675da83286b1cce702)
Start importing Assets/Blink/Art/Weapons/LowPoly/FreeRPGWeapons/_PREFABS/Staff_Basic.prefab using Guid(0d0ae09fa98635e4e8435fc1a1fc72c7) Importer(2089858483,192608db42251d675da83286b1cce702) (ScriptedImporter) -> (artifact id: 'f1031ec3c31c3d0e5fbe2a18658dfa8e') in 0.0943676 seconds
Number of updated asset objects reloaded before import = 0Number of asset objects unloaded after import = 8

========================================================================
Received Import Request.
  Time since last request: 0.000099 seconds.
  path: Assets/Blink/Art/Weapons/LowPoly/FreeRPGWeapons/Wand/Wand_Textures/Wand_Epic_MetallicSmoothness.png
  artifactKey: Guid(20d49ea5590b069459931c27b1775977) Importer(2089858483,192608db42251d675da83286b1cce702)
Start importing Assets/Blink/Art/Weapons/LowPoly/FreeRPGWeapons/Wand/Wand_Textures/Wand_Epic_MetallicSmoothness.png using Guid(20d49ea5590b069459931c27b1775977) Importer(2089858483,192608db42251d675da83286b1cce702) (ScriptedImporter) -> (artifact id: '1538ee41115d0948f2837e11e41476df') in 0.0507035 seconds
Number of updated asset objects reloaded before import = 0Number of asset objects unloaded after import = 1

========================================================================
Received Import Request.
  Time since last request: 0.000058 seconds.
  path: Assets/Blink/Art/Weapons/LowPoly/Demo
  artifactKey: Guid(560894a513308a04a886ded69af3be20) Importer(2089858483,192608db42251d675da83286b1cce702)
Start importing Assets/Blink/Art/Weapons/LowPoly/Demo using Guid(560894a513308a04a886ded69af3be20) Importer(2089858483,192608db42251d675da83286b1cce702) (ScriptedImporter) -> (artifact id: 'd04e9d29f54783d045579ef70956ff49') in 0.0281422 seconds
Number of updated asset objects reloaded before import = 0Number of asset objects unloaded after import = 1

========================================================================
Received Import Request.
  Time since last request: 0.000098 seconds.
  path: Assets/Blink/Art/Weapons/LowPoly/FreeRPGWeapons/Staff/Staff_Textures/Staff_Medium_MetallicSmoothness.png
  artifactKey: Guid(47ca44d8f98151b49a77e2b6e1052089) Importer(2089858483,192608db42251d675da83286b1cce702)
Start importing Assets/Blink/Art/Weapons/LowPoly/FreeRPGWeapons/Staff/Staff_Textures/Staff_Medium_MetallicSmoothness.png using Guid(47ca44d8f98151b49a77e2b6e1052089) Importer(2089858483,192608db42251d675da83286b1cce702) (ScriptedImporter) -> (artifact id: '906c4386f70ec684df578f066be900c1') in 0.0715768 seconds
Number of updated asset objects reloaded before import = 0Number of asset objects unloaded after import = 1

========================================================================
Received Import Request.
  Time since last request: 0.000045 seconds.
  path: Assets/Blink/Art/Weapons/LowPoly/FreeRPGWeapons/_PREFABS/Mace2H_Basic.prefab
  artifactKey: Guid(85ba34deb1de19f41ae8795fef846895) Importer(2089858483,192608db42251d675da83286b1cce702)
Start importing Assets/Blink/Art/Weapons/LowPoly/FreeRPGWeapons/_PREFABS/Mace2H_Basic.prefab using Guid(85ba34deb1de19f41ae8795fef846895) Importer(2089858483,192608db42251d675da83286b1cce702) (ScriptedImporter) -> (artifact id: '74caafa006bb131b0e434c4316cd3edb') in 0.0874441 seconds
Number of updated asset objects reloaded before import = 0Number of asset objects unloaded after import = 8

========================================================================
Received Import Request.
  Time since last request: 0.000076 seconds.
  path: Assets/Blink/Art/Weapons/LowPoly/FreeRPGWeapons/Shield/Shields_Textures/Shield_Basic_BaseColor.png
  artifactKey: Guid(9e3569bf42b193d439a04b70be66ab58) Importer(2089858483,192608db42251d675da83286b1cce702)
Start importing Assets/Blink/Art/Weapons/LowPoly/FreeRPGWeapons/Shield/Shields_Textures/Shield_Basic_BaseColor.png using Guid(9e3569bf42b193d439a04b70be66ab58) Importer(2089858483,192608db42251d675da83286b1cce702) (ScriptedImporter) -> (artifact id: '100854e234101c692aa17bd45bb1ec2c') in 0.0654254 seconds
Number of updated asset objects reloaded before import = 0Number of asset objects unloaded after import = 1

========================================================================
Received Import Request.
  Time since last request: 0.000031 seconds.
  path: Assets/Blink
  artifactKey: Guid(535647e793ddac84eba09cdd6b829f02) Importer(2089858483,192608db42251d675da83286b1cce702)
Start importing Assets/Blink using Guid(535647e793ddac84eba09cdd6b829f02) Importer(2089858483,192608db42251d675da83286b1cce702) (ScriptedImporter) -> (artifact id: 'e47ec730cd404cdb491d8794d3bca3ef') in 0.0283562 seconds
Number of updated asset objects reloaded before import = 0Number of asset objects unloaded after import = 1

========================================================================
Received Import Request.
  Time since last request: 0.000048 seconds.
  path: Assets/Blink/Art/Weapons/LowPoly/FreeRPGWeapons/Spears/Spear_2H_Textures/Spear2H_Medium_Normal.png
  artifactKey: Guid(202ee332fa80d044e8f29758289a6e7b) Importer(2089858483,192608db42251d675da83286b1cce702)
Start importing Assets/Blink/Art/Weapons/LowPoly/FreeRPGWeapons/Spears/Spear_2H_Textures/Spear2H_Medium_Normal.png using Guid(202ee332fa80d044e8f29758289a6e7b) Importer(2089858483,192608db42251d675da83286b1cce702) (ScriptedImporter) -> (artifact id: 'f3b370d47e8aa91b5007b40370b1fc8b') in 0.0414815 seconds
Number of updated asset objects reloaded before import = 0Number of asset objects unloaded after import = 1

========================================================================
Received Import Request.
  Time since last request: 0.000052 seconds.
  path: Assets/Blink/Art/Weapons/LowPoly/FreeRPGWeapons/Shield/Shields_Textures/Shield_Basic.mat
  artifactKey: Guid(6a58d7e89b2d56a4d8ca87eda48591e1) Importer(2089858483,192608db42251d675da83286b1cce702)
Start importing Assets/Blink/Art/Weapons/LowPoly/FreeRPGWeapons/Shield/Shields_Textures/Shield_Basic.mat using Guid(6a58d7e89b2d56a4d8ca87eda48591e1) Importer(2089858483,192608db42251d675da83286b1cce702) (ScriptedImporter) -> (artifact id: '61957cd244181fb40ea630b189f5b21e') in 0.0550228 seconds
Number of updated asset objects reloaded before import = 0Number of asset objects unloaded after import = 4

========================================================================
Received Import Request.
  Time since last request: 0.000030 seconds.
  path: Assets/Blink/Art/Weapons/LowPoly/FreeRPGWeapons/Maces
  artifactKey: Guid(0d63367dbb445854da6c58bcc0261ee0) Importer(2089858483,192608db42251d675da83286b1cce702)
Start importing Assets/Blink/Art/Weapons/LowPoly/FreeRPGWeapons/Maces using Guid(0d63367dbb445854da6c58bcc0261ee0) Importer(2089858483,192608db42251d675da83286b1cce702) (ScriptedImporter) -> (artifact id: 'dd60871c077b1980dc849349c3631e7b') in 0.0234524 seconds
Number of updated asset objects reloaded before import = 0Number of asset objects unloaded after import = 1

========================================================================
Received Import Request.
  Time since last request: 0.000036 seconds.
  path: Assets/Blink/Art/Weapons/LowPoly/FreeRPGWeapons/Bow/Bow_Textures/Bow_Basic_Normal.png
  artifactKey: Guid(458b67eedeb07a94f858b746788da4b1) Importer(2089858483,192608db42251d675da83286b1cce702)
Start importing Assets/Blink/Art/Weapons/LowPoly/FreeRPGWeapons/Bow/Bow_Textures/Bow_Basic_Normal.png using Guid(458b67eedeb07a94f858b746788da4b1) Importer(2089858483,192608db42251d675da83286b1cce702) (ScriptedImporter) -> (artifact id: 'efa0f5e1f2ec5cc556903b1d96fbec79') in 0.06353 seconds
Number of updated asset objects reloaded before import = 0Number of asset objects unloaded after import = 1

========================================================================
Received Import Request.
  Time since last request: 0.000040 seconds.
  path: Assets/Blink/Art/Weapons/LowPoly/FreeRPGWeapons/Staff/Staff_Textures/Staff_Epic.mat
  artifactKey: Guid(cfb56399cccce3e4e8a4c320b5c68e20) Importer(2089858483,192608db42251d675da83286b1cce702)
Start importing Assets/Blink/Art/Weapons/LowPoly/FreeRPGWeapons/Staff/Staff_Textures/Staff_Epic.mat using Guid(cfb56399cccce3e4e8a4c320b5c68e20) Importer(2089858483,192608db42251d675da83286b1cce702) (ScriptedImporter) -> (artifact id: '16f71ea7f3a267f7c09c39ed108e9b69') in 0.0900691 seconds
Number of updated asset objects reloaded before import = 0Number of asset objects unloaded after import = 5

========================================================================
Received Import Request.
  Time since last request: 0.000143 seconds.
  path: Assets/Blink/Art/Weapons/LowPoly/FreeRPGWeapons/Spears/Spear_2H_Textures/Spear2H_Epic_Emission.png
  artifactKey: Guid(f708da754291dc94f8c0b4d88cc0aacf) Importer(2089858483,192608db42251d675da83286b1cce702)
Start importing Assets/Blink/Art/Weapons/LowPoly/FreeRPGWeapons/Spears/Spear_2H_Textures/Spear2H_Epic_Emission.png using Guid(f708da754291dc94f8c0b4d88cc0aacf) Importer(2089858483,192608db42251d675da83286b1cce702) (ScriptedImporter) -> (artifact id: '7815ec41c783a2157c9851526668e078') in 0.1275972 seconds
Number of updated asset objects reloaded before import = 0Number of asset objects unloaded after import = 1

========================================================================
Received Import Request.
  Time since last request: 0.000031 seconds.
  path: Assets/Cartoon_Farm_Crops/Prefabs/Mobile/Pumpkin_Fruit.prefab
  artifactKey: Guid(c2a2644fedfa0a849bbc9b40600c5c65) Importer(2089858483,192608db42251d675da83286b1cce702)
Start importing Assets/Cartoon_Farm_Crops/Prefabs/Mobile/Pumpkin_Fruit.prefab using Guid(c2a2644fedfa0a849bbc9b40600c5c65) Importer(2089858483,192608db42251d675da83286b1cce702) (ScriptedImporter) -> (artifact id: 'cd19da234a4231cb7a7069b85dc3021c') in 0.0737598 seconds
Number of updated asset objects reloaded before import = 0Number of asset objects unloaded after import = 9

========================================================================
Received Import Request.
  Time since last request: 0.000044 seconds.
  path: Assets/Cartoon_Farm_Crops/Materials/Carrot_Fruit.mat
  artifactKey: Guid(89de6558677c5e641bb66722cb40672a) Importer(2089858483,192608db42251d675da83286b1cce702)
Start importing Assets/Cartoon_Farm_Crops/Materials/Carrot_Fruit.mat using Guid(89de6558677c5e641bb66722cb40672a) Importer(2089858483,192608db42251d675da83286b1cce702) (ScriptedImporter) -> (artifact id: 'de8a6cb432d11d98b9233b235d4d8fc3') in 0.0571487 seconds
Number of updated asset objects reloaded before import = 0Number of asset objects unloaded after import = 1

========================================================================
Received Import Request.
  Time since last request: 0.000041 seconds.
  path: Assets/Cartoon_Farm_Crops/Prefabs/Mobile/Turnip_Plant.prefab
  artifactKey: Guid(61b0f6b970bd324438f2ffc56c6ddf14) Importer(2089858483,192608db42251d675da83286b1cce702)
Start importing Assets/Cartoon_Farm_Crops/Prefabs/Mobile/Turnip_Plant.prefab using Guid(61b0f6b970bd324438f2ffc56c6ddf14) Importer(2089858483,192608db42251d675da83286b1cce702) (ScriptedImporter) -> (artifact id: '0b222c32721d82dd2f6f39b6dc62436e') in 0.0931292 seconds
Number of updated asset objects reloaded before import = 0Number of asset objects unloaded after import = 9

========================================================================
Received Import Request.
  Time since last request: 0.000031 seconds.
  path: Assets/Cartoon_Farm_Crops/Prefabs/Mobile/Carrot_Fruit.prefab
  artifactKey: Guid(5ccf902a46d565441be630bd717cab9e) Importer(2089858483,192608db42251d675da83286b1cce702)
Start importing Assets/Cartoon_Farm_Crops/Prefabs/Mobile/Carrot_Fruit.prefab using Guid(5ccf902a46d565441be630bd717cab9e) Importer(2089858483,192608db42251d675da83286b1cce702) (ScriptedImporter) -> (artifact id: 'ccf9998e0386cf54f5ec03b442dfdd16') in 0.0712896 seconds
Number of updated asset objects reloaded before import = 0Number of asset objects unloaded after import = 9

========================================================================
Received Import Request.
  Time since last request: 0.000046 seconds.
  path: Assets/GhostCharacter_Free/Scenes/DemoScene.unity
  artifactKey: Guid(0c7e2bcbaf820497e88d5d7be74e88c8) Importer(2089858483,192608db42251d675da83286b1cce702)
Start importing Assets/GhostCharacter_Free/Scenes/DemoScene.unity using Guid(0c7e2bcbaf820497e88d5d7be74e88c8) Importer(2089858483,192608db42251d675da83286b1cce702) (ScriptedImporter) -> (artifact id: '59ae1ae09060765c40513170a2fc5106') in 0.1320361 seconds
Number of updated asset objects reloaded before import = 0Number of asset objects unloaded after import = 1

========================================================================
Received Import Request.
  Time since last request: 0.000094 seconds.
  path: Assets/Cartoon_Farm_Crops/Materials/Corn_Fruit.mat
  artifactKey: Guid(bd3ac3aaa239ebf4396eb261af13874d) Importer(2089858483,192608db42251d675da83286b1cce702)
Start importing Assets/Cartoon_Farm_Crops/Materials/Corn_Fruit.mat using Guid(bd3ac3aaa239ebf4396eb261af13874d) Importer(2089858483,192608db42251d675da83286b1cce702) (ScriptedImporter) -> (artifact id: '2ab062f00fa032e2e641163af3c230b9') in 0.0374192 seconds
Number of updated asset objects reloaded before import = 0Number of asset objects unloaded after import = 1

========================================================================
Received Import Request.
  Time since last request: 0.000042 seconds.
  path: Assets/Cartoon_Farm_Crops/Prefabs/Mobile/Tomato_Fruit.prefab
  artifactKey: Guid(054e8622a5bae1644b0baa6708dbbc5d) Importer(2089858483,192608db42251d675da83286b1cce702)
Start importing Assets/Cartoon_Farm_Crops/Prefabs/Mobile/Tomato_Fruit.prefab using Guid(054e8622a5bae1644b0baa6708dbbc5d) Importer(2089858483,192608db42251d675da83286b1cce702) (ScriptedImporter) -> (artifact id: '3ee1c99fbd668664fe222f83d968160c') in 0.1060536 seconds
Number of updated asset objects reloaded before import = 0Number of asset objects unloaded after import = 9

========================================================================
Received Import Request.
  Time since last request: 0.000053 seconds.
  path: Assets/GhostCharacter_Free/AnimationClips/ghost_attack_shift.anim
  artifactKey: Guid(564be2c237abb4e78b56cc730ffaebb1) Importer(2089858483,192608db42251d675da83286b1cce702)
Start importing Assets/GhostCharacter_Free/AnimationClips/ghost_attack_shift.anim using Guid(564be2c237abb4e78b56cc730ffaebb1) Importer(2089858483,192608db42251d675da83286b1cce702) (ScriptedImporter) -> (artifact id: 'a5c867ca31ec49b39a74b9fa55dc922e') in 0.0362793 seconds
Number of updated asset objects reloaded before import = 0Number of asset objects unloaded after import = 1

========================================================================
Received Import Request.
  Time since last request: 0.000067 seconds.
  path: Assets/GhostCharacter_Free/AnimationClips/ghost_dissolve.anim
  artifactKey: Guid(506ff7550b5114a6aa6d9a3396ff8e95) Importer(2089858483,192608db42251d675da83286b1cce702)
Start importing Assets/GhostCharacter_Free/AnimationClips/ghost_dissolve.anim using Guid(506ff7550b5114a6aa6d9a3396ff8e95) Importer(2089858483,192608db42251d675da83286b1cce702) (ScriptedImporter) -> (artifact id: '70885c115c7282fe048baca9a304c3c7') in 0.0368325 seconds
Number of updated asset objects reloaded before import = 0Number of asset objects unloaded after import = 1

========================================================================
Received Import Request.
  Time since last request: 0.000048 seconds.
  path: Assets/CameraController.cs
  artifactKey: Guid(fb16fef9e644b7c4ba3ef4b27a681465) Importer(2089858483,192608db42251d675da83286b1cce702)
Start importing Assets/CameraController.cs using Guid(fb16fef9e644b7c4ba3ef4b27a681465) Importer(2089858483,192608db42251d675da83286b1cce702) (ScriptedImporter) -> (artifact id: '4cf4cb409dad42084d98153d7a425040') in 0.0931834 seconds
Number of updated asset objects reloaded before import = 0Number of asset objects unloaded after import = 0

========================================================================
Received Import Request.
  Time since last request: 0.000035 seconds.
  path: Assets/GhostCharacter_Free/Fbx/Ghost.fbx
  artifactKey: Guid(46f311046d2104da8b56be3d0a49a119) Importer(2089858483,192608db42251d675da83286b1cce702)
Start importing Assets/GhostCharacter_Free/Fbx/Ghost.fbx using Guid(46f311046d2104da8b56be3d0a49a119) Importer(2089858483,192608db42251d675da83286b1cce702) (ScriptedImporter) -> (artifact id: 'ad25236faa689301cabd9335d456cf3d') in 0.0592574 seconds
Number of updated asset objects reloaded before import = 0Number of asset objects unloaded after import = 50

========================================================================
Received Import Request.
  Time since last request: 0.000068 seconds.
  path: Assets/GhostCharacter_Free/Scripts/GhostScript.cs
  artifactKey: Guid(f57bdc949fce340f8968c5bc86276031) Importer(2089858483,192608db42251d675da83286b1cce702)
Start importing Assets/GhostCharacter_Free/Scripts/GhostScript.cs using Guid(f57bdc949fce340f8968c5bc86276031) Importer(2089858483,192608db42251d675da83286b1cce702) (ScriptedImporter) -> (artifact id: 'f82b0b81978ccd773b703ec8811e6388') in 0.0241819 seconds
Number of updated asset objects reloaded before import = 0Number of asset objects unloaded after import = 0

========================================================================
Received Import Request.
  Time since last request: 0.000089 seconds.
  path: Assets/Cartoon_Farm_Crops/Prefabs/Standard/Carrot_Fruit.prefab
  artifactKey: Guid(2cf13a738fc434c46bda5ebf7ca44756) Importer(2089858483,192608db42251d675da83286b1cce702)
Start importing Assets/Cartoon_Farm_Crops/Prefabs/Standard/Carrot_Fruit.prefab using Guid(2cf13a738fc434c46bda5ebf7ca44756) Importer(2089858483,192608db42251d675da83286b1cce702) (ScriptedImporter) -> (artifact id: 'cc8c719ec479b3886f752c7f5c590b54') in 0.11425 seconds
Number of updated asset objects reloaded before import = 0Number of asset objects unloaded after import = 9

========================================================================
Received Import Request.
  Time since last request: 0.000067 seconds.
  path: Assets/Fantasy Wooden GUI  Free/normal_ui_set A/UI board Small  stone.png
  artifactKey: Guid(8dd861a6e819de241bca68a36048a6bd) Importer(2089858483,192608db42251d675da83286b1cce702)
Start importing Assets/Fantasy Wooden GUI  Free/normal_ui_set A/UI board Small  stone.png using Guid(8dd861a6e819de241bca68a36048a6bd) Importer(2089858483,192608db42251d675da83286b1cce702) (ScriptedImporter) -> (artifact id: '9e576889542aee195ea99c14704b3260') in 0.4925629 seconds
Number of updated asset objects reloaded before import = 0Number of asset objects unloaded after import = 3

========================================================================
Received Import Request.
  Time since last request: 0.000059 seconds.
  path: Assets/Fantasy Wooden GUI  Free
  artifactKey: Guid(8cd492ed43ef03d4e9c475eba38399bc) Importer(2089858483,192608db42251d675da83286b1cce702)
Start importing Assets/Fantasy Wooden GUI  Free using Guid(8cd492ed43ef03d4e9c475eba38399bc) Importer(2089858483,192608db42251d675da83286b1cce702) (ScriptedImporter) -> (artifact id: '7d1a0f1c7ba5028bf5cf43ba62a5ae77') in 0.0266864 seconds
Number of updated asset objects reloaded before import = 0Number of asset objects unloaded after import = 1

========================================================================
Received Import Request.
  Time since last request: 0.000056 seconds.
  path: Assets/Fantasy Wooden GUI  Free/normal_ui_set A/Exclamation_Yellow.png
  artifactKey: Guid(f26fa8880b3aeef4b8516c82dc12f2a5) Importer(2089858483,192608db42251d675da83286b1cce702)
Start importing Assets/Fantasy Wooden GUI  Free/normal_ui_set A/Exclamation_Yellow.png using Guid(f26fa8880b3aeef4b8516c82dc12f2a5) Importer(2089858483,192608db42251d675da83286b1cce702) (ScriptedImporter) -> (artifact id: '4b26b3519eb73b9c6498c09e0abbe620') in 0.0737948 seconds
Number of updated asset objects reloaded before import = 0Number of asset objects unloaded after import = 3

========================================================================
Received Import Request.
  Time since last request: 0.000057 seconds.
  path: Assets/Fantasy Wooden GUI  Free/normal_ui_set A/TextBTN_New-Start.png
  artifactKey: Guid(ca45d178d188e034aa96a68aceeef41b) Importer(2089858483,192608db42251d675da83286b1cce702)
Start importing Assets/Fantasy Wooden GUI  Free/normal_ui_set A/TextBTN_New-Start.png using Guid(ca45d178d188e034aa96a68aceeef41b) Importer(2089858483,192608db42251d675da83286b1cce702) (ScriptedImporter) -> (artifact id: '4cb5824fba8ab5b9794060f7fa81ccae') in 0.0815809 seconds
Number of updated asset objects reloaded before import = 0Number of asset objects unloaded after import = 3

========================================================================
Received Import Request.
  Time since last request: 0.000054 seconds.
  path: Assets/TextMesh Pro/Shaders/TMP_SDF-URP Unlit.shadergraph
  artifactKey: Guid(124c112a6e8f1a54e8b0870e881b56d8) Importer(2089858483,192608db42251d675da83286b1cce702)
Start importing Assets/TextMesh Pro/Shaders/TMP_SDF-URP Unlit.shadergraph using Guid(124c112a6e8f1a54e8b0870e881b56d8) Importer(2089858483,192608db42251d675da83286b1cce702) (ScriptedImporter) -> (artifact id: 'cdae66026002b0f197811897c2ea941b') in 0.6447828 seconds
Number of updated asset objects reloaded before import = 0Number of asset objects unloaded after import = 4

========================================================================
Received Import Request.
  Time since last request: 0.000093 seconds.
  path: Assets/TextMesh Pro/Shaders/TMP_Bitmap-Custom-Atlas.shader
  artifactKey: Guid(48bb5f55d8670e349b6e614913f9d910) Importer(2089858483,192608db42251d675da83286b1cce702)
Start importing Assets/TextMesh Pro/Shaders/TMP_Bitmap-Custom-Atlas.shader using Guid(48bb5f55d8670e349b6e614913f9d910) Importer(2089858483,192608db42251d675da83286b1cce702) (ScriptedImporter) -> (artifact id: 'f5a1e3ff07d6c9d51f0d1e5772d29451') in 0.0971842 seconds
Number of updated asset objects reloaded before import = 0Number of asset objects unloaded after import = 1

========================================================================
Received Import Request.
  Time since last request: 0.000063 seconds.
  path: Assets/TextMesh Pro/Sprites/EmojiOne.png
  artifactKey: Guid(dffef66376be4fa480fb02b19edbe903) Importer(2089858483,192608db42251d675da83286b1cce702)
Start importing Assets/TextMesh Pro/Sprites/EmojiOne.png using Guid(dffef66376be4fa480fb02b19edbe903) Importer(2089858483,192608db42251d675da83286b1cce702) (ScriptedImporter) -> (artifact id: '08291f1295ef6bc2a3eb763daac29e7a') in 0.0407626 seconds
Number of updated asset objects reloaded before import = 0Number of asset objects unloaded after import = 1

========================================================================
Received Import Request.
  Time since last request: 0.000042 seconds.
  path: Assets/TextMesh Pro/Resources/TMP Settings.asset
  artifactKey: Guid(3f5b5dff67a942289a9defa416b206f3) Importer(2089858483,192608db42251d675da83286b1cce702)
Start importing Assets/TextMesh Pro/Resources/TMP Settings.asset using Guid(3f5b5dff67a942289a9defa416b206f3) Importer(2089858483,192608db42251d675da83286b1cce702) (ScriptedImporter) -> (artifact id: '77fc3f4fe65a2134b1dda229590b8634') in 2.8744139 seconds
Number of updated asset objects reloaded before import = 0Number of asset objects unloaded after import = 15

========================================================================
Received Import Request.
  Time since last request: 0.001078 seconds.
  path: Assets/TextMesh Pro/Examples & Extras/Resources/Fonts & Materials/Anton SDF - Outline.mat
  artifactKey: Guid(a00013af81304728b2be1f4309ee2433) Importer(2089858483,192608db42251d675da83286b1cce702)
Start importing Assets/TextMesh Pro/Examples & Extras/Resources/Fonts & Materials/Anton SDF - Outline.mat using Guid(a00013af81304728b2be1f4309ee2433) Importer(2089858483,192608db42251d675da83286b1cce702) (ScriptedImporter) -> (artifact id: '1c8c656d60937b5ecc5e10b32c83a3af') in 0.0839445 seconds
Number of updated asset objects reloaded before import = 0Number of asset objects unloaded after import = 2

========================================================================
Received Import Request.
  Time since last request: 0.000062 seconds.
  path: Assets/Fantasy Wooden GUI  Free/Scene/Demo.unity
  artifactKey: Guid(a5a06ca349139534f8cc1094d2fc7747) Importer(2089858483,192608db42251d675da83286b1cce702)
Start importing Assets/Fantasy Wooden GUI  Free/Scene/Demo.unity using Guid(a5a06ca349139534f8cc1094d2fc7747) Importer(2089858483,192608db42251d675da83286b1cce702) (ScriptedImporter) -> (artifact id: '66160781a7eff8b58a9fde538565cff4') in 0.1361506 seconds
Number of updated asset objects reloaded before import = 0Number of asset objects unloaded after import = 1

========================================================================
Received Import Request.
  Time since last request: 0.000070 seconds.
  path: Assets/TextMesh Pro/Examples & Extras/Scripts/Benchmark03.cs
  artifactKey: Guid(a73109742c8d47ac822895a473300c29) Importer(2089858483,192608db42251d675da83286b1cce702)
Start importing Assets/TextMesh Pro/Examples & Extras/Scripts/Benchmark03.cs using Guid(a73109742c8d47ac822895a473300c29) Importer(2089858483,192608db42251d675da83286b1cce702) (ScriptedImporter) -> (artifact id: 'dc5a9d8c868697ab8e6b5d2efbb8c074') in 0.0792345 seconds
Number of updated asset objects reloaded before import = 0Number of asset objects unloaded after import = 0

========================================================================
Received Import Request.
  Time since last request: 0.000084 seconds.
  path: Assets/TextMesh Pro/Examples & Extras/Textures/Sunny Days - Seamless.jpg
  artifactKey: Guid(17c350171f7a3ca479f830547c66d187) Importer(2089858483,192608db42251d675da83286b1cce702)
Start importing Assets/TextMesh Pro/Examples & Extras/Textures/Sunny Days - Seamless.jpg using Guid(17c350171f7a3ca479f830547c66d187) Importer(2089858483,192608db42251d675da83286b1cce702) (ScriptedImporter) -> (artifact id: '8ced20e66aaf642c045e143756163799') in 0.0852205 seconds
Number of updated asset objects reloaded before import = 0Number of asset objects unloaded after import = 1

========================================================================
Received Import Request.
  Time since last request: 0.000034 seconds.
  path: Assets/TextMesh Pro/Examples & Extras/Resources/Fonts & Materials/Bangers SDF Logo.mat
  artifactKey: Guid(f4e195ac1e204eff960149d1cb34e18c) Importer(2089858483,192608db42251d675da83286b1cce702)
Start importing Assets/TextMesh Pro/Examples & Extras/Resources/Fonts & Materials/Bangers SDF Logo.mat using Guid(f4e195ac1e204eff960149d1cb34e18c) Importer(2089858483,192608db42251d675da83286b1cce702) (ScriptedImporter) -> (artifact id: 'e7ac932b9f3ae6566144e90db84e7bac') in 0.1289001 seconds
Number of updated asset objects reloaded before import = 0Number of asset objects unloaded after import = 4

========================================================================
Received Import Request.
  Time since last request: 0.000100 seconds.
  path: Assets/TextMesh Pro/Examples & Extras/Resources/Fonts & Materials/Bangers SDF - Drop Shadow - 2 Pass.mat
  artifactKey: Guid(947a44964e53bf0448ff698b2a2219c0) Importer(2089858483,192608db42251d675da83286b1cce702)
Start importing Assets/TextMesh Pro/Examples & Extras/Resources/Fonts & Materials/Bangers SDF - Drop Shadow - 2 Pass.mat using Guid(947a44964e53bf0448ff698b2a2219c0) Importer(2089858483,192608db42251d675da83286b1cce702) (ScriptedImporter) -> (artifact id: 'e9f4fa11391a4e216847fb4e10084cd3') in 0.0815403 seconds
Number of updated asset objects reloaded before import = 0Number of asset objects unloaded after import = 2

========================================================================
Received Import Request.
  Time since last request: 0.000074 seconds.
  path: Assets/TextMesh Pro/Examples & Extras/Scenes/28 - HDRP Shader Example/Sky and Fog Volume Profile.asset
  artifactKey: Guid(83ba2e375bed45f48bce43e5a5f7c88a) Importer(2089858483,192608db42251d675da83286b1cce702)
Start importing Assets/TextMesh Pro/Examples & Extras/Scenes/28 - HDRP Shader Example/Sky and Fog Volume Profile.asset using Guid(83ba2e375bed45f48bce43e5a5f7c88a) Importer(2089858483,192608db42251d675da83286b1cce702) (ScriptedImporter) -> (artifact id: '274845491273a0e198c4893919665e7e') in 0.0757881 seconds
Number of updated asset objects reloaded before import = 0Number of asset objects unloaded after import = 2

========================================================================
Received Import Request.
  Time since last request: 0.000052 seconds.
  path: Assets/TextMesh Pro/Examples & Extras/Resources/Color Gradient Presets/Yellow to Orange - Vertical.asset
  artifactKey: Guid(69a525efa7e6472eab268f6ea605f06e) Importer(2089858483,192608db42251d675da83286b1cce702)
Start importing Assets/TextMesh Pro/Examples & Extras/Resources/Color Gradient Presets/Yellow to Orange - Vertical.asset using Guid(69a525efa7e6472eab268f6ea605f06e) Importer(2089858483,192608db42251d675da83286b1cce702) (ScriptedImporter) -> (artifact id: '5a556684e149656f0fa8b3460046b7bd') in 0.1267123 seconds
Number of updated asset objects reloaded before import = 0Number of asset objects unloaded after import = 1

========================================================================
Received Import Request.
  Time since last request: 0.000191 seconds.
  path: Assets/TextMesh Pro/Examples & Extras/Scripts/WarpTextExample.cs
  artifactKey: Guid(790744c462254b7ba8038e6ed28b3db2) Importer(2089858483,192608db42251d675da83286b1cce702)
Start importing Assets/TextMesh Pro/Examples & Extras/Scripts/WarpTextExample.cs using Guid(790744c462254b7ba8038e6ed28b3db2) Importer(2089858483,192608db42251d675da83286b1cce702) (ScriptedImporter) -> (artifact id: '4fc86c5b0c4e7cfbc61cbf4f8873f9e6') in 0.0651877 seconds
Number of updated asset objects reloaded before import = 0Number of asset objects unloaded after import = 0

========================================================================
Received Import Request.
  Time since last request: 0.000050 seconds.
  path: Assets/TextMesh Pro/Examples & Extras/Scripts/DropdownSample.cs
  artifactKey: Guid(ac1eb05af6d391b4eb0f4c070a99f1d0) Importer(2089858483,192608db42251d675da83286b1cce702)
Start importing Assets/TextMesh Pro/Examples & Extras/Scripts/DropdownSample.cs using Guid(ac1eb05af6d391b4eb0f4c070a99f1d0) Importer(2089858483,192608db42251d675da83286b1cce702) (ScriptedImporter) -> (artifact id: '913d5b6bf17157fb0db184706e9441c0') in 0.0386549 seconds
Number of updated asset objects reloaded before import = 0Number of asset objects unloaded after import = 0

========================================================================
Received Import Request.
  Time since last request: 0.000700 seconds.
  path: Assets/TextMesh Pro/Examples & Extras/Scenes/02 - Multi-line TextMesh Pro.unity
  artifactKey: Guid(251716609f634449bfe8ce75c0ed78fe) Importer(2089858483,192608db42251d675da83286b1cce702)
Start importing Assets/TextMesh Pro/Examples & Extras/Scenes/02 - Multi-line TextMesh Pro.unity using Guid(251716609f634449bfe8ce75c0ed78fe) Importer(2089858483,192608db42251d675da83286b1cce702) (ScriptedImporter) -> (artifact id: 'a9c1641b5060daf6b340e1393e03ac42') in 0.0604766 seconds
Number of updated asset objects reloaded before import = 0Number of asset objects unloaded after import = 1

========================================================================
Received Import Request.
  Time since last request: 0.000062 seconds.
  path: Assets/Cartoon_Farm_Crops/Materials/Pumpkin_Plant.mat
  artifactKey: Guid(0273778534c5ff64ead5f799219ca127) Importer(2089858483,192608db42251d675da83286b1cce702)
Start importing Assets/Cartoon_Farm_Crops/Materials/Pumpkin_Plant.mat using Guid(0273778534c5ff64ead5f799219ca127) Importer(2089858483,192608db42251d675da83286b1cce702) (ScriptedImporter) -> (artifact id: '1d866ccb175ef030e053adcbfd14fe52') in 0.04245 seconds
Number of updated asset objects reloaded before import = 0Number of asset objects unloaded after import = 1

========================================================================
Received Import Request.
  Time since last request: 0.000076 seconds.
  path: Assets/TextMesh Pro/Examples & Extras/Sprites/DropCap Numbers.psd
  artifactKey: Guid(fd09957580ac4326916010f1f260975b) Importer(2089858483,192608db42251d675da83286b1cce702)
Start importing Assets/TextMesh Pro/Examples & Extras/Sprites/DropCap Numbers.psd using Guid(fd09957580ac4326916010f1f260975b) Importer(2089858483,192608db42251d675da83286b1cce702) (ScriptedImporter) -> (artifact id: '077c71f84d89e98622d1740e9d45a0cb') in 0.0792494 seconds
Number of updated asset objects reloaded before import = 0Number of asset objects unloaded after import = 1

========================================================================
Received Import Request.
  Time since last request: 0.000039 seconds.
  path: Assets/TextMesh Pro/Examples & Extras/Fonts/Oswald-Bold.ttf
  artifactKey: Guid(c9f6d0e7bc8541498c9a4799ba184ede) Importer(2089858483,192608db42251d675da83286b1cce702)
Start importing Assets/TextMesh Pro/Examples & Extras/Fonts/Oswald-Bold.ttf using Guid(c9f6d0e7bc8541498c9a4799ba184ede) Importer(2089858483,192608db42251d675da83286b1cce702) (ScriptedImporter) -> (artifact id: 'd38e17744ad5bdabaaf708c80d9c21a5') in 0.3095928 seconds
Number of updated asset objects reloaded before import = 0Number of asset objects unloaded after import = 3

========================================================================
Received Import Request.
  Time since last request: 0.000035 seconds.
  path: Assets/TextMesh Pro/Examples & Extras/Textures/Wipe Pattern - Radial Quad.psd
  artifactKey: Guid(2b5e9ae96c5644d8bae932f8b4ca68a2) Importer(2089858483,192608db42251d675da83286b1cce702)
Start importing Assets/TextMesh Pro/Examples & Extras/Textures/Wipe Pattern - Radial Quad.psd using Guid(2b5e9ae96c5644d8bae932f8b4ca68a2) Importer(2089858483,192608db42251d675da83286b1cce702) (ScriptedImporter) -> (artifact id: '8c5f3e56a2757b9c75b68e6671732002') in 0.0978219 seconds
Number of updated asset objects reloaded before import = 0Number of asset objects unloaded after import = 1

========================================================================
Received Import Request.
  Time since last request: 0.000066 seconds.
  path: Assets/TextMesh Pro/Examples & Extras/Resources/Fonts & Materials/Bangers SDF Logo - URP.mat
  artifactKey: Guid(6751ce1a4611b3940812c13a6847d94f) Importer(2089858483,192608db42251d675da83286b1cce702)
Start importing Assets/TextMesh Pro/Examples & Extras/Resources/Fonts & Materials/Bangers SDF Logo - URP.mat using Guid(6751ce1a4611b3940812c13a6847d94f) Importer(2089858483,192608db42251d675da83286b1cce702) (ScriptedImporter) -> (artifact id: '29bb70a75615c73c6c00839f104cd599') in 0.122249 seconds
Number of updated asset objects reloaded before import = 0Number of asset objects unloaded after import = 5

========================================================================
Received Import Request.
  Time since last request: 0.000056 seconds.
  path: Assets/TextMesh Pro/Examples & Extras/Scripts/Benchmark01_UGUI.cs
  artifactKey: Guid(8ef7be1c625941f7ba8ed7cc71718c0d) Importer(2089858483,192608db42251d675da83286b1cce702)
Start importing Assets/TextMesh Pro/Examples & Extras/Scripts/Benchmark01_UGUI.cs using Guid(8ef7be1c625941f7ba8ed7cc71718c0d) Importer(2089858483,192608db42251d675da83286b1cce702) (ScriptedImporter) -> (artifact id: '41f4ed596aa0643f1c4fdd749e50f150') in 0.0698484 seconds
Number of updated asset objects reloaded before import = 0Number of asset objects unloaded after import = 0

========================================================================
Received Import Request.
  Time since last request: 0.000067 seconds.
  path: Assets/TextMesh Pro/Examples & Extras/Materials/Ground - URP.mat
  artifactKey: Guid(71529b88994c1a341b22bc57c038674a) Importer(2089858483,192608db42251d675da83286b1cce702)
Start importing Assets/TextMesh Pro/Examples & Extras/Materials/Ground - URP.mat using Guid(71529b88994c1a341b22bc57c038674a) Importer(2089858483,192608db42251d675da83286b1cce702) (ScriptedImporter) -> (artifact id: '55440f2c022368efb876b44af0e67868') in 0.1084448 seconds
Number of updated asset objects reloaded before import = 0Number of asset objects unloaded after import = 2

========================================================================
Received Import Request.
  Time since last request: 0.000199 seconds.
  path: Assets/TextMesh Pro/Examples & Extras/Scripts/Benchmark02.cs
  artifactKey: Guid(e8538afcddc14efbb5d9e94b7ae50197) Importer(2089858483,192608db42251d675da83286b1cce702)
Start importing Assets/TextMesh Pro/Examples & Extras/Scripts/Benchmark02.cs using Guid(e8538afcddc14efbb5d9e94b7ae50197) Importer(2089858483,192608db42251d675da83286b1cce702) (ScriptedImporter) -> (artifact id: 'bce58565d57c4f2c78a08a8e19ed1424') in 0.0528039 seconds
Number of updated asset objects reloaded before import = 0Number of asset objects unloaded after import = 0

========================================================================
Received Import Request.
  Time since last request: 0.000073 seconds.
  path: Assets/TextMesh Pro/Examples & Extras/Scripts/TMP_TextEventHandler.cs
  artifactKey: Guid(1312ae25639a4bae8e25ae223209cc50) Importer(2089858483,192608db42251d675da83286b1cce702)
Start importing Assets/TextMesh Pro/Examples & Extras/Scripts/TMP_TextEventHandler.cs using Guid(1312ae25639a4bae8e25ae223209cc50) Importer(2089858483,192608db42251d675da83286b1cce702) (ScriptedImporter) -> (artifact id: '7a33d24d83d08e43912a980746cb14e4') in 0.0505946 seconds
Number of updated asset objects reloaded before import = 0Number of asset objects unloaded after import = 0

========================================================================
Received Import Request.
  Time since last request: 0.000249 seconds.
  path: Assets/HealthBar
  artifactKey: Guid(f69436de4f0169640a4a26ff373f8a8f) Importer(2089858483,192608db42251d675da83286b1cce702)
Start importing Assets/HealthBar using Guid(f69436de4f0169640a4a26ff373f8a8f) Importer(2089858483,192608db42251d675da83286b1cce702) (ScriptedImporter) -> (artifact id: '601e4a5ac372beaffa6db9dd25b33d7b') in 0.3500233 seconds
Number of updated asset objects reloaded before import = 0Number of asset objects unloaded after import = 1

========================================================================
Received Import Request.
  Time since last request: 0.000245 seconds.
  path: Assets/HealthBar/Health Bar
  artifactKey: Guid(695536e88668cfd48ac5b15327272703) Importer(2089858483,192608db42251d675da83286b1cce702)
Start importing Assets/HealthBar/Health Bar using Guid(695536e88668cfd48ac5b15327272703) Importer(2089858483,192608db42251d675da83286b1cce702) (ScriptedImporter) -> (artifact id: '919668c467593010dd85e4828b39095f') in 0.0458008 seconds
Number of updated asset objects reloaded before import = 0Number of asset objects unloaded after import = 1

========================================================================
Received Import Request.
  Time since last request: 0.000034 seconds.
  path: Assets/HealthBar/Health Bar/Assets/Settings
  artifactKey: Guid(0735c275001a2c84dafdb30deced5d8d) Importer(2089858483,192608db42251d675da83286b1cce702)
Start importing Assets/HealthBar/Health Bar/Assets/Settings using Guid(0735c275001a2c84dafdb30deced5d8d) Importer(2089858483,192608db42251d675da83286b1cce702) (ScriptedImporter) -> (artifact id: '52dc49de0311bdbbb2be451ef68c7af1') in 0.0612048 seconds
Number of updated asset objects reloaded before import = 0Number of asset objects unloaded after import = 1

========================================================================
Received Import Request.
  Time since last request: 0.000062 seconds.
  path: Assets/HealthBar/Health Bar/Assets/ExampleAssets/Textures/Props/Jigsaw
  artifactKey: Guid(f23328cbe6fee514b868007ab8567c3d) Importer(2089858483,192608db42251d675da83286b1cce702)
Start importing Assets/HealthBar/Health Bar/Assets/ExampleAssets/Textures/Props/Jigsaw using Guid(f23328cbe6fee514b868007ab8567c3d) Importer(2089858483,192608db42251d675da83286b1cce702) (ScriptedImporter) -> (artifact id: 'a83e27b146313f785a7b6ba426fa7117') in 0.0453114 seconds
Number of updated asset objects reloaded before import = 0Number of asset objects unloaded after import = 1

========================================================================
Received Import Request.
  Time since last request: 0.000080 seconds.
  path: Assets/HealthBar/Health Bar/Assets/ExampleAssets/Shaders/Paint1G_WAnim_Shader.ShaderGraph
  artifactKey: Guid(5e5eca56e1993e741b41ac9c687d01a5) Importer(2089858483,192608db42251d675da83286b1cce702)
Start importing Assets/HealthBar/Health Bar/Assets/ExampleAssets/Shaders/Paint1G_WAnim_Shader.ShaderGraph using Guid(5e5eca56e1993e741b41ac9c687d01a5) Importer(2089858483,192608db42251d675da83286b1cce702) (ScriptedImporter) -> (artifact id: '6dc1e137353a68a70ec47f31792ef6a0') in 0.2402843 seconds
Number of updated asset objects reloaded before import = 0Number of asset objects unloaded after import = 10

========================================================================
Received Import Request.
  Time since last request: 0.000059 seconds.
  path: Assets/TextMesh Pro/Examples & Extras/Resources/Color Gradient Presets/Dark to Light Green - Vertical.asset
  artifactKey: Guid(4c86a3366cd840348ebe8dc438570ee4) Importer(2089858483,192608db42251d675da83286b1cce702)
Start importing Assets/TextMesh Pro/Examples & Extras/Resources/Color Gradient Presets/Dark to Light Green - Vertical.asset using Guid(4c86a3366cd840348ebe8dc438570ee4) Importer(2089858483,192608db42251d675da83286b1cce702) (ScriptedImporter) -> (artifact id: '65759ca80980f2e5cb44e4b19b534796') in 0.0696119 seconds
Number of updated asset objects reloaded before import = 0Number of asset objects unloaded after import = 1

========================================================================
Received Import Request.
  Time since last request: 0.000056 seconds.
  path: Assets/HealthBar/Health Bar/Assets/ExampleAssets/Textures/Wood/OBS_Albedo.tif
  artifactKey: Guid(7140a9bc83a12ea49a081dda89216fff) Importer(2089858483,192608db42251d675da83286b1cce702)
Start importing Assets/HealthBar/Health Bar/Assets/ExampleAssets/Textures/Wood/OBS_Albedo.tif using Guid(7140a9bc83a12ea49a081dda89216fff) Importer(2089858483,192608db42251d675da83286b1cce702) (ScriptedImporter) -> (artifact id: '0f2d98a139fe286fb7ddedf627244091') in 0.0641187 seconds
Number of updated asset objects reloaded before import = 0Number of asset objects unloaded after import = 1

========================================================================
Received Import Request.
  Time since last request: 0.000049 seconds.
  path: Assets/HealthBar/Health Bar/Assets/ExampleAssets/Textures/Wood/Plywood_MetallicOcculusionSmoothness.tif
  artifactKey: Guid(2e38f7921b7d7b1418ab63c08117ffb8) Importer(2089858483,192608db42251d675da83286b1cce702)
Start importing Assets/HealthBar/Health Bar/Assets/ExampleAssets/Textures/Wood/Plywood_MetallicOcculusionSmoothness.tif using Guid(2e38f7921b7d7b1418ab63c08117ffb8) Importer(2089858483,192608db42251d675da83286b1cce702) (ScriptedImporter) -> (artifact id: '7b884b3aa36a591598a84ac7895838c6') in 0.0777077 seconds
Number of updated asset objects reloaded before import = 0Number of asset objects unloaded after import = 1

========================================================================
Received Import Request.
  Time since last request: 0.000038 seconds.
  path: Assets/HealthBar/Health Bar/Assets/ExampleAssets/Textures/Metal/Metal_Albedo.tif
  artifactKey: Guid(77583f99dea53b641804bb357092ec83) Importer(2089858483,192608db42251d675da83286b1cce702)
Start importing Assets/HealthBar/Health Bar/Assets/ExampleAssets/Textures/Metal/Metal_Albedo.tif using Guid(77583f99dea53b641804bb357092ec83) Importer(2089858483,192608db42251d675da83286b1cce702) (ScriptedImporter) -> (artifact id: '29d1453bddb0430a87cc0a6945e9220e') in 0.0843256 seconds
Number of updated asset objects reloaded before import = 0Number of asset objects unloaded after import = 1

========================================================================
Received Import Request.
  Time since last request: 0.000058 seconds.
  path: Assets/HealthBar/Health Bar/Assets/ExampleAssets/Materials/Liquid_Mat.mat
  artifactKey: Guid(c532880e607f8c84d8b9bf0c46a522ad) Importer(2089858483,192608db42251d675da83286b1cce702)
Start importing Assets/HealthBar/Health Bar/Assets/ExampleAssets/Materials/Liquid_Mat.mat using Guid(c532880e607f8c84d8b9bf0c46a522ad) Importer(2089858483,192608db42251d675da83286b1cce702) (ScriptedImporter) -> (artifact id: '0cdb250ceef0ae4c0179f7edeb2a5433') in 0.0777339 seconds
Number of updated asset objects reloaded before import = 0Number of asset objects unloaded after import = 1

========================================================================
Received Import Request.
  Time since last request: 0.000059 seconds.
  path: Assets/HealthBar/Health Bar/Assets/ExampleAssets/Textures/Props/Paint/PaintAnimMask.tif
  artifactKey: Guid(5e98de278b2ccc14f89b76b85596a3f3) Importer(2089858483,192608db42251d675da83286b1cce702)
Start importing Assets/HealthBar/Health Bar/Assets/ExampleAssets/Textures/Props/Paint/PaintAnimMask.tif using Guid(5e98de278b2ccc14f89b76b85596a3f3) Importer(2089858483,192608db42251d675da83286b1cce702) (ScriptedImporter) -> (artifact id: 'f008d57b2f9cb407598e4665c4579022') in 0.0674675 seconds
Number of updated asset objects reloaded before import = 0Number of asset objects unloaded after import = 1

========================================================================
Received Import Request.
  Time since last request: 0.000077 seconds.
  path: Assets/HealthBar/Health Bar/Assets/ExampleAssets/Textures/Props/Paint/PaintLabel.tif
  artifactKey: Guid(e5c37ab0c7b37af4f981195d3caaf4b4) Importer(2089858483,192608db42251d675da83286b1cce702)
Start importing Assets/HealthBar/Health Bar/Assets/ExampleAssets/Textures/Props/Paint/PaintLabel.tif using Guid(e5c37ab0c7b37af4f981195d3caaf4b4) Importer(2089858483,192608db42251d675da83286b1cce702) (ScriptedImporter) -> (artifact id: '1204bd432528924ed2dc9237ba220020') in 0.2294152 seconds
Number of updated asset objects reloaded before import = 0Number of asset objects unloaded after import = 1

========================================================================
Received Import Request.
  Time since last request: 0.000049 seconds.
  path: Assets/HealthBar/Health Bar/Assets/Sprites/Heart.png
  artifactKey: Guid(9a8e023b5e66b0d478386a07d1627765) Importer(2089858483,192608db42251d675da83286b1cce702)
Start importing Assets/HealthBar/Health Bar/Assets/Sprites/Heart.png using Guid(9a8e023b5e66b0d478386a07d1627765) Importer(2089858483,192608db42251d675da83286b1cce702) (ScriptedImporter) -> (artifact id: '3a1fad360cc492185f2f56af42cda4fc') in 0.0722986 seconds
Number of updated asset objects reloaded before import = 0Number of asset objects unloaded after import = 3

========================================================================
Received Import Request.
  Time since last request: 0.000078 seconds.
  path: Assets/HealthBar/Health Bar/Assets/Settings/UniversalRP-LowQuality.asset
  artifactKey: Guid(a31e9f9f9c9d4b9429ed0d1234e22103) Importer(2089858483,192608db42251d675da83286b1cce702)
Start importing Assets/HealthBar/Health Bar/Assets/Settings/UniversalRP-LowQuality.asset using Guid(a31e9f9f9c9d4b9429ed0d1234e22103) Importer(2089858483,192608db42251d675da83286b1cce702) (ScriptedImporter) -> (artifact id: '45a745fe48cc77b6565f99a1da7e665a') in 1.0857454 seconds
Number of updated asset objects reloaded before import = 0Number of asset objects unloaded after import = 2

========================================================================
Received Import Request.
  Time since last request: 0.000196 seconds.
  path: Assets/HealthBar/Health Bar/Assets/ExampleAssets/Textures/Metal/Metal_MetallicSmoothness.tif
  artifactKey: Guid(40da0395b61db4448b98bab66d6b549c) Importer(2089858483,192608db42251d675da83286b1cce702)
Start importing Assets/HealthBar/Health Bar/Assets/ExampleAssets/Textures/Metal/Metal_MetallicSmoothness.tif using Guid(40da0395b61db4448b98bab66d6b549c) Importer(2089858483,192608db42251d675da83286b1cce702) (ScriptedImporter) -> (artifact id: '95025004fff35dfb9e27b4fa3c5192da') in 0.1035672 seconds
Number of updated asset objects reloaded before import = 0Number of asset objects unloaded after import = 1

========================================================================
Received Import Request.
  Time since last request: 0.000084 seconds.
  path: Assets/HealthBar/Health Bar/Assets/ExampleAssets/Textures/Props/Hammer/Hammer_Normal.tif
  artifactKey: Guid(c517a9b1527aec343806327b47ad22df) Importer(2089858483,192608db42251d675da83286b1cce702)
Start importing Assets/HealthBar/Health Bar/Assets/ExampleAssets/Textures/Props/Hammer/Hammer_Normal.tif using Guid(c517a9b1527aec343806327b47ad22df) Importer(2089858483,192608db42251d675da83286b1cce702) (ScriptedImporter) -> (artifact id: 'f8e832d8b5114dcf8ce3b1e88edf4404') in 0.2836056 seconds
Number of updated asset objects reloaded before import = 0Number of asset objects unloaded after import = 1

========================================================================
Received Import Request.
  Time since last request: 0.000156 seconds.
  path: Assets/HealthBar/Health Bar/Assets/ExampleAssets/Textures/Props
  artifactKey: Guid(abf7b1f1f7dfcba4c9243d4679f56e71) Importer(2089858483,192608db42251d675da83286b1cce702)
Start importing Assets/HealthBar/Health Bar/Assets/ExampleAssets/Textures/Props using Guid(abf7b1f1f7dfcba4c9243d4679f56e71) Importer(2089858483,192608db42251d675da83286b1cce702) (ScriptedImporter) -> (artifact id: 'e99fdfb8fc040423673497d454c31635') in 0.1083287 seconds
Number of updated asset objects reloaded before import = 0Number of asset objects unloaded after import = 1

========================================================================
Received Import Request.
  Time since last request: 0.000211 seconds.
  path: Assets/HealthBar/Health Bar/Assets/ExampleAssets/Textures/Plastic/Plastic_AlbedoSmoothness.tif
  artifactKey: Guid(1f89fed00b6bc904c861ab847a811cb8) Importer(2089858483,192608db42251d675da83286b1cce702)
Start importing Assets/HealthBar/Health Bar/Assets/ExampleAssets/Textures/Plastic/Plastic_AlbedoSmoothness.tif using Guid(1f89fed00b6bc904c861ab847a811cb8) Importer(2089858483,192608db42251d675da83286b1cce702) (ScriptedImporter) -> (artifact id: '0b843e5160361422b5fb3df0ae89f7b4') in 0.3086414 seconds
Number of updated asset objects reloaded before import = 0Number of asset objects unloaded after import = 1

========================================================================
Received Import Request.
  Time since last request: 0.000316 seconds.
  path: Assets/HealthBar/Health Bar/Assets/Presets/NormalTexture.preset
  artifactKey: Guid(14a57cf3b9fa1c74b884aa7e0dcf1faa) Importer(2089858483,192608db42251d675da83286b1cce702)
Start importing Assets/HealthBar/Health Bar/Assets/Presets/NormalTexture.preset using Guid(14a57cf3b9fa1c74b884aa7e0dcf1faa) Importer(2089858483,192608db42251d675da83286b1cce702) (ScriptedImporter) -> (artifact id: '41540e664a1e5b60842b3838bc99f989') in 0.3987248 seconds
Number of updated asset objects reloaded before import = 0Number of asset objects unloaded after import = 1

========================================================================
Received Import Request.
  Time since last request: 0.000315 seconds.
  path: Assets/HealthBar/Health Bar/Assets/ExampleAssets/Textures/Props/Paint
  artifactKey: Guid(661b3094cbb8d57488db75686cf31627) Importer(2089858483,192608db42251d675da83286b1cce702)
Start importing Assets/HealthBar/Health Bar/Assets/ExampleAssets/Textures/Props/Paint using Guid(661b3094cbb8d57488db75686cf31627) Importer(2089858483,192608db42251d675da83286b1cce702) (ScriptedImporter) -> (artifact id: 'fc4b819ddff19e56a87506cbac086fe0') in 0.0470402 seconds
Number of updated asset objects reloaded before import = 0Number of asset objects unloaded after import = 1

========================================================================
Received Import Request.
  Time since last request: 0.002587 seconds.
  path: Assets/HealthBar/Health Bar/Assets/Billboard.cs
  artifactKey: Guid(31d45b6365a95f94d90371f7374f9699) Importer(2089858483,192608db42251d675da83286b1cce702)
Start importing Assets/HealthBar/Health Bar/Assets/Billboard.cs using Guid(31d45b6365a95f94d90371f7374f9699) Importer(2089858483,192608db42251d675da83286b1cce702) (ScriptedImporter) -> (artifact id: '49a506d2e944559868349205ac18abd9') in 0.6838265 seconds
Number of updated asset objects reloaded before import = 0Number of asset objects unloaded after import = 0

========================================================================
Received Import Request.
  Time since last request: 0.003503 seconds.
  path: Assets/HealthBar/Health Bar/Assets/ExampleAssets/Textures/Props/Hammer
  artifactKey: Guid(65ba28c90924bf641b0800d7c3aa08eb) Importer(2089858483,192608db42251d675da83286b1cce702)
Start importing Assets/HealthBar/Health Bar/Assets/ExampleAssets/Textures/Props/Hammer using Guid(65ba28c90924bf641b0800d7c3aa08eb) Importer(2089858483,192608db42251d675da83286b1cce702) (ScriptedImporter) -> (artifact id: '38018e91cd6edc922e3d5d23c02d8325') in 0.0943599 seconds
Number of updated asset objects reloaded before import = 0Number of asset objects unloaded after import = 1

========================================================================
Received Import Request.
  Time since last request: 0.000055 seconds.
  path: Assets/HealthBar/Health Bar/Assets/ExampleAssets/Materials/LightBulb_Mat.mat
  artifactKey: Guid(ec739259ec61f5d4ba3ed6d34fd802a6) Importer(2089858483,192608db42251d675da83286b1cce702)
Start importing Assets/HealthBar/Health Bar/Assets/ExampleAssets/Materials/LightBulb_Mat.mat using Guid(ec739259ec61f5d4ba3ed6d34fd802a6) Importer(2089858483,192608db42251d675da83286b1cce702) (ScriptedImporter) -> (artifact id: '520bb84d60789a703ab79b8ac1a63bb0') in 0.0893495 seconds
Number of updated asset objects reloaded before import = 0Number of asset objects unloaded after import = 1

========================================================================
Received Import Request.
  Time since last request: 0.000136 seconds.
  path: Assets/HealthBar/Health Bar/Assets/Presets/Defaults
  artifactKey: Guid(71ea82b02df99c2439e0dc8e4e1ebc24) Importer(2089858483,192608db42251d675da83286b1cce702)
Start importing Assets/HealthBar/Health Bar/Assets/Presets/Defaults using Guid(71ea82b02df99c2439e0dc8e4e1ebc24) Importer(2089858483,192608db42251d675da83286b1cce702) (ScriptedImporter) -> (artifact id: '1f8b8ef8ffa9536aa46458123eaae513') in 0.0371479 seconds
Number of updated asset objects reloaded before import = 0Number of asset objects unloaded after import = 1

========================================================================
Received Import Request.
  Time since last request: 0.000056 seconds.
  path: Assets/Scripts/Brackey/BattleHUD.cs
  artifactKey: Guid(6f5228bd618446c4fbeb922577557378) Importer(2089858483,192608db42251d675da83286b1cce702)
Start importing Assets/Scripts/Brackey/BattleHUD.cs using Guid(6f5228bd618446c4fbeb922577557378) Importer(2089858483,192608db42251d675da83286b1cce702) (ScriptedImporter) -> (artifact id: '264a2480b384de81c33ef09441c64595') in 0.0531712 seconds
Number of updated asset objects reloaded before import = 0Number of asset objects unloaded after import = 0

========================================================================
Received Import Request.
  Time since last request: 0.000177 seconds.
  path: Assets/HealthBar/Health Bar/Assets/ExampleAssets/Textures/Concrete
  artifactKey: Guid(47c259102c9296845a85c9d7207b82f2) Importer(2089858483,192608db42251d675da83286b1cce702)
Start importing Assets/HealthBar/Health Bar/Assets/ExampleAssets/Textures/Concrete using Guid(47c259102c9296845a85c9d7207b82f2) Importer(2089858483,192608db42251d675da83286b1cce702) (ScriptedImporter) -> (artifact id: '778915ed4df442476588773cc9aaf46a') in 0.0473431 seconds
Number of updated asset objects reloaded before import = 0Number of asset objects unloaded after import = 1

========================================================================
Received Import Request.
  Time since last request: 0.000179 seconds.
  path: Assets/HealthBar/Health Bar/Assets/ExampleAssets/Textures/Props/Jigsaw/Jigsaw_Normal.tif
  artifactKey: Guid(06969fc081d8cc146af6634f75abe652) Importer(2089858483,192608db42251d675da83286b1cce702)
Start importing Assets/HealthBar/Health Bar/Assets/ExampleAssets/Textures/Props/Jigsaw/Jigsaw_Normal.tif using Guid(06969fc081d8cc146af6634f75abe652) Importer(2089858483,192608db42251d675da83286b1cce702) (ScriptedImporter) -> (artifact id: 'c27a0cf87a6a79866be18e03fbb8b8f2') in 0.1089225 seconds
Number of updated asset objects reloaded before import = 0Number of asset objects unloaded after import = 1

========================================================================
Received Import Request.
  Time since last request: 0.001138 seconds.
  path: Assets/HealthBar/Health Bar/Assets/Settings/SampleSceneProfile.asset
  artifactKey: Guid(4a0228ec7d39cca4c846f82cd508d87b) Importer(2089858483,192608db42251d675da83286b1cce702)
Start importing Assets/HealthBar/Health Bar/Assets/Settings/SampleSceneProfile.asset using Guid(4a0228ec7d39cca4c846f82cd508d87b) Importer(2089858483,192608db42251d675da83286b1cce702) (ScriptedImporter) -> (artifact id: '4a6171513a08188af99ec783a7abd003') in 0.3856533 seconds
Number of updated asset objects reloaded before import = 0Number of asset objects unloaded after import = 4

========================================================================
Received Import Request.
  Time since last request: 0.001346 seconds.
  path: Assets/Blink/Art/Weapons/LowPoly/FreeRPGWeapons/Staff/Staff_Textures/Staff_Basic.mat
  artifactKey: Guid(f8ea7943930fc6e44ae39866fa349d80) Importer(2089858483,192608db42251d675da83286b1cce702)
Start importing Assets/Blink/Art/Weapons/LowPoly/FreeRPGWeapons/Staff/Staff_Textures/Staff_Basic.mat using Guid(f8ea7943930fc6e44ae39866fa349d80) Importer(2089858483,192608db42251d675da83286b1cce702) (ScriptedImporter) -> (artifact id: '40f73e38612b1cb99addf95592e28bdf') in 0.8185488 seconds
Number of updated asset objects reloaded before import = 0Number of asset objects unloaded after import = 4

========================================================================
Received Import Request.
  Time since last request: 0.000048 seconds.
  path: Assets/TextMesh Pro/Examples & Extras/Textures/Mask Zig-n-Zag.psd
  artifactKey: Guid(bb8dfcd263ad4eb383a33d74a720be6f) Importer(2089858483,192608db42251d675da83286b1cce702)
Start importing Assets/TextMesh Pro/Examples & Extras/Textures/Mask Zig-n-Zag.psd using Guid(bb8dfcd263ad4eb383a33d74a720be6f) Importer(2089858483,192608db42251d675da83286b1cce702) (ScriptedImporter) -> (artifact id: 'e1f1d5d1124be94018f54a73341d6173') in 0.1085752 seconds
Number of updated asset objects reloaded before import = 0Number of asset objects unloaded after import = 1

========================================================================
Received Import Request.
  Time since last request: 0.000049 seconds.
  path: Assets/Blink/Art/Weapons/LowPoly/FreeRPGWeapons/Maces/Mace_1H_Textures/Mace1H_Medium_BaseColor.png
  artifactKey: Guid(482b4e26551ef3a42b921029331c1832) Importer(2089858483,192608db42251d675da83286b1cce702)
Start importing Assets/Blink/Art/Weapons/LowPoly/FreeRPGWeapons/Maces/Mace_1H_Textures/Mace1H_Medium_BaseColor.png using Guid(482b4e26551ef3a42b921029331c1832) Importer(2089858483,192608db42251d675da83286b1cce702) (ScriptedImporter) -> (artifact id: 'f6367f2671eae6cfc0aa7bf33b31ba79') in 0.1117227 seconds
Number of updated asset objects reloaded before import = 0Number of asset objects unloaded after import = 1

========================================================================
Received Import Request.
  Time since last request: 0.000065 seconds.
  path: Assets/Fantasy Wooden GUI  Free/normal_ui_set A/IRONY TITLE  Large.png
  artifactKey: Guid(054411784c3fdf74d9db120b4a792a71) Importer(2089858483,192608db42251d675da83286b1cce702)
Start importing Assets/Fantasy Wooden GUI  Free/normal_ui_set A/IRONY TITLE  Large.png using Guid(054411784c3fdf74d9db120b4a792a71) Importer(2089858483,192608db42251d675da83286b1cce702) (ScriptedImporter) -> (artifact id: 'd46f45f1a4e242798ab236f46f2f5849') in 0.1584183 seconds
Number of updated asset objects reloaded before import = 0Number of asset objects unloaded after import = 3

========================================================================
Received Import Request.
  Time since last request: 0.000084 seconds.
  path: Assets/STYLIZED Desert Kingdom/Prefabs/Buildings/SM_minaret_02 (1).prefab
  artifactKey: Guid(d2cc692dd9352834783da205a4a1de1e) Importer(2089858483,192608db42251d675da83286b1cce702)
Start importing Assets/STYLIZED Desert Kingdom/Prefabs/Buildings/SM_minaret_02 (1).prefab using Guid(d2cc692dd9352834783da205a4a1de1e) Importer(2089858483,192608db42251d675da83286b1cce702) (ScriptedImporter) -> (artifact id: 'd5493358e60994c9a6da21b9c508692a') in 0.3122298 seconds
Number of updated asset objects reloaded before import = 0Number of asset objects unloaded after import = 24

========================================================================
Received Import Request.
  Time since last request: 0.000054 seconds.
  path: Assets/STYLIZED Desert Kingdom/Prefabs/Buildings/SM_Minaret_05 (1).prefab
  artifactKey: Guid(55ed7933828f072458fe883d25c7c864) Importer(2089858483,192608db42251d675da83286b1cce702)
Start importing Assets/STYLIZED Desert Kingdom/Prefabs/Buildings/SM_Minaret_05 (1).prefab using Guid(55ed7933828f072458fe883d25c7c864) Importer(2089858483,192608db42251d675da83286b1cce702) (ScriptedImporter) -> (artifact id: 'fd3f1a2c79f75478a6fd5048fbb41ef5') in 0.1836188 seconds
Number of updated asset objects reloaded before import = 0Number of asset objects unloaded after import = 26

========================================================================
Received Import Request.
  Time since last request: 0.000074 seconds.
  path: Assets/STYLIZED Desert Kingdom/Meshes/Buildings/SM_fountain_01.fbx
  artifactKey: Guid(992162bf911715f4a8694757043a6546) Importer(2089858483,192608db42251d675da83286b1cce702)
Start importing Assets/STYLIZED Desert Kingdom/Meshes/Buildings/SM_fountain_01.fbx using Guid(992162bf911715f4a8694757043a6546) Importer(2089858483,192608db42251d675da83286b1cce702) (ScriptedImporter) -> (artifact id: '3e1314959ad035e845405bdafcac5fa2') in 0.8140592 seconds
Number of updated asset objects reloaded before import = 0Number of asset objects unloaded after import = 20

========================================================================
Received Import Request.
  Time since last request: 0.000091 seconds.
  path: Assets/Blink/Art/Weapons/LowPoly/FreeRPGWeapons/Spears/Spear_1H_Textures/Spear1H_Epic2_MetallicSmoothness.png
  artifactKey: Guid(de7059300cc100f4498e7a6b26b8279a) Importer(2089858483,192608db42251d675da83286b1cce702)
Start importing Assets/Blink/Art/Weapons/LowPoly/FreeRPGWeapons/Spears/Spear_1H_Textures/Spear1H_Epic2_MetallicSmoothness.png using Guid(de7059300cc100f4498e7a6b26b8279a) Importer(2089858483,192608db42251d675da83286b1cce702) (ScriptedImporter) -> (artifact id: '237f3a9572975198de691f493185f542') in 0.2024346 seconds
Number of updated asset objects reloaded before import = 0Number of asset objects unloaded after import = 1

========================================================================
Received Import Request.
  Time since last request: 0.000082 seconds.
  path: Assets/Cartoon_Farm_Crops/Prefabs/Standard/Pumpkin_Fruit.prefab
  artifactKey: Guid(0adfa404918648e42a1fb073ef9010d3) Importer(2089858483,192608db42251d675da83286b1cce702)
Start importing Assets/Cartoon_Farm_Crops/Prefabs/Standard/Pumpkin_Fruit.prefab using Guid(0adfa404918648e42a1fb073ef9010d3) Importer(2089858483,192608db42251d675da83286b1cce702) (ScriptedImporter) -> (artifact id: '281cc877a0dc21cbf7f6e9e6dab0a437') in 0.1271155 seconds
Number of updated asset objects reloaded before import = 0Number of asset objects unloaded after import = 9

========================================================================
Received Import Request.
  Time since last request: 0.000044 seconds.
  path: Assets/STYLIZED Desert Kingdom/Materials/Textures/M_skybox_test.png
  artifactKey: Guid(a3615bbf4047daf47bfa3a18244692ae) Importer(2089858483,192608db42251d675da83286b1cce702)
Start importing Assets/STYLIZED Desert Kingdom/Materials/Textures/M_skybox_test.png using Guid(a3615bbf4047daf47bfa3a18244692ae) Importer(2089858483,192608db42251d675da83286b1cce702) (ScriptedImporter) -> (artifact id: 'dad3cb7be88b473c40de3625e5824538') in 0.103002 seconds
Number of updated asset objects reloaded before import = 0Number of asset objects unloaded after import = 1

========================================================================
Received Import Request.
  Time since last request: 0.000085 seconds.
  path: Assets/TextMesh Pro/Shaders/TMP_SDF-Surface-Mobile.shader
  artifactKey: Guid(85187c2149c549c5b33f0cdb02836b17) Importer(2089858483,192608db42251d675da83286b1cce702)
Start importing Assets/TextMesh Pro/Shaders/TMP_SDF-Surface-Mobile.shader using Guid(85187c2149c549c5b33f0cdb02836b17) Importer(2089858483,192608db42251d675da83286b1cce702) (ScriptedImporter) -> (artifact id: 'b3c9723a6c287d9abff252736436603b') in 0.0844088 seconds
Number of updated asset objects reloaded before import = 0Number of asset objects unloaded after import = 1

========================================================================
Received Import Request.
  Time since last request: 0.000749 seconds.
  path: Assets/STYLIZED Desert Kingdom/Materials/Terrain/Groundtiles Sand.terrainlayer
  artifactKey: Guid(6797eef3de88b0346ab11a628b185503) Importer(2089858483,192608db42251d675da83286b1cce702)
Start importing Assets/STYLIZED Desert Kingdom/Materials/Terrain/Groundtiles Sand.terrainlayer using Guid(6797eef3de88b0346ab11a628b185503) Importer(2089858483,192608db42251d675da83286b1cce702) (ScriptedImporter) -> (artifact id: 'a53007aa1419ee5c7c410125ebf96178') in 0.1284774 seconds
Number of updated asset objects reloaded before import = 0Number of asset objects unloaded after import = 3

========================================================================
Received Import Request.
  Time since last request: 0.000527 seconds.
  path: Assets/Training_dummy/Mesh
  artifactKey: Guid(5e5dc28efd03f1443988a3811eb9a89c) Importer(2089858483,192608db42251d675da83286b1cce702)
Start importing Assets/Training_dummy/Mesh using Guid(5e5dc28efd03f1443988a3811eb9a89c) Importer(2089858483,192608db42251d675da83286b1cce702) (ScriptedImporter) -> (artifact id: '5a2e3d892431def5cce85b09e84417e3') in 0.0328083 seconds
Number of updated asset objects reloaded before import = 0Number of asset objects unloaded after import = 1

========================================================================
Received Import Request.
  Time since last request: 0.000047 seconds.
  path: Assets/Fantasy Wooden GUI  Free/normal_ui_set A/UI board Small Set.png
  artifactKey: Guid(8eb69fafe4f719b49bb2dd1a7358aaaa) Importer(2089858483,192608db42251d675da83286b1cce702)
Start importing Assets/Fantasy Wooden GUI  Free/normal_ui_set A/UI board Small Set.png using Guid(8eb69fafe4f719b49bb2dd1a7358aaaa) Importer(2089858483,192608db42251d675da83286b1cce702) (ScriptedImporter) -> (artifact id: '7aea6aa1350056fbee4478bf6ff35756') in 0.1282152 seconds
Number of updated asset objects reloaded before import = 0Number of asset objects unloaded after import = 3

========================================================================
Received Import Request.
  Time since last request: 0.000058 seconds.
  path: Assets/Cartoon_Farm_Crops/Scenes/DemoScene.unity
  artifactKey: Guid(a776f08ef4c119b458df2d460b20d755) Importer(2089858483,192608db42251d675da83286b1cce702)
Start importing Assets/Cartoon_Farm_Crops/Scenes/DemoScene.unity using Guid(a776f08ef4c119b458df2d460b20d755) Importer(2089858483,192608db42251d675da83286b1cce702) (ScriptedImporter) -> (artifact id: '85c9afc11cbf7e3af1a0c7babca09909') in 0.1588757 seconds
Number of updated asset objects reloaded before import = 0Number of asset objects unloaded after import = 1

========================================================================
Received Import Request.
  Time since last request: 0.000233 seconds.
  path: Assets/Blink/Art/Weapons/LowPoly/FreeRPGWeapons/Spears
  artifactKey: Guid(c52d616733c350c4eaac92e90090c434) Importer(2089858483,192608db42251d675da83286b1cce702)
Start importing Assets/Blink/Art/Weapons/LowPoly/FreeRPGWeapons/Spears using Guid(c52d616733c350c4eaac92e90090c434) Importer(2089858483,192608db42251d675da83286b1cce702) (ScriptedImporter) -> (artifact id: 'd8e1cd2276206f8e5c5f351822723395') in 0.1604237 seconds
Number of updated asset objects reloaded before import = 0Number of asset objects unloaded after import = 1

========================================================================
Received Import Request.
  Time since last request: 0.000173 seconds.
  path: Assets/STYLIZED Desert Kingdom/Materials/Textures/M_market_foods_Normal.png
  artifactKey: Guid(888f3ebb49b6d4846b2757638f0f7300) Importer(2089858483,192608db42251d675da83286b1cce702)
Start importing Assets/STYLIZED Desert Kingdom/Materials/Textures/M_market_foods_Normal.png using Guid(888f3ebb49b6d4846b2757638f0f7300) Importer(2089858483,192608db42251d675da83286b1cce702) (ScriptedImporter) -> (artifact id: '8b420980e794ebd721a76c268863479e') in 0.1213149 seconds
Number of updated asset objects reloaded before import = 0Number of asset objects unloaded after import = 1

========================================================================
Received Import Request.
  Time since last request: 0.000146 seconds.
  path: Assets/STYLIZED Desert Kingdom/Meshes/Props/SM_basket_fruits_02.fbx
  artifactKey: Guid(fa54122916fb1c944a183d068d4ef227) Importer(2089858483,192608db42251d675da83286b1cce702)
Start importing Assets/STYLIZED Desert Kingdom/Meshes/Props/SM_basket_fruits_02.fbx using Guid(fa54122916fb1c944a183d068d4ef227) Importer(2089858483,192608db42251d675da83286b1cce702) (ScriptedImporter) -> (artifact id: '740386030e09a58d63cd5ec23ae58ef7') in 0.1484346 seconds
Number of updated asset objects reloaded before import = 0Number of asset objects unloaded after import = 13

========================================================================
Received Import Request.
  Time since last request: 0.000063 seconds.
  path: Assets/STYLIZED Desert Kingdom/Prefabs/Props/SM_carpet_rolled_01.prefab
  artifactKey: Guid(900b34b6b618acc4798494d78285479f) Importer(2089858483,192608db42251d675da83286b1cce702)
Start importing Assets/STYLIZED Desert Kingdom/Prefabs/Props/SM_carpet_rolled_01.prefab using Guid(900b34b6b618acc4798494d78285479f) Importer(2089858483,192608db42251d675da83286b1cce702) (ScriptedImporter) -> (artifact id: '9be4d19e953e08a208a7d484cd0ac377') in 0.0960719 seconds
Number of updated asset objects reloaded before import = 0Number of asset objects unloaded after import = 15

========================================================================
Received Import Request.
  Time since last request: 0.000327 seconds.
  path: Assets/STYLIZED Desert Kingdom/Materials/Materials/M_brass.mat
  artifactKey: Guid(fe5d87e66ec74174daa50d23cd3b5c37) Importer(2089858483,192608db42251d675da83286b1cce702)
Start importing Assets/STYLIZED Desert Kingdom/Materials/Materials/M_brass.mat using Guid(fe5d87e66ec74174daa50d23cd3b5c37) Importer(2089858483,192608db42251d675da83286b1cce702) (ScriptedImporter) -> (artifact id: 'de58a8d1071b03a4feabcb2f063e5180') in 0.0962759 seconds
Number of updated asset objects reloaded before import = 0Number of asset objects unloaded after import = 3

========================================================================
Received Import Request.
  Time since last request: 0.000188 seconds.
  path: Assets/STYLIZED Desert Kingdom/Meshes/Props/SM_spices_market_01.fbx
  artifactKey: Guid(f6856c895c7be1c4db57bcd5faf78840) Importer(2089858483,192608db42251d675da83286b1cce702)
Start importing Assets/STYLIZED Desert Kingdom/Meshes/Props/SM_spices_market_01.fbx using Guid(f6856c895c7be1c4db57bcd5faf78840) Importer(2089858483,192608db42251d675da83286b1cce702) (ScriptedImporter) -> (artifact id: 'cc8a3bee98a1be3854f273a4498c7c33') in 0.0996373 seconds
Number of updated asset objects reloaded before import = 0Number of asset objects unloaded after import = 13

========================================================================
Received Import Request.
  Time since last request: 0.000050 seconds.
  path: Assets/STYLIZED Desert Kingdom/Meshes/Modular Elements/SM_wall_window_03.fbx
  artifactKey: Guid(71c70142ac2a1af4b8086de4d06df0fa) Importer(2089858483,192608db42251d675da83286b1cce702)
Start importing Assets/STYLIZED Desert Kingdom/Meshes/Modular Elements/SM_wall_window_03.fbx using Guid(71c70142ac2a1af4b8086de4d06df0fa) Importer(2089858483,192608db42251d675da83286b1cce702) (ScriptedImporter) -> (artifact id: '808b443e610dc1975213f3c9a1a44bb8') in 0.1101022 seconds
Number of updated asset objects reloaded before import = 0Number of asset objects unloaded after import = 15

========================================================================
Received Import Request.
  Time since last request: 0.000038 seconds.
  path: Assets/STYLIZED Desert Kingdom/Meshes/Modular Elements/SM_wall_large_05.fbx
  artifactKey: Guid(03df47f4ccf2aea40aa94e1d8baeed77) Importer(2089858483,192608db42251d675da83286b1cce702)
Start importing Assets/STYLIZED Desert Kingdom/Meshes/Modular Elements/SM_wall_large_05.fbx using Guid(03df47f4ccf2aea40aa94e1d8baeed77) Importer(2089858483,192608db42251d675da83286b1cce702) (ScriptedImporter) -> (artifact id: '7810db7e0cc5ffb5d0441fb84afcac3d') in 0.1883519 seconds
Number of updated asset objects reloaded before import = 0Number of asset objects unloaded after import = 17

========================================================================
Received Import Request.
  Time since last request: 0.000046 seconds.
  path: Assets/STYLIZED Desert Kingdom/Prefabs/Props/SM_streetlamp_india_01.prefab
  artifactKey: Guid(b0273c00d75f5f94289ddfa1160f3a75) Importer(2089858483,192608db42251d675da83286b1cce702)
Start importing Assets/STYLIZED Desert Kingdom/Prefabs/Props/SM_streetlamp_india_01.prefab using Guid(b0273c00d75f5f94289ddfa1160f3a75) Importer(2089858483,192608db42251d675da83286b1cce702) (ScriptedImporter) -> (artifact id: '89852f77fc4dab1a80ec0dcec4c345b8') in 0.107051 seconds
Number of updated asset objects reloaded before import = 0Number of asset objects unloaded after import = 15

========================================================================
Received Import Request.
  Time since last request: 0.000477 seconds.
  path: Assets/STYLIZED Desert Kingdom/Meshes/Modular Elements
  artifactKey: Guid(ce7ccdd0b7abd99468c09d2fca54a23f) Importer(2089858483,192608db42251d675da83286b1cce702)
Start importing Assets/STYLIZED Desert Kingdom/Meshes/Modular Elements using Guid(ce7ccdd0b7abd99468c09d2fca54a23f) Importer(2089858483,192608db42251d675da83286b1cce702) (ScriptedImporter) -> (artifact id: '2742c1efd37c723f87910b6815e9c550') in 0.0642738 seconds
Number of updated asset objects reloaded before import = 0Number of asset objects unloaded after import = 1

========================================================================
Received Import Request.
  Time since last request: 0.000107 seconds.
  path: Assets/STYLIZED Desert Kingdom/Materials/Materials/M_wall_plaster 5.mat
  artifactKey: Guid(ff6a6fbdf3006a34c9edefd8e698f13b) Importer(2089858483,192608db42251d675da83286b1cce702)
Start importing Assets/STYLIZED Desert Kingdom/Materials/Materials/M_wall_plaster 5.mat using Guid(ff6a6fbdf3006a34c9edefd8e698f13b) Importer(2089858483,192608db42251d675da83286b1cce702) (ScriptedImporter) -> (artifact id: '7f98d20ba14465e682a27b4cdc6bd90c') in 0.494037 seconds
Number of updated asset objects reloaded before import = 0Number of asset objects unloaded after import = 3

========================================================================
Received Import Request.
  Time since last request: 0.000324 seconds.
  path: Assets/STYLIZED Desert Kingdom/Materials/Textures/T_treebark_02_BaseColor.png
  artifactKey: Guid(a882833f100cb06458ebb5904f052396) Importer(2089858483,192608db42251d675da83286b1cce702)
Start importing Assets/STYLIZED Desert Kingdom/Materials/Textures/T_treebark_02_BaseColor.png using Guid(a882833f100cb06458ebb5904f052396) Importer(2089858483,192608db42251d675da83286b1cce702) (ScriptedImporter) -> (artifact id: '976817efb58eb50a276872da4d2da045') in 0.1226563 seconds
Number of updated asset objects reloaded before import = 0Number of asset objects unloaded after import = 1

========================================================================
Received Import Request.
  Time since last request: 0.000051 seconds.
  path: Assets/Matthew Guz/Status Effects and Auras FREE/Textures/3-Light_Point.png
  artifactKey: Guid(1ef04754676259744a559ac32052b06f) Importer(2089858483,192608db42251d675da83286b1cce702)
Start importing Assets/Matthew Guz/Status Effects and Auras FREE/Textures/3-Light_Point.png using Guid(1ef04754676259744a559ac32052b06f) Importer(2089858483,192608db42251d675da83286b1cce702) (ScriptedImporter) -> (artifact id: '90690739c55a4f9156ccee05298764f2') in 0.0691581 seconds
Number of updated asset objects reloaded before import = 0Number of asset objects unloaded after import = 1

========================================================================
Received Import Request.
  Time since last request: 0.000057 seconds.
  path: Assets/STYLIZED Desert Kingdom/Meshes/Buildings/New Folder/SM_rooftop_pavilion.fbx
  artifactKey: Guid(310c365d6122a8b449b44994b067a107) Importer(2089858483,192608db42251d675da83286b1cce702)
Start importing Assets/STYLIZED Desert Kingdom/Meshes/Buildings/New Folder/SM_rooftop_pavilion.fbx using Guid(310c365d6122a8b449b44994b067a107) Importer(2089858483,192608db42251d675da83286b1cce702) (ScriptedImporter) -> (artifact id: 'f8b4d85fe4fe9571456e33c6ce1227c9') in 0.359869 seconds
Number of updated asset objects reloaded before import = 0Number of asset objects unloaded after import = 22

========================================================================
Received Import Request.
  Time since last request: 0.000070 seconds.
  path: Assets/Toon Deserted Temples/Animations/TFD_Candle_09A_Idle1.controller
  artifactKey: Guid(a250c5023e3a8964a8ff2784f60fe367) Importer(2089858483,192608db42251d675da83286b1cce702)
Start importing Assets/Toon Deserted Temples/Animations/TFD_Candle_09A_Idle1.controller using Guid(a250c5023e3a8964a8ff2784f60fe367) Importer(2089858483,192608db42251d675da83286b1cce702) (ScriptedImporter) -> (artifact id: '1e24aefe54df2fe6af48de07c2a33f40') in 0.6768023 seconds
Number of updated asset objects reloaded before import = 0Number of asset objects unloaded after import = 8

========================================================================
Received Import Request.
  Time since last request: 0.000368 seconds.
  path: Assets/Matthew Guz/Status Effects and Auras FREE/Prefab/Aura Buff.prefab
  artifactKey: Guid(247a3e752e93a864db063f5c85fd8391) Importer(2089858483,192608db42251d675da83286b1cce702)
Start importing Assets/Matthew Guz/Status Effects and Auras FREE/Prefab/Aura Buff.prefab using Guid(247a3e752e93a864db063f5c85fd8391) Importer(2089858483,192608db42251d675da83286b1cce702) (ScriptedImporter) -> (artifact id: '4c9605cdbfbb64f7c31458b4a3ab4b90') in 1.010424 seconds
Number of updated asset objects reloaded before import = 0Number of asset objects unloaded after import = 15

========================================================================
Received Import Request.
  Time since last request: 0.000366 seconds.
  path: Assets/STYLIZED Desert Kingdom/Materials/Materials/M_corners_gold.mat
  artifactKey: Guid(61c18a51c6a31644d8a6520265af1421) Importer(2089858483,192608db42251d675da83286b1cce702)
Start importing Assets/STYLIZED Desert Kingdom/Materials/Materials/M_corners_gold.mat using Guid(61c18a51c6a31644d8a6520265af1421) Importer(2089858483,192608db42251d675da83286b1cce702) (ScriptedImporter) -> (artifact id: 'b37f50144655373b323db193cdd50fcf') in 1.625077 seconds
Number of updated asset objects reloaded before import = 0Number of asset objects unloaded after import = 4

========================================================================
Received Import Request.
  Time since last request: 0.000232 seconds.
  path: Assets/Blink/Art/Weapons
  artifactKey: Guid(f21ec5171a04dfe44812ec89a7cd4b2e) Importer(2089858483,192608db42251d675da83286b1cce702)
Start importing Assets/Blink/Art/Weapons using Guid(f21ec5171a04dfe44812ec89a7cd4b2e) Importer(2089858483,192608db42251d675da83286b1cce702) (ScriptedImporter) -> (artifact id: 'fa5d1e673567b9f89e50702ec6a5c36a') in 0.0562082 seconds
Number of updated asset objects reloaded before import = 0Number of asset objects unloaded after import = 1

========================================================================
Received Import Request.
  Time since last request: 0.000035 seconds.
  path: Assets/Matthew Guz/Slash Effects FREE/Scene Demo/Slash Scene Demo FREE.unity
  artifactKey: Guid(565e7a2fa01631b47947c8f6f09e8fff) Importer(2089858483,192608db42251d675da83286b1cce702)
Start importing Assets/Matthew Guz/Slash Effects FREE/Scene Demo/Slash Scene Demo FREE.unity using Guid(565e7a2fa01631b47947c8f6f09e8fff) Importer(2089858483,192608db42251d675da83286b1cce702) (ScriptedImporter) -> (artifact id: '787cb2d87b255231c9d121ef8f2142fa') in 0.1897247 seconds
Number of updated asset objects reloaded before import = 0Number of asset objects unloaded after import = 1

========================================================================
Received Import Request.
  Time since last request: 0.000129 seconds.
  path: Assets/STYLIZED Desert Kingdom/Materials/Textures/M_bricks_Normal 1.png
  artifactKey: Guid(4f0be456e2bc97c4297f73a93aacb622) Importer(2089858483,192608db42251d675da83286b1cce702)
Start importing Assets/STYLIZED Desert Kingdom/Materials/Textures/M_bricks_Normal 1.png using Guid(4f0be456e2bc97c4297f73a93aacb622) Importer(2089858483,192608db42251d675da83286b1cce702) (ScriptedImporter) -> (artifact id: '2fed9cb377febdbed3b9e0ef3f22f74f') in 0.3583141 seconds
Number of updated asset objects reloaded before import = 0Number of asset objects unloaded after import = 1

========================================================================
Received Import Request.
  Time since last request: 0.000207 seconds.
  path: Assets/STYLIZED Desert Kingdom/Materials/Materials/M_leaves 2.mat
  artifactKey: Guid(e72cfdf1e1cb1704787c9af7ef70ccdc) Importer(2089858483,192608db42251d675da83286b1cce702)
Start importing Assets/STYLIZED Desert Kingdom/Materials/Materials/M_leaves 2.mat using Guid(e72cfdf1e1cb1704787c9af7ef70ccdc) Importer(2089858483,192608db42251d675da83286b1cce702) (ScriptedImporter) -> (artifact id: '61deb4a9f70feb26f2ccc11961f672b3') in 0.6612546 seconds
Number of updated asset objects reloaded before import = 0Number of asset objects unloaded after import = 2

Editor requested this worker to shutdown with reason: Scaling down because of idle timeout
AssetImportWorker is now disconnected from the server
Process exiting
Exiting without the bug reporter. Application will terminate with return code 0