Using pre-set license
Built from '6000.0/staging' branch; Version is '6000.0.41f1 (46e447368a18) revision 4645959'; Using compiler version '193933523'; Build Type 'Release'
OS: 'Windows 11  (10.0.22631) 64bit Core' Language: 'en' Physical Memory: 7551 MB
BatchMode: 1, IsHumanControllingUs: 0, StartBugReporterOnCrash: 0, Is64bit: 1, IsPro: 1

COMMAND LINE ARGUMENTS:
C:\Program Files\Unity\Hub\Editor\6000.0.41f1\Editor\Unity.exe
-adb2
-batchMode
-noUpm
-name
AssetImportWorker4
-projectPath
C:/Users/jayal/OneDrive/Documents/GitHub/MajaanGame
-logFile
Logs/AssetImportWorker4.log
-srvPort
56737
-job-worker-count
8
-background-job-worker-count
8
-gc-helper-count
1
Successfully changed project path to: C:/Users/jayal/OneDrive/Documents/GitHub/MajaanGame
C:/Users/jayal/OneDrive/Documents/GitHub/MajaanGame
[UnityMemory] Configuration Parameters - Can be set up in boot.config
    "memorysetup-bucket-allocator-granularity=16"
    "memorysetup-bucket-allocator-bucket-count=8"
    "memorysetup-bucket-allocator-block-size=33554432"
    "memorysetup-bucket-allocator-block-count=8"
    "memorysetup-main-allocator-block-size=16777216"
    "memorysetup-thread-allocator-block-size=16777216"
    "memorysetup-gfx-main-allocator-block-size=16777216"
    "memorysetup-gfx-thread-allocator-block-size=16777216"
    "memorysetup-cache-allocator-block-size=4194304"
    "memorysetup-typetree-allocator-block-size=2097152"
    "memorysetup-profiler-bucket-allocator-granularity=16"
    "memorysetup-profiler-bucket-allocator-bucket-count=8"
    "memorysetup-profiler-bucket-allocator-block-size=33554432"
    "memorysetup-profiler-bucket-allocator-block-count=8"
    "memorysetup-profiler-allocator-block-size=16777216"
    "memorysetup-profiler-editor-allocator-block-size=1048576"
    "memorysetup-temp-allocator-size-main=16777216"
    "memorysetup-job-temp-allocator-block-size=2097152"
    "memorysetup-job-temp-allocator-block-size-background=1048576"
    "memorysetup-job-temp-allocator-reduction-small-platforms=262144"
    "memorysetup-allocator-temp-initial-block-size-main=262144"
    "memorysetup-allocator-temp-initial-block-size-worker=262144"
    "memorysetup-temp-allocator-size-background-worker=32768"
    "memorysetup-temp-allocator-size-job-worker=262144"
    "memorysetup-temp-allocator-size-preload-manager=33554432"
    "memorysetup-temp-allocator-size-nav-mesh-worker=65536"
    "memorysetup-temp-allocator-size-audio-worker=65536"
    "memorysetup-temp-allocator-size-cloud-worker=32768"
    "memorysetup-temp-allocator-size-gi-baking-worker=262144"
    "memorysetup-temp-allocator-size-gi-baking-worker=262144"
    "memorysetup-temp-allocator-size-gi-baking-worker=262144"
    "memorysetup-temp-allocator-size-gi-baking-worker=262144"
    "memorysetup-temp-allocator-size-gi-baking-worker=262144"
    "memorysetup-temp-allocator-size-gfx=262144"
Player connection [3724]  Target information:

Player connection [3724]  * "[IP] 10.10.144.54 [Port] 0 [Flags] 2 [Guid] 2917346548 [EditorId] 2917346548 [Version] 1048832 [Id] WindowsEditor(7,JayAllenLaptop) [Debug] 1 [PackageName] WindowsEditor [ProjectName] Editor" 

Player connection [3724] Host joined multi-casting on [225.0.0.222:54997]...
Player connection [3724] Host joined alternative multi-casting on [225.0.0.222:34997]...
JobSystem: Creating JobQueue using job-worker-count value 8
Input System module state changed to: Initialized.
[Physics::Module] Initialized fallback backend.
[Physics::Module] Id: 0xdecafbad
Library Redirect Path: Library/
[Physics::Module] Selected backend.
[Physics::Module] Name: PhysX
[Physics::Module] Id: 0xf2b8ea05
[Physics::Module] SDK Version: 4.1.2
[Physics::Module] Integration Version: 1.0.0
[Physics::Module] Threading Mode: Multi-Threaded
Refreshing native plugins compatible for Editor in 31.26 ms, found 3 plugins.
Preloading 0 native plugins for Editor in 0.00 ms.
Initialize engine version: 6000.0.41f1 (46e447368a18)
[Subsystems] Discovering subsystems at path C:/Program Files/Unity/Hub/Editor/6000.0.41f1/Editor/Data/Resources/UnitySubsystems
[Subsystems] Discovering subsystems at path C:/Users/jayal/OneDrive/Documents/GitHub/MajaanGame/Assets
GfxDevice: creating device client; kGfxThreadingModeNonThreaded
Direct3D:
    Version:  Direct3D 11.0 [level 11.1]
    Renderer: Intel(R) Graphics (ID=0x7dd5)
    Vendor:   Intel
    VRAM:     4304 MB
    Driver:   32.0.101.6314
Initialize mono
Mono path[0] = 'C:/Program Files/Unity/Hub/Editor/6000.0.41f1/Editor/Data/Managed'
Mono path[1] = 'C:/Program Files/Unity/Hub/Editor/6000.0.41f1/Editor/Data/MonoBleedingEdge/lib/mono/unityjit-win32'
Mono config path = 'C:/Program Files/Unity/Hub/Editor/6000.0.41f1/Editor/Data/MonoBleedingEdge/etc'
Using monoOptions --debugger-agent=transport=dt_socket,embedding=1,server=y,suspend=n,address=127.0.0.1:56636
Begin MonoManager ReloadAssembly
Registering precompiled unity dll's ...
Register platform support module: C:/Program Files/Unity/Hub/Editor/6000.0.41f1/Editor/Data/PlaybackEngines/WindowsStandaloneSupport/UnityEditor.WindowsStandalone.Extensions.dll
Registered in 0.029169 seconds.
- Loaded All Assemblies, in  2.594 seconds
Native extension for WindowsStandalone target not found
Mono: successfully reloaded assembly
- Finished resetting the current domain, in  2.116 seconds
Domain Reload Profiling: 4706ms
	BeginReloadAssembly (1413ms)
		ExecutionOrderSort (1ms)
		DisableScriptedObjects (0ms)
		BackupInstance (0ms)
		ReleaseScriptingObjects (0ms)
		CreateAndSetChildDomain (8ms)
	RebuildCommonClasses (146ms)
	RebuildNativeTypeToScriptingClass (40ms)
	initialDomainReloadingComplete (296ms)
	LoadAllAssembliesAndSetupDomain (694ms)
		LoadAssemblies (1362ms)
		RebuildTransferFunctionScriptingTraits (0ms)
		AnalyzeDomain (685ms)
			TypeCache.Refresh (681ms)
				TypeCache.ScanAssembly (626ms)
			BuildScriptInfoCaches (0ms)
			ResolveRequiredComponents (2ms)
	FinalizeReload (2118ms)
		ReleaseScriptCaches (0ms)
		RebuildScriptCaches (0ms)
		SetupLoadedEditorAssemblies (1779ms)
			LogAssemblyErrors (0ms)
			InitializePlatformSupportModulesInManaged (95ms)
			SetLoadedEditorAssemblies (13ms)
			BeforeProcessingInitializeOnLoad (322ms)
			ProcessInitializeOnLoadAttributes (1152ms)
			ProcessInitializeOnLoadMethodAttributes (197ms)
			AfterProcessingInitializeOnLoad (0ms)
			EditorAssembliesLoaded (0ms)
		ExecutionOrderSort2 (0ms)
		AwakeInstancesAfterBackupRestoration (0ms)
========================================================================
Worker process is ready to serve import requests
Import Worker Mode flag is 0x00
Begin MonoManager ReloadAssembly
- Loaded All Assemblies, in  5.645 seconds
Refreshing native plugins compatible for Editor in 14.47 ms, found 3 plugins.
Native extension for WindowsStandalone target not found
Mono: successfully reloaded assembly
- Finished resetting the current domain, in  7.331 seconds
Domain Reload Profiling: 12965ms
	BeginReloadAssembly (764ms)
		ExecutionOrderSort (0ms)
		DisableScriptedObjects (28ms)
		BackupInstance (0ms)
		ReleaseScriptingObjects (0ms)
		CreateAndSetChildDomain (128ms)
	RebuildCommonClasses (122ms)
	RebuildNativeTypeToScriptingClass (33ms)
	initialDomainReloadingComplete (94ms)
	LoadAllAssembliesAndSetupDomain (4620ms)
		LoadAssemblies (3634ms)
		RebuildTransferFunctionScriptingTraits (0ms)
		AnalyzeDomain (1427ms)
			TypeCache.Refresh (1113ms)
				TypeCache.ScanAssembly (947ms)
			BuildScriptInfoCaches (249ms)
			ResolveRequiredComponents (51ms)
	FinalizeReload (7333ms)
		ReleaseScriptCaches (0ms)
		RebuildScriptCaches (0ms)
		SetupLoadedEditorAssemblies (4880ms)
			LogAssemblyErrors (0ms)
			InitializePlatformSupportModulesInManaged (25ms)
			SetLoadedEditorAssemblies (28ms)
			BeforeProcessingInitializeOnLoad (520ms)
			ProcessInitializeOnLoadAttributes (3631ms)
			ProcessInitializeOnLoadMethodAttributes (635ms)
			AfterProcessingInitializeOnLoad (38ms)
			EditorAssembliesLoaded (3ms)
		ExecutionOrderSort2 (0ms)
		AwakeInstancesAfterBackupRestoration (39ms)
Launched and connected shader compiler UnityShaderCompiler.exe after 0.10 seconds
Refreshing native plugins compatible for Editor in 21.17 ms, found 3 plugins.
Preloading 0 native plugins for Editor in 0.00 ms.
Unloading 261 Unused Serialized files (Serialized files now loaded: 0)
Unloading 6138 unused Assets / (6.1 MB). Loaded Objects now: 6885.
Memory consumption went from 221.5 MB to 215.4 MB.
Total: 333.291100 ms (FindLiveObjects: 121.849600 ms CreateObjectMapping: 4.873200 ms MarkObjects: 175.185300 ms  DeleteObjects: 31.376300 ms)

========================================================================
Received Import Request.
  Time since last request: 3297.150541 seconds.
  path: Assets/Toon Deserted Temples/Models/TFD_Column_02A_Module_02.fbx
  artifactKey: Guid(a3279534f0c78404d96c848fa39d59cd) Importer(2089858483,192608db42251d675da83286b1cce702)
Start importing Assets/Toon Deserted Temples/Models/TFD_Column_02A_Module_02.fbx using Guid(a3279534f0c78404d96c848fa39d59cd) Importer(2089858483,192608db42251d675da83286b1cce702) (ScriptedImporter) -> (artifact id: '8fab0e8e8030a838c3a63011efc9c430') in 3.2077204 seconds
Number of updated asset objects reloaded before import = 0Number of asset objects unloaded after import = 22

========================================================================
Received Import Request.
  Time since last request: 0.000071 seconds.
  path: Assets/Toon Deserted Temples/Prefabs/Skeletons/TFD_Skeleton_03A.prefab
  artifactKey: Guid(a993a948daa9e964b8ad14e74ae7d577) Importer(2089858483,192608db42251d675da83286b1cce702)
Start importing Assets/Toon Deserted Temples/Prefabs/Skeletons/TFD_Skeleton_03A.prefab using Guid(a993a948daa9e964b8ad14e74ae7d577) Importer(2089858483,192608db42251d675da83286b1cce702) (ScriptedImporter) -> (artifact id: '127470816393f06c7a7c0afd170e3c6c') in 0.1944935 seconds
Number of updated asset objects reloaded before import = 0Number of asset objects unloaded after import = 17

========================================================================
Received Import Request.
  Time since last request: 0.000160 seconds.
  path: Assets/Toon Deserted Temples/Models/Materials/TFD_Water_Deep_01B.mat
  artifactKey: Guid(7a9cf99a083f3324cbefc137fa8cca00) Importer(2089858483,192608db42251d675da83286b1cce702)
Start importing Assets/Toon Deserted Temples/Models/Materials/TFD_Water_Deep_01B.mat using Guid(7a9cf99a083f3324cbefc137fa8cca00) Importer(2089858483,192608db42251d675da83286b1cce702) (ScriptedImporter) -> (artifact id: '892f17584a5151e4bb2bf4dcb23fb27c') in 0.3557426 seconds
Number of updated asset objects reloaded before import = 0Number of asset objects unloaded after import = 4

========================================================================
Received Import Request.
  Time since last request: 0.000055 seconds.
  path: Assets/Toon Deserted Temples/Prefabs/Rocks/TFD_Rock_Small_04A.prefab
  artifactKey: Guid(490bfca13e0652f45b909b12be4840d3) Importer(2089858483,192608db42251d675da83286b1cce702)
Start importing Assets/Toon Deserted Temples/Prefabs/Rocks/TFD_Rock_Small_04A.prefab using Guid(490bfca13e0652f45b909b12be4840d3) Importer(2089858483,192608db42251d675da83286b1cce702) (ScriptedImporter) -> (artifact id: 'e687556f4480a170b46c95a10c178f08') in 0.1477405 seconds
Number of updated asset objects reloaded before import = 0Number of asset objects unloaded after import = 28

========================================================================
Received Import Request.
  Time since last request: 0.000068 seconds.
  path: Assets/Toon Deserted Temples/Particles/Textures
  artifactKey: Guid(9b7ba8690709af340bfe8056e7bd05d2) Importer(2089858483,192608db42251d675da83286b1cce702)
Start importing Assets/Toon Deserted Temples/Particles/Textures using Guid(9b7ba8690709af340bfe8056e7bd05d2) Importer(2089858483,192608db42251d675da83286b1cce702) (ScriptedImporter) -> (artifact id: 'd6463332918bae1202879d5a292d9e11') in 0.0435227 seconds
Number of updated asset objects reloaded before import = 0Number of asset objects unloaded after import = 1

========================================================================
Received Import Request.
  Time since last request: 0.000036 seconds.
  path: Assets/Toon Deserted Temples/Models/TFD_Column_01A_Module_12.fbx
  artifactKey: Guid(8c1a0e0b92f959e478d9b84304030ca5) Importer(2089858483,192608db42251d675da83286b1cce702)
Start importing Assets/Toon Deserted Temples/Models/TFD_Column_01A_Module_12.fbx using Guid(8c1a0e0b92f959e478d9b84304030ca5) Importer(2089858483,192608db42251d675da83286b1cce702) (ScriptedImporter) -> (artifact id: '2af3a4595fc1e50dfc999efb6fb3d1ef') in 0.0913402 seconds
Number of updated asset objects reloaded before import = 0Number of asset objects unloaded after import = 25

========================================================================
Received Import Request.
  Time since last request: 0.001908 seconds.
  path: Assets/Toon Deserted Temples/Models/TFD_Column_01A_Module_03.fbx
  artifactKey: Guid(a2b7bd90661685d4f9d9c3091c8b0fcd) Importer(2089858483,192608db42251d675da83286b1cce702)
Start importing Assets/Toon Deserted Temples/Models/TFD_Column_01A_Module_03.fbx using Guid(a2b7bd90661685d4f9d9c3091c8b0fcd) Importer(2089858483,192608db42251d675da83286b1cce702) (ScriptedImporter) -> (artifact id: '8cb32167a7d655e052bd4f9d41f20eaa') in 0.1003912 seconds
Number of updated asset objects reloaded before import = 0Number of asset objects unloaded after import = 20

========================================================================
Received Import Request.
  Time since last request: 0.000067 seconds.
  path: Assets/Toon Deserted Temples/Prefabs/Candles/TFD_Wax_Drip_08A.prefab
  artifactKey: Guid(a7664f3855e10ba45b7cca7d12daf395) Importer(2089858483,192608db42251d675da83286b1cce702)
Start importing Assets/Toon Deserted Temples/Prefabs/Candles/TFD_Wax_Drip_08A.prefab using Guid(a7664f3855e10ba45b7cca7d12daf395) Importer(2089858483,192608db42251d675da83286b1cce702) (ScriptedImporter) -> (artifact id: '8c516bff9e81c294d82e6e1fcea5d46b') in 0.0999293 seconds
Number of updated asset objects reloaded before import = 0Number of asset objects unloaded after import = 20

========================================================================
Received Import Request.
  Time since last request: 0.000048 seconds.
  path: Assets/Toon Deserted Temples/Prefabs/Buildings/Building Kit/TFD_Column_01A_Module_06.prefab
  artifactKey: Guid(84b2d5106a31ab4438ca5d25ec162cb1) Importer(2089858483,192608db42251d675da83286b1cce702)
Start importing Assets/Toon Deserted Temples/Prefabs/Buildings/Building Kit/TFD_Column_01A_Module_06.prefab using Guid(84b2d5106a31ab4438ca5d25ec162cb1) Importer(2089858483,192608db42251d675da83286b1cce702) (ScriptedImporter) -> (artifact id: '23816a5d49bd501fa8a4377aad7913fb') in 0.1564377 seconds
Number of updated asset objects reloaded before import = 0Number of asset objects unloaded after import = 21

========================================================================
Received Import Request.
  Time since last request: 0.000119 seconds.
  path: Assets/Toon Deserted Temples/Models/TFD_Beam_02A.fbx
  artifactKey: Guid(717740959a543ae4eb3ad756e1e4fb04) Importer(2089858483,192608db42251d675da83286b1cce702)
Start importing Assets/Toon Deserted Temples/Models/TFD_Beam_02A.fbx using Guid(717740959a543ae4eb3ad756e1e4fb04) Importer(2089858483,192608db42251d675da83286b1cce702) (ScriptedImporter) -> (artifact id: '05c093d534c3cd3282b66e12d01a9328') in 0.0812211 seconds
Number of updated asset objects reloaded before import = 0Number of asset objects unloaded after import = 25

========================================================================
Received Import Request.
  Time since last request: 0.000066 seconds.
  path: Assets/Toon Deserted Temples/Particles/Textures/TFD_Noise_01A.tga
  artifactKey: Guid(dba1b64bb173f7342a007bcbd66bbffb) Importer(2089858483,192608db42251d675da83286b1cce702)
Start importing Assets/Toon Deserted Temples/Particles/Textures/TFD_Noise_01A.tga using Guid(dba1b64bb173f7342a007bcbd66bbffb) Importer(2089858483,192608db42251d675da83286b1cce702) (ScriptedImporter) -> (artifact id: '2757c9990a56a9d11486d8bc535cae8e') in 0.30803 seconds
Number of updated asset objects reloaded before import = 0Number of asset objects unloaded after import = 1

========================================================================
Received Import Request.
  Time since last request: 0.000108 seconds.
  path: Assets/Toon Deserted Temples/Animations/TFD_Candle_02C_Idle3.controller
  artifactKey: Guid(5056ef10b097b0945b97916004d0f5a7) Importer(2089858483,192608db42251d675da83286b1cce702)
Start importing Assets/Toon Deserted Temples/Animations/TFD_Candle_02C_Idle3.controller using Guid(5056ef10b097b0945b97916004d0f5a7) Importer(2089858483,192608db42251d675da83286b1cce702) (ScriptedImporter) -> (artifact id: '8ecb91c041baf8906243559e11baf05a') in 0.132746 seconds
Number of updated asset objects reloaded before import = 0Number of asset objects unloaded after import = 8

========================================================================
Received Import Request.
  Time since last request: 0.000055 seconds.
  path: Assets/Toon Deserted Temples/Models/TFD_Wall_Writing_Tablet_03A.fbx
  artifactKey: Guid(0ed54fc9f1240134ab8d5aa494ad68f7) Importer(2089858483,192608db42251d675da83286b1cce702)
Start importing Assets/Toon Deserted Temples/Models/TFD_Wall_Writing_Tablet_03A.fbx using Guid(0ed54fc9f1240134ab8d5aa494ad68f7) Importer(2089858483,192608db42251d675da83286b1cce702) (ScriptedImporter) -> (artifact id: 'bad8c5505faea285cbf6cb96ac7f49bd') in 0.1269937 seconds
Number of updated asset objects reloaded before import = 0Number of asset objects unloaded after import = 20

========================================================================
Received Import Request.
  Time since last request: 0.000053 seconds.
  path: Assets/Toon Deserted Temples/Models/TFD_Cup_02A.fbx
  artifactKey: Guid(073d0727efb76f242b075e5db0a65eb6) Importer(2089858483,192608db42251d675da83286b1cce702)
Start importing Assets/Toon Deserted Temples/Models/TFD_Cup_02A.fbx using Guid(073d0727efb76f242b075e5db0a65eb6) Importer(2089858483,192608db42251d675da83286b1cce702) (ScriptedImporter) -> (artifact id: '3402833c10fc72f0c3f731373c66c05e') in 0.1302021 seconds
Number of updated asset objects reloaded before import = 0Number of asset objects unloaded after import = 8

========================================================================
Received Import Request.
  Time since last request: 0.000040 seconds.
  path: Assets/Toon Deserted Temples/Models/TFD_Chain_02A.fbx
  artifactKey: Guid(fc5fcd344cbac63428f9db1b3ec44477) Importer(2089858483,192608db42251d675da83286b1cce702)
Start importing Assets/Toon Deserted Temples/Models/TFD_Chain_02A.fbx using Guid(fc5fcd344cbac63428f9db1b3ec44477) Importer(2089858483,192608db42251d675da83286b1cce702) (ScriptedImporter) -> (artifact id: '32b5ebe2e3bf8e60681f51dd98276e92') in 0.0996923 seconds
Number of updated asset objects reloaded before import = 0Number of asset objects unloaded after import = 27

========================================================================
Received Import Request.
  Time since last request: 0.000056 seconds.
  path: Assets/Toon Deserted Temples/Models/TFD_Rock_Small_07A.fbx
  artifactKey: Guid(ea8d8313de85262478e56e9ab706c6d1) Importer(2089858483,192608db42251d675da83286b1cce702)
Start importing Assets/Toon Deserted Temples/Models/TFD_Rock_Small_07A.fbx using Guid(ea8d8313de85262478e56e9ab706c6d1) Importer(2089858483,192608db42251d675da83286b1cce702) (ScriptedImporter) -> (artifact id: 'abc1e2b141505e38ae0df498bfb88459') in 0.1735153 seconds
Number of updated asset objects reloaded before import = 0Number of asset objects unloaded after import = 30

========================================================================
Received Import Request.
  Time since last request: 0.000091 seconds.
  path: Assets/Toon Deserted Temples/Prefabs/Buildings/Runes/TFD_Rune_06A.prefab
  artifactKey: Guid(5b885814ad488f34ab72e7ceee241286) Importer(2089858483,192608db42251d675da83286b1cce702)
Start importing Assets/Toon Deserted Temples/Prefabs/Buildings/Runes/TFD_Rune_06A.prefab using Guid(5b885814ad488f34ab72e7ceee241286) Importer(2089858483,192608db42251d675da83286b1cce702) (ScriptedImporter) -> (artifact id: '1699fc84e10a6f20efb06dea2fb478ce') in 0.1437169 seconds
Number of updated asset objects reloaded before import = 0Number of asset objects unloaded after import = 28

========================================================================
Received Import Request.
  Time since last request: 0.000076 seconds.
  path: Assets/Toon Deserted Temples/Models/TFD_Urn_07A.fbx
  artifactKey: Guid(45f7fcee4b8a3fb4699b8603a441c53b) Importer(2089858483,192608db42251d675da83286b1cce702)
Start importing Assets/Toon Deserted Temples/Models/TFD_Urn_07A.fbx using Guid(45f7fcee4b8a3fb4699b8603a441c53b) Importer(2089858483,192608db42251d675da83286b1cce702) (ScriptedImporter) -> (artifact id: 'ae6ae2f9bf43ed53550edd918eecbe4e') in 0.0706241 seconds
Number of updated asset objects reloaded before import = 0Number of asset objects unloaded after import = 20

========================================================================
Received Import Request.
  Time since last request: 0.000028 seconds.
  path: Assets/Toon Deserted Temples/Models/TFD_Chest_01A.fbx
  artifactKey: Guid(dc2ad86cc9c0f6d4086a00b9371b8c6a) Importer(2089858483,192608db42251d675da83286b1cce702)
Start importing Assets/Toon Deserted Temples/Models/TFD_Chest_01A.fbx using Guid(dc2ad86cc9c0f6d4086a00b9371b8c6a) Importer(2089858483,192608db42251d675da83286b1cce702) (ScriptedImporter) -> (artifact id: '6b4fc35909d81b90efc274b6b5720322') in 0.1493137 seconds
Number of updated asset objects reloaded before import = 0Number of asset objects unloaded after import = 39

========================================================================
Received Import Request.
  Time since last request: 0.000058 seconds.
  path: Assets/Toon Deserted Temples/Models/TFD_Column_01A_Module_15.fbx
  artifactKey: Guid(67e46fb2e1923cd41aa371c1c8f14cd2) Importer(2089858483,192608db42251d675da83286b1cce702)
Start importing Assets/Toon Deserted Temples/Models/TFD_Column_01A_Module_15.fbx using Guid(67e46fb2e1923cd41aa371c1c8f14cd2) Importer(2089858483,192608db42251d675da83286b1cce702) (ScriptedImporter) -> (artifact id: 'f80f9dd7a13a2fa2f8375f8daef6a88f') in 0.2382438 seconds
Number of updated asset objects reloaded before import = 0Number of asset objects unloaded after import = 25

========================================================================
Received Import Request.
  Time since last request: 0.000097 seconds.
  path: Assets/Toon Deserted Temples/Prefabs/Rocks/TFD_Rock_Large_02A.prefab
  artifactKey: Guid(57171a54f73fe3c4d9096b0321879cfe) Importer(2089858483,192608db42251d675da83286b1cce702)
Start importing Assets/Toon Deserted Temples/Prefabs/Rocks/TFD_Rock_Large_02A.prefab using Guid(57171a54f73fe3c4d9096b0321879cfe) Importer(2089858483,192608db42251d675da83286b1cce702) (ScriptedImporter) -> (artifact id: 'e536f88fec927319d202c138a6b9472c') in 0.1596472 seconds
Number of updated asset objects reloaded before import = 0Number of asset objects unloaded after import = 30

========================================================================
Received Import Request.
  Time since last request: 0.000096 seconds.
  path: Assets/Toon Deserted Temples/Models/TFD_Particle_Quad_04B.fbx
  artifactKey: Guid(74962143419f0ee4d8364b61a9a630a5) Importer(2089858483,192608db42251d675da83286b1cce702)
Start importing Assets/Toon Deserted Temples/Models/TFD_Particle_Quad_04B.fbx using Guid(74962143419f0ee4d8364b61a9a630a5) Importer(2089858483,192608db42251d675da83286b1cce702) (ScriptedImporter) -> (artifact id: 'e7b545ccb09c26a1121b10ac71329acc') in 0.1102525 seconds
Number of updated asset objects reloaded before import = 0Number of asset objects unloaded after import = 8

========================================================================
Received Import Request.
  Time since last request: 0.000090 seconds.
  path: Assets/Toon Deserted Temples/Models/TFD_Column_Vine_07A.fbx
  artifactKey: Guid(99dff4826c5f28d428af5c0115b1c382) Importer(2089858483,192608db42251d675da83286b1cce702)
Start importing Assets/Toon Deserted Temples/Models/TFD_Column_Vine_07A.fbx using Guid(99dff4826c5f28d428af5c0115b1c382) Importer(2089858483,192608db42251d675da83286b1cce702) (ScriptedImporter) -> (artifact id: '8c5277e9b9b0bbf0804d56d8b1d6fe04') in 0.1951521 seconds
Number of updated asset objects reloaded before import = 0Number of asset objects unloaded after import = 20

========================================================================
Received Import Request.
  Time since last request: 0.000066 seconds.
  path: Assets/Toon Deserted Temples/Models/TFD_Rune_Sides_08A.fbx
  artifactKey: Guid(e1b4df58d0b6f934986699974f6248bd) Importer(2089858483,192608db42251d675da83286b1cce702)
Start importing Assets/Toon Deserted Temples/Models/TFD_Rune_Sides_08A.fbx using Guid(e1b4df58d0b6f934986699974f6248bd) Importer(2089858483,192608db42251d675da83286b1cce702) (ScriptedImporter) -> (artifact id: '700e6a3216f8b49798bfee5968feafc8') in 0.2280527 seconds
Number of updated asset objects reloaded before import = 0Number of asset objects unloaded after import = 27

========================================================================
Received Import Request.
  Time since last request: 0.000093 seconds.
  path: Assets/Toon Deserted Temples/Prefabs/Pottery/TFD_Urn_Interactable_08A.prefab
  artifactKey: Guid(271ffd52cd55fba45adbaafab0543d28) Importer(2089858483,192608db42251d675da83286b1cce702)
Start importing Assets/Toon Deserted Temples/Prefabs/Pottery/TFD_Urn_Interactable_08A.prefab using Guid(271ffd52cd55fba45adbaafab0543d28) Importer(2089858483,192608db42251d675da83286b1cce702) (ScriptedImporter) -> (artifact id: 'be57545098145f747c8a4a15eecf84a5') in 0.1790391 seconds
Number of updated asset objects reloaded before import = 0Number of asset objects unloaded after import = 60

========================================================================
Received Import Request.
  Time since last request: 0.000058 seconds.
  path: Assets/Toon Deserted Temples/Models/TFD_Wax_Drip_04B.fbx
  artifactKey: Guid(0636420aca19bf24a82633e44faa536b) Importer(2089858483,192608db42251d675da83286b1cce702)
Start importing Assets/Toon Deserted Temples/Models/TFD_Wax_Drip_04B.fbx using Guid(0636420aca19bf24a82633e44faa536b) Importer(2089858483,192608db42251d675da83286b1cce702) (ScriptedImporter) -> (artifact id: '098ecefac1ed2a34b725315ea699a70b') in 0.106142 seconds
Number of updated asset objects reloaded before import = 0Number of asset objects unloaded after import = 20

========================================================================
Received Import Request.
  Time since last request: 0.000081 seconds.
  path: Assets/Toon Deserted Temples/Models/TFD_Plant_10A.fbx
  artifactKey: Guid(bf90038493472574c9b8b94a4d33ed36) Importer(2089858483,192608db42251d675da83286b1cce702)
Start importing Assets/Toon Deserted Temples/Models/TFD_Plant_10A.fbx using Guid(bf90038493472574c9b8b94a4d33ed36) Importer(2089858483,192608db42251d675da83286b1cce702) (ScriptedImporter) -> (artifact id: '57b38f70402e9678a41a63cb99696053') in 0.1082772 seconds
Number of updated asset objects reloaded before import = 0Number of asset objects unloaded after import = 25

========================================================================
Received Import Request.
  Time since last request: 0.000050 seconds.
  path: Assets/Toon Deserted Temples/Models/TFD_Pit_01A_Module_01.fbx
  artifactKey: Guid(393680c336d34c243b15965189e15548) Importer(2089858483,192608db42251d675da83286b1cce702)
Start importing Assets/Toon Deserted Temples/Models/TFD_Pit_01A_Module_01.fbx using Guid(393680c336d34c243b15965189e15548) Importer(2089858483,192608db42251d675da83286b1cce702) (ScriptedImporter) -> (artifact id: '2510fab11ba8b03f4bad9553ff1ed161') in 0.0920909 seconds
Number of updated asset objects reloaded before import = 0Number of asset objects unloaded after import = 20

========================================================================
Received Import Request.
  Time since last request: 0.000057 seconds.
  path: Assets/Toon Deserted Temples/Models/TFD_Canyon_Cliff_03B.fbx
  artifactKey: Guid(a41360535194c65479ff2a49d4ac0739) Importer(2089858483,192608db42251d675da83286b1cce702)
Start importing Assets/Toon Deserted Temples/Models/TFD_Canyon_Cliff_03B.fbx using Guid(a41360535194c65479ff2a49d4ac0739) Importer(2089858483,192608db42251d675da83286b1cce702) (ScriptedImporter) -> (artifact id: '054b08fe3fb0175a175209c81c0d9c44') in 0.1258408 seconds
Number of updated asset objects reloaded before import = 0Number of asset objects unloaded after import = 30

========================================================================
Received Import Request.
  Time since last request: 0.000062 seconds.
  path: Assets/Toon Deserted Temples/Prefabs/Candles/TFD_Candle_05C.prefab
  artifactKey: Guid(d6196336d19531a478cfe0a7dffe008b) Importer(2089858483,192608db42251d675da83286b1cce702)
Start importing Assets/Toon Deserted Temples/Prefabs/Candles/TFD_Candle_05C.prefab using Guid(d6196336d19531a478cfe0a7dffe008b) Importer(2089858483,192608db42251d675da83286b1cce702) (ScriptedImporter) -> (artifact id: '3eb27d5d1ee3a323637496f70c46c351') in 0.1260949 seconds
Number of updated asset objects reloaded before import = 0Number of asset objects unloaded after import = 31

========================================================================
Received Import Request.
  Time since last request: 0.000149 seconds.
  path: Assets/Toon Deserted Temples/Models/TFD_Cloth_01B.fbx
  artifactKey: Guid(144189cb0a24382429dee33b1cfe467a) Importer(2089858483,192608db42251d675da83286b1cce702)
Start importing Assets/Toon Deserted Temples/Models/TFD_Cloth_01B.fbx using Guid(144189cb0a24382429dee33b1cfe467a) Importer(2089858483,192608db42251d675da83286b1cce702) (ScriptedImporter) -> (artifact id: 'f60c2f0ac2095952219e7a5791e96688') in 0.0948347 seconds
Number of updated asset objects reloaded before import = 0Number of asset objects unloaded after import = 20

========================================================================
Received Import Request.
  Time since last request: 0.000042 seconds.
  path: Assets/Toon Deserted Temples/Prefabs/Candles/TFD_Candle_04B.prefab
  artifactKey: Guid(925ad0d348579df428cbad043900196a) Importer(2089858483,192608db42251d675da83286b1cce702)
Start importing Assets/Toon Deserted Temples/Prefabs/Candles/TFD_Candle_04B.prefab using Guid(925ad0d348579df428cbad043900196a) Importer(2089858483,192608db42251d675da83286b1cce702) (ScriptedImporter) -> (artifact id: 'b5426c89578922d9b2e09f3e04c7ef3c') in 0.1142388 seconds
Number of updated asset objects reloaded before import = 0Number of asset objects unloaded after import = 31

========================================================================
Received Import Request.
  Time since last request: 0.000050 seconds.
  path: Assets/Toon Deserted Temples/Models/TFD_Column_01A_Module_28.fbx
  artifactKey: Guid(6098df1a3bd3b92448991db4fc4e757f) Importer(2089858483,192608db42251d675da83286b1cce702)
Start importing Assets/Toon Deserted Temples/Models/TFD_Column_01A_Module_28.fbx using Guid(6098df1a3bd3b92448991db4fc4e757f) Importer(2089858483,192608db42251d675da83286b1cce702) (ScriptedImporter) -> (artifact id: 'ff157da9d24a5cefdfb8bbe599cd6b43') in 0.0759723 seconds
Number of updated asset objects reloaded before import = 0Number of asset objects unloaded after import = 20

========================================================================
Received Import Request.
  Time since last request: 0.000047 seconds.
  path: Assets/Toon Deserted Temples/Prefabs/Vegetation/Plants/TFD_Vine_01A.prefab
  artifactKey: Guid(a4812e4d7c02c5e4b82190e6a9fb2e62) Importer(2089858483,192608db42251d675da83286b1cce702)
Start importing Assets/Toon Deserted Temples/Prefabs/Vegetation/Plants/TFD_Vine_01A.prefab using Guid(a4812e4d7c02c5e4b82190e6a9fb2e62) Importer(2089858483,192608db42251d675da83286b1cce702) (ScriptedImporter) -> (artifact id: '841127ea14f63e8b538e28d7203c490f') in 0.1002026 seconds
Number of updated asset objects reloaded before import = 0Number of asset objects unloaded after import = 23

========================================================================
Received Import Request.
  Time since last request: 0.000042 seconds.
  path: Assets/Toon Deserted Temples/Models/TFD_Waterfall_01A_Middle.fbx
  artifactKey: Guid(1bf18475ff64c2b4fb391be261c40490) Importer(2089858483,192608db42251d675da83286b1cce702)
Start importing Assets/Toon Deserted Temples/Models/TFD_Waterfall_01A_Middle.fbx using Guid(1bf18475ff64c2b4fb391be261c40490) Importer(2089858483,192608db42251d675da83286b1cce702) (ScriptedImporter) -> (artifact id: 'fd2a604233405cf7a47a07f24b78c5ba') in 0.1100326 seconds
Number of updated asset objects reloaded before import = 0Number of asset objects unloaded after import = 9

========================================================================
Received Import Request.
  Time since last request: 0.000212 seconds.
  path: Assets/Toon Deserted Temples/Prefabs/Pottery/TFD_Urn_Broken_01A.prefab
  artifactKey: Guid(f94bdef74aa7b05439507ab97e73b427) Importer(2089858483,192608db42251d675da83286b1cce702)
Start importing Assets/Toon Deserted Temples/Prefabs/Pottery/TFD_Urn_Broken_01A.prefab using Guid(f94bdef74aa7b05439507ab97e73b427) Importer(2089858483,192608db42251d675da83286b1cce702) (ScriptedImporter) -> (artifact id: 'f50087526876b1093e029a09a80e129e') in 0.1328123 seconds
Number of updated asset objects reloaded before import = 0Number of asset objects unloaded after import = 10

========================================================================
Received Import Request.
  Time since last request: 0.000071 seconds.
  path: Assets/Toon Deserted Temples/Models/TFD_Wax_Drip_10A.fbx
  artifactKey: Guid(c4dfe1187b03a1349b58cc7068669a22) Importer(2089858483,192608db42251d675da83286b1cce702)
Start importing Assets/Toon Deserted Temples/Models/TFD_Wax_Drip_10A.fbx using Guid(c4dfe1187b03a1349b58cc7068669a22) Importer(2089858483,192608db42251d675da83286b1cce702) (ScriptedImporter) -> (artifact id: 'aa2826cd5ef6eae1745af97b636e814e') in 0.0815025 seconds
Number of updated asset objects reloaded before import = 0Number of asset objects unloaded after import = 20

========================================================================
Received Import Request.
  Time since last request: 0.000069 seconds.
  path: Assets/Toon Deserted Temples/Prefabs/Vegetation/Trees/TFD_Palm_Tree_03C.prefab
  artifactKey: Guid(30775dee02fed804eab2185e31858339) Importer(2089858483,192608db42251d675da83286b1cce702)
Start importing Assets/Toon Deserted Temples/Prefabs/Vegetation/Trees/TFD_Palm_Tree_03C.prefab using Guid(30775dee02fed804eab2185e31858339) Importer(2089858483,192608db42251d675da83286b1cce702) (ScriptedImporter) -> (artifact id: '4fcaa2795c2ef1f95b065985026786ae') in 0.1801113 seconds
Number of updated asset objects reloaded before import = 0Number of asset objects unloaded after import = 28

========================================================================
Received Import Request.
  Time since last request: 0.000102 seconds.
  path: Assets/Toon Deserted Temples/Models/TFD_Column_01A_Module_13.fbx
  artifactKey: Guid(72b886cba8bc6744abe89462310ccaea) Importer(2089858483,192608db42251d675da83286b1cce702)
Start importing Assets/Toon Deserted Temples/Models/TFD_Column_01A_Module_13.fbx using Guid(72b886cba8bc6744abe89462310ccaea) Importer(2089858483,192608db42251d675da83286b1cce702) (ScriptedImporter) -> (artifact id: 'b41755750e1e01ee2778e157ffa9cc8e') in 0.1763422 seconds
Number of updated asset objects reloaded before import = 0Number of asset objects unloaded after import = 27

========================================================================
Received Import Request.
  Time since last request: 0.000051 seconds.
  path: Assets/Toon Deserted Temples/Prefabs/Vegetation/Plants/TFD_Wall_Roots_02A.prefab
  artifactKey: Guid(4a332cc2c384ab34fba6164c25893644) Importer(2089858483,192608db42251d675da83286b1cce702)
Start importing Assets/Toon Deserted Temples/Prefabs/Vegetation/Plants/TFD_Wall_Roots_02A.prefab using Guid(4a332cc2c384ab34fba6164c25893644) Importer(2089858483,192608db42251d675da83286b1cce702) (ScriptedImporter) -> (artifact id: 'a286e5abc833b2de2f9eaa2ad77e4dfd') in 0.092726 seconds
Number of updated asset objects reloaded before import = 0Number of asset objects unloaded after import = 20

========================================================================
Received Import Request.
  Time since last request: 0.001029 seconds.
  path: Assets/Toon Deserted Temples/Prefabs/Buildings/Building Kit/TFD_Column_01A_Module_28.prefab
  artifactKey: Guid(5f9c45aa57a38464eb350f3a92397272) Importer(2089858483,192608db42251d675da83286b1cce702)
Start importing Assets/Toon Deserted Temples/Prefabs/Buildings/Building Kit/TFD_Column_01A_Module_28.prefab using Guid(5f9c45aa57a38464eb350f3a92397272) Importer(2089858483,192608db42251d675da83286b1cce702) (ScriptedImporter) -> (artifact id: 'a41cc546d5d6b5cc3855bad2c30f50a3') in 0.102752 seconds
Number of updated asset objects reloaded before import = 0Number of asset objects unloaded after import = 21

========================================================================
Received Import Request.
  Time since last request: 0.000060 seconds.
  path: Assets/Toon Deserted Temples/Animations/TFD_Candle_06C_Idle1.controller
  artifactKey: Guid(c09dc823a4b50004b8a01271e0085254) Importer(2089858483,192608db42251d675da83286b1cce702)
Start importing Assets/Toon Deserted Temples/Animations/TFD_Candle_06C_Idle1.controller using Guid(c09dc823a4b50004b8a01271e0085254) Importer(2089858483,192608db42251d675da83286b1cce702) (ScriptedImporter) -> (artifact id: 'e6c4aef2d7e87676a534265d0a696750') in 0.0625958 seconds
Number of updated asset objects reloaded before import = 0Number of asset objects unloaded after import = 8

========================================================================
Received Import Request.
  Time since last request: 0.000063 seconds.
  path: Assets/Toon Deserted Temples/Prefabs/Vegetation/Plants/TFD_Plant_05A.prefab
  artifactKey: Guid(ed4c3a28457f15d4f808a6058c0282f1) Importer(2089858483,192608db42251d675da83286b1cce702)
Start importing Assets/Toon Deserted Temples/Prefabs/Vegetation/Plants/TFD_Plant_05A.prefab using Guid(ed4c3a28457f15d4f808a6058c0282f1) Importer(2089858483,192608db42251d675da83286b1cce702) (ScriptedImporter) -> (artifact id: 'b476f95f4c649900aebf22111aa0ff3f') in 0.120548 seconds
Number of updated asset objects reloaded before import = 0Number of asset objects unloaded after import = 25

========================================================================
Received Import Request.
  Time since last request: 0.000074 seconds.
  path: Assets/Toon Deserted Temples/Models/TFD_Wax_Drip_06C.fbx
  artifactKey: Guid(0ade49f4b8b93a843872390384ee5751) Importer(2089858483,192608db42251d675da83286b1cce702)
Start importing Assets/Toon Deserted Temples/Models/TFD_Wax_Drip_06C.fbx using Guid(0ade49f4b8b93a843872390384ee5751) Importer(2089858483,192608db42251d675da83286b1cce702) (ScriptedImporter) -> (artifact id: 'f8aeb89e02844318427cf9a61f1f6448') in 0.0739476 seconds
Number of updated asset objects reloaded before import = 0Number of asset objects unloaded after import = 20

========================================================================
Received Import Request.
  Time since last request: 0.000058 seconds.
  path: Assets/Toon Deserted Temples/Prefabs/Props/TFD_Wheel_02A.prefab
  artifactKey: Guid(b2050e36af579c04d9549f92d3593080) Importer(2089858483,192608db42251d675da83286b1cce702)
Start importing Assets/Toon Deserted Temples/Prefabs/Props/TFD_Wheel_02A.prefab using Guid(b2050e36af579c04d9549f92d3593080) Importer(2089858483,192608db42251d675da83286b1cce702) (ScriptedImporter) -> (artifact id: '26a57d31395a48c74a2177f59566b451') in 0.1066559 seconds
Number of updated asset objects reloaded before import = 0Number of asset objects unloaded after import = 23

========================================================================
Received Import Request.
  Time since last request: 0.000050 seconds.
  path: Assets/Toon Deserted Temples/Particles/TFD_Wind_Embers_01A.prefab
  artifactKey: Guid(a9b8c7e690292c24c873881052f36eaa) Importer(2089858483,192608db42251d675da83286b1cce702)
Start importing Assets/Toon Deserted Temples/Particles/TFD_Wind_Embers_01A.prefab using Guid(a9b8c7e690292c24c873881052f36eaa) Importer(2089858483,192608db42251d675da83286b1cce702) (ScriptedImporter) -> (artifact id: 'cc5bfcdd539b71e5add6e99e89082f8a') in 0.5143101 seconds
Number of updated asset objects reloaded before import = 0Number of asset objects unloaded after import = 7

========================================================================
Received Import Request.
  Time since last request: 0.000271 seconds.
  path: Assets/Toon Deserted Temples/Models/TFD_Wooden_Pillar_01A.fbx
  artifactKey: Guid(ddd55c87f23ad0848b8cda004f848690) Importer(2089858483,192608db42251d675da83286b1cce702)
Start importing Assets/Toon Deserted Temples/Models/TFD_Wooden_Pillar_01A.fbx using Guid(ddd55c87f23ad0848b8cda004f848690) Importer(2089858483,192608db42251d675da83286b1cce702) (ScriptedImporter) -> (artifact id: 'a9f7de3523a7c985d9803c963ea103c8') in 0.1171315 seconds
Number of updated asset objects reloaded before import = 0Number of asset objects unloaded after import = 20

========================================================================
Received Import Request.
  Time since last request: 0.004464 seconds.
  path: Assets/Toon Deserted Temples/Models/TFD_Rock_Large_10A.fbx
  artifactKey: Guid(6a5f50e68e99cef4980f2b3eb7414a44) Importer(2089858483,192608db42251d675da83286b1cce702)
Start importing Assets/Toon Deserted Temples/Models/TFD_Rock_Large_10A.fbx using Guid(6a5f50e68e99cef4980f2b3eb7414a44) Importer(2089858483,192608db42251d675da83286b1cce702) (ScriptedImporter) -> (artifact id: '2109160e7540dd25ac2c0070ed2f6ff0') in 0.1610526 seconds
Number of updated asset objects reloaded before import = 0Number of asset objects unloaded after import = 30

========================================================================
Received Import Request.
  Time since last request: 0.000068 seconds.
  path: Assets/Toon Deserted Temples/Models/TFD_Column_01A_Module_27.fbx
  artifactKey: Guid(938827431c93bd448ace0d2dee66a249) Importer(2089858483,192608db42251d675da83286b1cce702)
Start importing Assets/Toon Deserted Temples/Models/TFD_Column_01A_Module_27.fbx using Guid(938827431c93bd448ace0d2dee66a249) Importer(2089858483,192608db42251d675da83286b1cce702) (ScriptedImporter) -> (artifact id: 'be5b4f8d6d85f6fd4a2d201efc006edb') in 0.1303267 seconds
Number of updated asset objects reloaded before import = 0Number of asset objects unloaded after import = 20

========================================================================
Received Import Request.
  Time since last request: 0.000061 seconds.
  path: Assets/Toon Deserted Temples/Particles/Materials/TFD_Wind_Ember_01A.mat
  artifactKey: Guid(e2d75fef383dfe64492ce27b61f3676e) Importer(2089858483,192608db42251d675da83286b1cce702)
Start importing Assets/Toon Deserted Temples/Particles/Materials/TFD_Wind_Ember_01A.mat using Guid(e2d75fef383dfe64492ce27b61f3676e) Importer(2089858483,192608db42251d675da83286b1cce702) (ScriptedImporter) -> (artifact id: '664510647c88d4f53013b4613c2c1b69') in 0.1799492 seconds
Number of updated asset objects reloaded before import = 0Number of asset objects unloaded after import = 2

========================================================================
Received Import Request.
  Time since last request: 0.000571 seconds.
  path: Assets/Toon Deserted Temples/Prefabs/Candles/TFD_Candle_02B.prefab
  artifactKey: Guid(0e306a6dbc10f2e4dacc84634db41c1c) Importer(2089858483,192608db42251d675da83286b1cce702)
Start importing Assets/Toon Deserted Temples/Prefabs/Candles/TFD_Candle_02B.prefab using Guid(0e306a6dbc10f2e4dacc84634db41c1c) Importer(2089858483,192608db42251d675da83286b1cce702) (ScriptedImporter) -> (artifact id: '531fbfad6e0c1b2f5cb86af9c312279d') in 0.1526395 seconds
Number of updated asset objects reloaded before import = 0Number of asset objects unloaded after import = 31

========================================================================
Received Import Request.
  Time since last request: 0.000036 seconds.
  path: Assets/Toon Deserted Temples/Prefabs/Skeletons/TFD_Giant_Skeleton_Tail_01A.prefab
  artifactKey: Guid(910832ed9b16eb546abbe30582b90a4d) Importer(2089858483,192608db42251d675da83286b1cce702)
Start importing Assets/Toon Deserted Temples/Prefabs/Skeletons/TFD_Giant_Skeleton_Tail_01A.prefab using Guid(910832ed9b16eb546abbe30582b90a4d) Importer(2089858483,192608db42251d675da83286b1cce702) (ScriptedImporter) -> (artifact id: '580e59565aa28a69b07be82be3a54937') in 0.0681238 seconds
Number of updated asset objects reloaded before import = 0Number of asset objects unloaded after import = 23

========================================================================
Received Import Request.
  Time since last request: 0.000380 seconds.
  path: Assets/Toon Deserted Temples/Prefabs/Vegetation/Plants/TFD_Column_Roots_06A.prefab
  artifactKey: Guid(715faf9801ed4344094d051366a4c5ee) Importer(2089858483,192608db42251d675da83286b1cce702)
Start importing Assets/Toon Deserted Temples/Prefabs/Vegetation/Plants/TFD_Column_Roots_06A.prefab using Guid(715faf9801ed4344094d051366a4c5ee) Importer(2089858483,192608db42251d675da83286b1cce702) (ScriptedImporter) -> (artifact id: '54c8e618070fabb1cbcec1e4b1b2c638') in 0.0656075 seconds
Number of updated asset objects reloaded before import = 0Number of asset objects unloaded after import = 20

========================================================================
Received Import Request.
  Time since last request: 0.000050 seconds.
  path: Assets/Toon Deserted Temples/Prefabs/Props/TFD_Cloth_06C.prefab
  artifactKey: Guid(256aedbb1df605f48a192a04cb68a4b2) Importer(2089858483,192608db42251d675da83286b1cce702)
Start importing Assets/Toon Deserted Temples/Prefabs/Props/TFD_Cloth_06C.prefab using Guid(256aedbb1df605f48a192a04cb68a4b2) Importer(2089858483,192608db42251d675da83286b1cce702) (ScriptedImporter) -> (artifact id: '1d85bf354682da1d4516e0e8bb1317a7') in 0.0651421 seconds
Number of updated asset objects reloaded before import = 0Number of asset objects unloaded after import = 20

========================================================================
Received Import Request.
  Time since last request: 0.000036 seconds.
  path: Assets/Toon Deserted Temples/Prefabs/Buildings/Building Kit/TFD_Beam_11A.prefab
  artifactKey: Guid(9403fae40bdd61c468858722eb9128d6) Importer(2089858483,192608db42251d675da83286b1cce702)
Start importing Assets/Toon Deserted Temples/Prefabs/Buildings/Building Kit/TFD_Beam_11A.prefab using Guid(9403fae40bdd61c468858722eb9128d6) Importer(2089858483,192608db42251d675da83286b1cce702) (ScriptedImporter) -> (artifact id: 'ef2fdbcf128344cb00eb9be76084d7ee') in 0.0575294 seconds
Number of updated asset objects reloaded before import = 0Number of asset objects unloaded after import = 26

========================================================================
Received Import Request.
  Time since last request: 0.000047 seconds.
  path: Assets/Toon Deserted Temples/Models/TFD_Coins_01A.fbx
  artifactKey: Guid(1c654e4332bfa5349b27deea37554a1e) Importer(2089858483,192608db42251d675da83286b1cce702)
Start importing Assets/Toon Deserted Temples/Models/TFD_Coins_01A.fbx using Guid(1c654e4332bfa5349b27deea37554a1e) Importer(2089858483,192608db42251d675da83286b1cce702) (ScriptedImporter) -> (artifact id: '7604a7622612b5ab461ca62eca945a19') in 0.0846617 seconds
Number of updated asset objects reloaded before import = 0Number of asset objects unloaded after import = 20

========================================================================
Received Import Request.
  Time since last request: 0.000061 seconds.
  path: Assets/Toon Deserted Temples/Prefabs/Vegetation/Water Plants/TFD_Water_Lily_01A.prefab
  artifactKey: Guid(009cbb9d55c450a41841c8bec663cd12) Importer(2089858483,192608db42251d675da83286b1cce702)
Start importing Assets/Toon Deserted Temples/Prefabs/Vegetation/Water Plants/TFD_Water_Lily_01A.prefab using Guid(009cbb9d55c450a41841c8bec663cd12) Importer(2089858483,192608db42251d675da83286b1cce702) (ScriptedImporter) -> (artifact id: '1a476431be08599169dbf2584ae9473d') in 0.1137533 seconds
Number of updated asset objects reloaded before import = 0Number of asset objects unloaded after import = 20

========================================================================
Received Import Request.
  Time since last request: 0.000032 seconds.
  path: Assets/Toon Deserted Temples/Prefabs/Props/TFD_Cloth_04A.prefab
  artifactKey: Guid(69f59a95a92ca404f98158b4287fa44b) Importer(2089858483,192608db42251d675da83286b1cce702)
Start importing Assets/Toon Deserted Temples/Prefabs/Props/TFD_Cloth_04A.prefab using Guid(69f59a95a92ca404f98158b4287fa44b) Importer(2089858483,192608db42251d675da83286b1cce702) (ScriptedImporter) -> (artifact id: '99f61572f58bd28414503568c4a7cc4f') in 0.0852853 seconds
Number of updated asset objects reloaded before import = 0Number of asset objects unloaded after import = 20

========================================================================
Received Import Request.
  Time since last request: 0.000054 seconds.
  path: Assets/Toon Deserted Temples/Prefabs/Rocks/TFD_Rock_Large_16A.prefab
  artifactKey: Guid(afce0ff9919da844ca3b4dc77c0e683e) Importer(2089858483,192608db42251d675da83286b1cce702)
Start importing Assets/Toon Deserted Temples/Prefabs/Rocks/TFD_Rock_Large_16A.prefab using Guid(afce0ff9919da844ca3b4dc77c0e683e) Importer(2089858483,192608db42251d675da83286b1cce702) (ScriptedImporter) -> (artifact id: '24d239b5de6efce583e495d7550f1e20') in 0.0975676 seconds
Number of updated asset objects reloaded before import = 0Number of asset objects unloaded after import = 28

========================================================================
Received Import Request.
  Time since last request: 0.000031 seconds.
  path: Assets/Toon Deserted Temples/Models/TFD_Wall_Chain_02A.fbx
  artifactKey: Guid(148daf1100dcb4346bc594277fad47ba) Importer(2089858483,192608db42251d675da83286b1cce702)
Start importing Assets/Toon Deserted Temples/Models/TFD_Wall_Chain_02A.fbx using Guid(148daf1100dcb4346bc594277fad47ba) Importer(2089858483,192608db42251d675da83286b1cce702) (ScriptedImporter) -> (artifact id: '2cf4af59b3a2696e359ccc65b4a8d8e9') in 0.0491548 seconds
Number of updated asset objects reloaded before import = 0Number of asset objects unloaded after import = 25

========================================================================
Received Import Request.
  Time since last request: 0.000040 seconds.
  path: Assets/Toon Deserted Temples/Animations/TFD_Candle_04A_Idle2.controller
  artifactKey: Guid(0a221fa21fe846c4facc64c5e58ff0c4) Importer(2089858483,192608db42251d675da83286b1cce702)
Start importing Assets/Toon Deserted Temples/Animations/TFD_Candle_04A_Idle2.controller using Guid(0a221fa21fe846c4facc64c5e58ff0c4) Importer(2089858483,192608db42251d675da83286b1cce702) (ScriptedImporter) -> (artifact id: '4d6a6eb775375d6479283162db9bfea2') in 0.0698249 seconds
Number of updated asset objects reloaded before import = 0Number of asset objects unloaded after import = 6

========================================================================
Received Import Request.
  Time since last request: 0.000042 seconds.
  path: Assets/Toon Deserted Temples/Models/TFD_Chair_01A.fbx
  artifactKey: Guid(4bf898212ad863c4d941c48c772cbc24) Importer(2089858483,192608db42251d675da83286b1cce702)
Start importing Assets/Toon Deserted Temples/Models/TFD_Chair_01A.fbx using Guid(4bf898212ad863c4d941c48c772cbc24) Importer(2089858483,192608db42251d675da83286b1cce702) (ScriptedImporter) -> (artifact id: '1c46bde85bea9f80adb21c3837c8c67f') in 0.0654369 seconds
Number of updated asset objects reloaded before import = 0Number of asset objects unloaded after import = 16

========================================================================
Received Import Request.
  Time since last request: 0.000031 seconds.
  path: Assets/Toon Deserted Temples/Models/TFD_Gold_Sack_01A.fbx
  artifactKey: Guid(8a447301ea347a648a57199b360b777b) Importer(2089858483,192608db42251d675da83286b1cce702)
Start importing Assets/Toon Deserted Temples/Models/TFD_Gold_Sack_01A.fbx using Guid(8a447301ea347a648a57199b360b777b) Importer(2089858483,192608db42251d675da83286b1cce702) (ScriptedImporter) -> (artifact id: '7a59afe33402aac1dbef26ea267678f8') in 0.0797035 seconds
Number of updated asset objects reloaded before import = 0Number of asset objects unloaded after import = 25

========================================================================
Received Import Request.
  Time since last request: 0.000058 seconds.
  path: Assets/Toon Deserted Temples/Models/TFD_Waterfall_01A_Top.fbx
  artifactKey: Guid(62b1fb552e97d1440af8e87667081e2f) Importer(2089858483,192608db42251d675da83286b1cce702)
Start importing Assets/Toon Deserted Temples/Models/TFD_Waterfall_01A_Top.fbx using Guid(62b1fb552e97d1440af8e87667081e2f) Importer(2089858483,192608db42251d675da83286b1cce702) (ScriptedImporter) -> (artifact id: 'ec7b84fd1252b114137f466e52b0015c') in 0.0925186 seconds
Number of updated asset objects reloaded before import = 0Number of asset objects unloaded after import = 9

========================================================================
Received Import Request.
  Time since last request: 0.000053 seconds.
  path: Assets/Toon Deserted Temples/Prefabs/Background/TFD_BG_Dunes_01.prefab
  artifactKey: Guid(8aaf8ebc36b75d745afa566b26477103) Importer(2089858483,192608db42251d675da83286b1cce702)
Start importing Assets/Toon Deserted Temples/Prefabs/Background/TFD_BG_Dunes_01.prefab using Guid(8aaf8ebc36b75d745afa566b26477103) Importer(2089858483,192608db42251d675da83286b1cce702) (ScriptedImporter) -> (artifact id: 'bc0ba65b08060d8eeb21adb62ae68c84') in 0.1322804 seconds
Number of updated asset objects reloaded before import = 0Number of asset objects unloaded after import = 8

========================================================================
Received Import Request.
  Time since last request: 0.000047 seconds.
  path: Assets/Toon Deserted Temples/Models/TFD_Cloth_08A.fbx
  artifactKey: Guid(f75782a86b2f4ad45a95f6e8b8b94ccc) Importer(2089858483,192608db42251d675da83286b1cce702)
Start importing Assets/Toon Deserted Temples/Models/TFD_Cloth_08A.fbx using Guid(f75782a86b2f4ad45a95f6e8b8b94ccc) Importer(2089858483,192608db42251d675da83286b1cce702) (ScriptedImporter) -> (artifact id: 'fbd14740d1f2410804ed0e0db4334fb5') in 0.0645354 seconds
Number of updated asset objects reloaded before import = 0Number of asset objects unloaded after import = 15

========================================================================
Received Import Request.
  Time since last request: 0.000042 seconds.
  path: Assets/Toon Deserted Temples/Prefabs/Buildings/Building Kit/TFD_Pavement_Dust_01A.prefab
  artifactKey: Guid(7f23749f843bf9e40a3f49bae002665e) Importer(2089858483,192608db42251d675da83286b1cce702)
Start importing Assets/Toon Deserted Temples/Prefabs/Buildings/Building Kit/TFD_Pavement_Dust_01A.prefab using Guid(7f23749f843bf9e40a3f49bae002665e) Importer(2089858483,192608db42251d675da83286b1cce702) (ScriptedImporter) -> (artifact id: 'f4dc83d5861390bbb602e050c899253a') in 0.0643953 seconds
Number of updated asset objects reloaded before import = 0Number of asset objects unloaded after import = 15

========================================================================
Received Import Request.
  Time since last request: 0.000054 seconds.
  path: Assets/Toon Deserted Temples/Animations/TFD_Candle_07C_Idle2.anim
  artifactKey: Guid(c3eaa16dd1f057943aed4015a15b57d2) Importer(2089858483,192608db42251d675da83286b1cce702)
Start importing Assets/Toon Deserted Temples/Animations/TFD_Candle_07C_Idle2.anim using Guid(c3eaa16dd1f057943aed4015a15b57d2) Importer(2089858483,192608db42251d675da83286b1cce702) (ScriptedImporter) -> (artifact id: '5e28104ca0d396a90d5b3b035cb1dca7') in 0.0698772 seconds
Number of updated asset objects reloaded before import = 0Number of asset objects unloaded after import = 1

========================================================================
Received Import Request.
  Time since last request: 0.000041 seconds.
  path: Assets/Toon Deserted Temples/Models/TFD_Water_Ripple_02A_L.fbx
  artifactKey: Guid(aa263116dc291f84e835d531e2b15fe3) Importer(2089858483,192608db42251d675da83286b1cce702)
Start importing Assets/Toon Deserted Temples/Models/TFD_Water_Ripple_02A_L.fbx using Guid(aa263116dc291f84e835d531e2b15fe3) Importer(2089858483,192608db42251d675da83286b1cce702) (ScriptedImporter) -> (artifact id: '9ea7b8b53c51bdf5efcceb5f7bb9b270') in 0.066484 seconds
Number of updated asset objects reloaded before import = 0Number of asset objects unloaded after import = 8

========================================================================
Received Import Request.
  Time since last request: 0.000048 seconds.
  path: Assets/Toon Deserted Temples/Models/TFD_Column_02A_Module_07.fbx
  artifactKey: Guid(cbaf22d05824ad14a952569a4f464f84) Importer(2089858483,192608db42251d675da83286b1cce702)
Start importing Assets/Toon Deserted Temples/Models/TFD_Column_02A_Module_07.fbx using Guid(cbaf22d05824ad14a952569a4f464f84) Importer(2089858483,192608db42251d675da83286b1cce702) (ScriptedImporter) -> (artifact id: '69822b1c31cde99488998fd6417bc313') in 0.0834869 seconds
Number of updated asset objects reloaded before import = 0Number of asset objects unloaded after import = 22

========================================================================
Received Import Request.
  Time since last request: 0.000048 seconds.
  path: Assets/Toon Deserted Temples/Models/TFD_Manhole_Pipe_01A.fbx
  artifactKey: Guid(acefaaf27fbcafe4a8cbdbfa1a65b6ae) Importer(2089858483,192608db42251d675da83286b1cce702)
Start importing Assets/Toon Deserted Temples/Models/TFD_Manhole_Pipe_01A.fbx using Guid(acefaaf27fbcafe4a8cbdbfa1a65b6ae) Importer(2089858483,192608db42251d675da83286b1cce702) (ScriptedImporter) -> (artifact id: '58d2e71f59fa23f5ff57a898d6f8f69b') in 0.0650165 seconds
Number of updated asset objects reloaded before import = 0Number of asset objects unloaded after import = 8

========================================================================
Received Import Request.
  Time since last request: 0.000039 seconds.
  path: Assets/Toon Deserted Temples/Prefabs/Candles/TFD_Wax_Drip_10B.prefab
  artifactKey: Guid(d8571361c44e6464a85f1d6d248ca70e) Importer(2089858483,192608db42251d675da83286b1cce702)
Start importing Assets/Toon Deserted Temples/Prefabs/Candles/TFD_Wax_Drip_10B.prefab using Guid(d8571361c44e6464a85f1d6d248ca70e) Importer(2089858483,192608db42251d675da83286b1cce702) (ScriptedImporter) -> (artifact id: 'fab9bf4be86c0641872e8013f3641dbd') in 0.0930609 seconds
Number of updated asset objects reloaded before import = 0Number of asset objects unloaded after import = 20

========================================================================
Received Import Request.
  Time since last request: 0.000060 seconds.
  path: Assets/Toon Deserted Temples/Prefabs/Vegetation/Plants/TFD_Gate_Roots_01A.prefab
  artifactKey: Guid(47b604baa96e9e5428e1a242d56cddec) Importer(2089858483,192608db42251d675da83286b1cce702)
Start importing Assets/Toon Deserted Temples/Prefabs/Vegetation/Plants/TFD_Gate_Roots_01A.prefab using Guid(47b604baa96e9e5428e1a242d56cddec) Importer(2089858483,192608db42251d675da83286b1cce702) (ScriptedImporter) -> (artifact id: '5655a564589fb143463ba90bec74de80') in 0.0692594 seconds
Number of updated asset objects reloaded before import = 0Number of asset objects unloaded after import = 20

========================================================================
Received Import Request.
  Time since last request: 0.000055 seconds.
  path: Assets/Toon Deserted Temples/Models/TFD_Water_Lily_Flower_02A.fbx
  artifactKey: Guid(725ee0cf1a947e54e8f11055131ad023) Importer(2089858483,192608db42251d675da83286b1cce702)
Start importing Assets/Toon Deserted Temples/Models/TFD_Water_Lily_Flower_02A.fbx using Guid(725ee0cf1a947e54e8f11055131ad023) Importer(2089858483,192608db42251d675da83286b1cce702) (ScriptedImporter) -> (artifact id: '4e046ebd7842da27e8f938ff04bc9677') in 0.0680021 seconds
Number of updated asset objects reloaded before import = 0Number of asset objects unloaded after import = 20

========================================================================
Received Import Request.
  Time since last request: 0.000047 seconds.
  path: Assets/Toon Deserted Temples/Prefabs/Buildings/Building Kit/TFD_Column_02A_Module_01.prefab
  artifactKey: Guid(e79f5c72dccd1394e9ea7f9fe751dc7f) Importer(2089858483,192608db42251d675da83286b1cce702)
Start importing Assets/Toon Deserted Temples/Prefabs/Buildings/Building Kit/TFD_Column_02A_Module_01.prefab using Guid(e79f5c72dccd1394e9ea7f9fe751dc7f) Importer(2089858483,192608db42251d675da83286b1cce702) (ScriptedImporter) -> (artifact id: 'a6eb79fa9abf8ca5378c18cf5d2a9dc3') in 0.0514029 seconds
Number of updated asset objects reloaded before import = 0Number of asset objects unloaded after import = 21

========================================================================
Received Import Request.
  Time since last request: 0.000035 seconds.
  path: Assets/Toon Deserted Temples/Models/TFD_Wall_Decoration_01A_L.fbx
  artifactKey: Guid(95a1525d064273c4c8603954c3514b6d) Importer(2089858483,192608db42251d675da83286b1cce702)
Start importing Assets/Toon Deserted Temples/Models/TFD_Wall_Decoration_01A_L.fbx using Guid(95a1525d064273c4c8603954c3514b6d) Importer(2089858483,192608db42251d675da83286b1cce702) (ScriptedImporter) -> (artifact id: 'afaa0c97d096fd5e29af315e4d97ed7b') in 0.087567 seconds
Number of updated asset objects reloaded before import = 0Number of asset objects unloaded after import = 30

========================================================================
Received Import Request.
  Time since last request: 0.000058 seconds.
  path: Assets/Toon Deserted Temples/Models/TFD_Column_02A_Module_09.fbx
  artifactKey: Guid(55e72ca52fe9a4a4ab3c97c217dd4be8) Importer(2089858483,192608db42251d675da83286b1cce702)
Start importing Assets/Toon Deserted Temples/Models/TFD_Column_02A_Module_09.fbx using Guid(55e72ca52fe9a4a4ab3c97c217dd4be8) Importer(2089858483,192608db42251d675da83286b1cce702) (ScriptedImporter) -> (artifact id: 'fe0b3b36342ecf930b06dd6dc0757b4f') in 0.0751025 seconds
Number of updated asset objects reloaded before import = 0Number of asset objects unloaded after import = 22

========================================================================
Received Import Request.
  Time since last request: 0.000037 seconds.
  path: Assets/Toon Deserted Temples/Prefabs/Rocks/TFD_Rock_Large_11A.prefab
  artifactKey: Guid(a9e53e5a3f2ad654c9c4816d2e595cbb) Importer(2089858483,192608db42251d675da83286b1cce702)
Start importing Assets/Toon Deserted Temples/Prefabs/Rocks/TFD_Rock_Large_11A.prefab using Guid(a9e53e5a3f2ad654c9c4816d2e595cbb) Importer(2089858483,192608db42251d675da83286b1cce702) (ScriptedImporter) -> (artifact id: '9aaa8e4256a735e207ef0c43e930f610') in 0.117758 seconds
Number of updated asset objects reloaded before import = 0Number of asset objects unloaded after import = 28

========================================================================
Received Import Request.
  Time since last request: 0.306920 seconds.
  path: Assets/Toon Deserted Temples/Animations/TFD_Candle_08A_Idle2.anim
  artifactKey: Guid(64cfb182c9d15dd459b7ad728d5a3069) Importer(2089858483,192608db42251d675da83286b1cce702)
Start importing Assets/Toon Deserted Temples/Animations/TFD_Candle_08A_Idle2.anim using Guid(64cfb182c9d15dd459b7ad728d5a3069) Importer(2089858483,192608db42251d675da83286b1cce702) (ScriptedImporter) -> (artifact id: 'f6e8536d6e61cf90fbfd9ad35ba2a901') in 0.0351807 seconds
Number of updated asset objects reloaded before import = 0Number of asset objects unloaded after import = 1

========================================================================
Received Import Request.
  Time since last request: 0.000028 seconds.
  path: Assets/Toon Deserted Temples/Scenes/Demo_Scene_Giant_Skeleton.unity
  artifactKey: Guid(2180ee4f7d5e6474ca01867a9e38c34c) Importer(2089858483,192608db42251d675da83286b1cce702)
Start importing Assets/Toon Deserted Temples/Scenes/Demo_Scene_Giant_Skeleton.unity using Guid(2180ee4f7d5e6474ca01867a9e38c34c) Importer(2089858483,192608db42251d675da83286b1cce702) (ScriptedImporter) -> (artifact id: 'ff1cedb9bc50d51ad660b24a0c03a109') in 0.4760764 seconds
Number of updated asset objects reloaded before import = 0Number of asset objects unloaded after import = 1

========================================================================
Received Import Request.
  Time since last request: 0.000049 seconds.
  path: Assets/Toon Deserted Temples/Prefabs/Props/TFD_Plate_01B.prefab
  artifactKey: Guid(d440352272ddf704f8d3cd71369471b5) Importer(2089858483,192608db42251d675da83286b1cce702)
Start importing Assets/Toon Deserted Temples/Prefabs/Props/TFD_Plate_01B.prefab using Guid(d440352272ddf704f8d3cd71369471b5) Importer(2089858483,192608db42251d675da83286b1cce702) (ScriptedImporter) -> (artifact id: 'bfb76da7f0fa000691e4f1256bd16119') in 0.1290273 seconds
Number of updated asset objects reloaded before import = 0Number of asset objects unloaded after import = 9

========================================================================
Received Import Request.
  Time since last request: 0.000040 seconds.
  path: Assets/Toon Deserted Temples/Models/TFD_Urn_Interactable_08A.fbx
  artifactKey: Guid(2cf01699a57f3e44cb6490d4291dd7bd) Importer(2089858483,192608db42251d675da83286b1cce702)
Start importing Assets/Toon Deserted Temples/Models/TFD_Urn_Interactable_08A.fbx using Guid(2cf01699a57f3e44cb6490d4291dd7bd) Importer(2089858483,192608db42251d675da83286b1cce702) (ScriptedImporter) -> (artifact id: 'b80f4bd32563b0ab959e54d9e2ba5ebe') in 0.1260773 seconds
Number of updated asset objects reloaded before import = 0Number of asset objects unloaded after import = 44

========================================================================
Received Import Request.
  Time since last request: 0.000032 seconds.
  path: Assets/Toon Deserted Temples/Animations/TFD_Candle_05A_Idle2.controller
  artifactKey: Guid(be83329dfa12cfd4e98b904f0e97d633) Importer(2089858483,192608db42251d675da83286b1cce702)
Start importing Assets/Toon Deserted Temples/Animations/TFD_Candle_05A_Idle2.controller using Guid(be83329dfa12cfd4e98b904f0e97d633) Importer(2089858483,192608db42251d675da83286b1cce702) (ScriptedImporter) -> (artifact id: '7ebb0c0dbb547b2eeb466f1401f6c4fb') in 0.0610279 seconds
Number of updated asset objects reloaded before import = 0Number of asset objects unloaded after import = 6

========================================================================
Received Import Request.
  Time since last request: 0.000053 seconds.
  path: Assets/Toon Deserted Temples/Prefabs/Props/TFD_Cloth_08B.prefab
  artifactKey: Guid(92e753d6ea9775245916a7a27e010fea) Importer(2089858483,192608db42251d675da83286b1cce702)
Start importing Assets/Toon Deserted Temples/Prefabs/Props/TFD_Cloth_08B.prefab using Guid(92e753d6ea9775245916a7a27e010fea) Importer(2089858483,192608db42251d675da83286b1cce702) (ScriptedImporter) -> (artifact id: '68a2a56514216383cfcf965786822660') in 0.1061545 seconds
Number of updated asset objects reloaded before import = 0Number of asset objects unloaded after import = 17

========================================================================
Received Import Request.
  Time since last request: 0.000097 seconds.
  path: Assets/Toon Deserted Temples/Scenes
  artifactKey: Guid(1891800bb93b3864994436acf018f5aa) Importer(2089858483,192608db42251d675da83286b1cce702)
Start importing Assets/Toon Deserted Temples/Scenes using Guid(1891800bb93b3864994436acf018f5aa) Importer(2089858483,192608db42251d675da83286b1cce702) (ScriptedImporter) -> (artifact id: '21efbbed1cd8c6474b9fa31e77158868') in 0.0257299 seconds
Number of updated asset objects reloaded before import = 0Number of asset objects unloaded after import = 1

========================================================================
Received Import Request.
  Time since last request: 0.000037 seconds.
  path: Assets/Toon Deserted Temples/Terrain/Terrain Textures/Terrain Data/Layer_TFD_Terrain_Sand_03A.terrainlayer
  artifactKey: Guid(4c7095ba429d2d7409bacdfe62e04066) Importer(2089858483,192608db42251d675da83286b1cce702)
Start importing Assets/Toon Deserted Temples/Terrain/Terrain Textures/Terrain Data/Layer_TFD_Terrain_Sand_03A.terrainlayer using Guid(4c7095ba429d2d7409bacdfe62e04066) Importer(2089858483,192608db42251d675da83286b1cce702) (ScriptedImporter) -> (artifact id: 'd551e2140569b962abf4336b7c64a14b') in 0.409776 seconds
Number of updated asset objects reloaded before import = 0Number of asset objects unloaded after import = 3

========================================================================
Received Import Request.
  Time since last request: 0.000057 seconds.
  path: Assets/Toon Deserted Temples/Animations/TFD_Pavement_Trap_Bridge_01A.anim
  artifactKey: Guid(a8c2eba119bb358498c5aa2b48a27088) Importer(2089858483,192608db42251d675da83286b1cce702)
Start importing Assets/Toon Deserted Temples/Animations/TFD_Pavement_Trap_Bridge_01A.anim using Guid(a8c2eba119bb358498c5aa2b48a27088) Importer(2089858483,192608db42251d675da83286b1cce702) (ScriptedImporter) -> (artifact id: 'c016243b94008ce588c718dd0b49b43c') in 0.0835069 seconds
Number of updated asset objects reloaded before import = 0Number of asset objects unloaded after import = 1

========================================================================
Received Import Request.
  Time since last request: 0.000040 seconds.
  path: Assets/Toon Deserted Temples/Models/TFD_Column_Vine_01A.fbx
  artifactKey: Guid(f5fc2044c37598d43914f62f5c70d295) Importer(2089858483,192608db42251d675da83286b1cce702)
Start importing Assets/Toon Deserted Temples/Models/TFD_Column_Vine_01A.fbx using Guid(f5fc2044c37598d43914f62f5c70d295) Importer(2089858483,192608db42251d675da83286b1cce702) (ScriptedImporter) -> (artifact id: '383d82f2cfbae0258289bfea5d598f04') in 0.0840421 seconds
Number of updated asset objects reloaded before import = 0Number of asset objects unloaded after import = 22

========================================================================
Received Import Request.
  Time since last request: 0.000043 seconds.
  path: Assets/Toon Deserted Temples/Prefabs/Candles/TFD_Candles_Corner_01B.prefab
  artifactKey: Guid(bebfb6b17d320724484e3de9134e6cb9) Importer(2089858483,192608db42251d675da83286b1cce702)
Start importing Assets/Toon Deserted Temples/Prefabs/Candles/TFD_Candles_Corner_01B.prefab using Guid(bebfb6b17d320724484e3de9134e6cb9) Importer(2089858483,192608db42251d675da83286b1cce702) (ScriptedImporter) -> (artifact id: 'c251c6bcb241be904c0a6c8989eed2ca') in 0.1134965 seconds
Number of updated asset objects reloaded before import = 0Number of asset objects unloaded after import = 103

========================================================================
Received Import Request.
  Time since last request: 0.453074 seconds.
  path: Assets/Toon Deserted Temples/Prefabs/Buildings/Building Kit/TFD_Wall_10A.prefab
  artifactKey: Guid(bafdcea5bce59914ba934e182a88bbb7) Importer(2089858483,192608db42251d675da83286b1cce702)
Start importing Assets/Toon Deserted Temples/Prefabs/Buildings/Building Kit/TFD_Wall_10A.prefab using Guid(bafdcea5bce59914ba934e182a88bbb7) Importer(2089858483,192608db42251d675da83286b1cce702) (ScriptedImporter) -> (artifact id: 'b93cbc898d3152ac808655fa9b885259') in 0.0886548 seconds
Number of updated asset objects reloaded before import = 0Number of asset objects unloaded after import = 26

========================================================================
Received Import Request.
  Time since last request: 0.000038 seconds.
  path: Assets/Toon Deserted Temples/Prefabs/Props/TFD_Dust_Pile_01B.prefab
  artifactKey: Guid(b41d679966384ea4e881cb6edfb49801) Importer(2089858483,192608db42251d675da83286b1cce702)
Start importing Assets/Toon Deserted Temples/Prefabs/Props/TFD_Dust_Pile_01B.prefab using Guid(b41d679966384ea4e881cb6edfb49801) Importer(2089858483,192608db42251d675da83286b1cce702) (ScriptedImporter) -> (artifact id: 'e8161f226a7f9217d4e117b452fdd1ef') in 0.0668049 seconds
Number of updated asset objects reloaded before import = 0Number of asset objects unloaded after import = 15

========================================================================
Received Import Request.
  Time since last request: 0.000067 seconds.
  path: Assets/Toon Deserted Temples/Prefabs/Candles/TFD_Candles_Cluster_04A.prefab
  artifactKey: Guid(c7738b19f22629942bd393ba60edbb3f) Importer(2089858483,192608db42251d675da83286b1cce702)
Start importing Assets/Toon Deserted Temples/Prefabs/Candles/TFD_Candles_Cluster_04A.prefab using Guid(c7738b19f22629942bd393ba60edbb3f) Importer(2089858483,192608db42251d675da83286b1cce702) (ScriptedImporter) -> (artifact id: '55ee3cee089e234175007ce4a64f0faa') in 0.0934428 seconds
Number of updated asset objects reloaded before import = 0Number of asset objects unloaded after import = 167

========================================================================
Received Import Request.
  Time since last request: 0.000081 seconds.
  path: Assets/Toon Deserted Temples/Models/TFD_Plank_01A.fbx
  artifactKey: Guid(a1ac78c7d8d30c54e97c04b09dd88728) Importer(2089858483,192608db42251d675da83286b1cce702)
Start importing Assets/Toon Deserted Temples/Models/TFD_Plank_01A.fbx using Guid(a1ac78c7d8d30c54e97c04b09dd88728) Importer(2089858483,192608db42251d675da83286b1cce702) (ScriptedImporter) -> (artifact id: '1753ead7e5f7686acd51adf9e86d9f58') in 0.0373876 seconds
Number of updated asset objects reloaded before import = 0Number of asset objects unloaded after import = 20

========================================================================
Received Import Request.
  Time since last request: 0.000029 seconds.
  path: Assets/Toon Deserted Temples/Animations/TFD_Candle_08B_Idle3.anim
  artifactKey: Guid(ce0dcaac4257c6a4d99761c6f31375fb) Importer(2089858483,192608db42251d675da83286b1cce702)
Start importing Assets/Toon Deserted Temples/Animations/TFD_Candle_08B_Idle3.anim using Guid(ce0dcaac4257c6a4d99761c6f31375fb) Importer(2089858483,192608db42251d675da83286b1cce702) (ScriptedImporter) -> (artifact id: '1f53ac075c53b2925efee57281617939') in 0.0324508 seconds
Number of updated asset objects reloaded before import = 0Number of asset objects unloaded after import = 1

========================================================================
Received Import Request.
  Time since last request: 0.000035 seconds.
  path: Assets/Toon Deserted Temples/Prefabs/Rocks/TFD_Canyon_Cliff_02B.prefab
  artifactKey: Guid(e97e864142fd0d64392f8fc38f202e6a) Importer(2089858483,192608db42251d675da83286b1cce702)
Start importing Assets/Toon Deserted Temples/Prefabs/Rocks/TFD_Canyon_Cliff_02B.prefab using Guid(e97e864142fd0d64392f8fc38f202e6a) Importer(2089858483,192608db42251d675da83286b1cce702) (ScriptedImporter) -> (artifact id: '3fce09934bf3d22927342e094267bdb5') in 0.0638201 seconds
Number of updated asset objects reloaded before import = 0Number of asset objects unloaded after import = 28

========================================================================
Received Import Request.
  Time since last request: 0.000034 seconds.
  path: Assets/Toon Deserted Temples/Models/TFD_Wooden_Pillar_04A.fbx
  artifactKey: Guid(c23da290d2b09284b8536fe6b4e227ab) Importer(2089858483,192608db42251d675da83286b1cce702)
Start importing Assets/Toon Deserted Temples/Models/TFD_Wooden_Pillar_04A.fbx using Guid(c23da290d2b09284b8536fe6b4e227ab) Importer(2089858483,192608db42251d675da83286b1cce702) (ScriptedImporter) -> (artifact id: '45ada8e0a4f71c650a5a2e4d16e542fc') in 0.0577582 seconds
Number of updated asset objects reloaded before import = 0Number of asset objects unloaded after import = 20

========================================================================
Received Import Request.
  Time since last request: 0.000068 seconds.
  path: Assets/Toon Deserted Temples/Models/TFD_Console_04A.fbx
  artifactKey: Guid(545c0aa7eda4cd746abaa1162f607807) Importer(2089858483,192608db42251d675da83286b1cce702)
Start importing Assets/Toon Deserted Temples/Models/TFD_Console_04A.fbx using Guid(545c0aa7eda4cd746abaa1162f607807) Importer(2089858483,192608db42251d675da83286b1cce702) (ScriptedImporter) -> (artifact id: 'b8d0502365b59702694f09a953158a4e') in 0.0564965 seconds
Number of updated asset objects reloaded before import = 0Number of asset objects unloaded after import = 20

========================================================================
Received Import Request.
  Time since last request: 0.000032 seconds.
  path: Assets/Toon Deserted Temples/Prefabs/Props/TFD_Web_04A.prefab
  artifactKey: Guid(97c8e8166a856f74d9f591742d84b0d5) Importer(2089858483,192608db42251d675da83286b1cce702)
Start importing Assets/Toon Deserted Temples/Prefabs/Props/TFD_Web_04A.prefab using Guid(97c8e8166a856f74d9f591742d84b0d5) Importer(2089858483,192608db42251d675da83286b1cce702) (ScriptedImporter) -> (artifact id: 'dc238815a55072905213840b6e0c7dd1') in 0.096312 seconds
Number of updated asset objects reloaded before import = 0Number of asset objects unloaded after import = 8

========================================================================
Received Import Request.
  Time since last request: 0.000052 seconds.
  path: Assets/Toon Deserted Temples/Particles/TFD_Dust_01A.prefab
  artifactKey: Guid(57227512c687c4246addebaebcc0e178) Importer(2089858483,192608db42251d675da83286b1cce702)
Start importing Assets/Toon Deserted Temples/Particles/TFD_Dust_01A.prefab using Guid(57227512c687c4246addebaebcc0e178) Importer(2089858483,192608db42251d675da83286b1cce702) (ScriptedImporter) -> (artifact id: '2f35d5744bccc22c4fb476de7b9aad39') in 0.1096775 seconds
Number of updated asset objects reloaded before import = 0Number of asset objects unloaded after import = 7

========================================================================
Received Import Request.
  Time since last request: 0.000045 seconds.
  path: Assets/Toon Deserted Temples/Animations/TFD_Candle_12A_Idle1.controller
  artifactKey: Guid(3aeca3dc3cf23e44b8a9d46f2e80e2f0) Importer(2089858483,192608db42251d675da83286b1cce702)
Start importing Assets/Toon Deserted Temples/Animations/TFD_Candle_12A_Idle1.controller using Guid(3aeca3dc3cf23e44b8a9d46f2e80e2f0) Importer(2089858483,192608db42251d675da83286b1cce702) (ScriptedImporter) -> (artifact id: '66b7eb9fdd7008c458ae209585e54211') in 0.0397179 seconds
Number of updated asset objects reloaded before import = 0Number of asset objects unloaded after import = 8

========================================================================
Received Import Request.
  Time since last request: 0.000034 seconds.
  path: Assets/Toon Deserted Temples/Models/TFD_Candle_01B.fbx
  artifactKey: Guid(d7246df38453fb24a976523db6552098) Importer(2089858483,192608db42251d675da83286b1cce702)
Start importing Assets/Toon Deserted Temples/Models/TFD_Candle_01B.fbx using Guid(d7246df38453fb24a976523db6552098) Importer(2089858483,192608db42251d675da83286b1cce702) (ScriptedImporter) -> (artifact id: 'f177356526d933c85d12bf9b20d29c02') in 0.049282 seconds
Number of updated asset objects reloaded before import = 0Number of asset objects unloaded after import = 20

========================================================================
Received Import Request.
  Time since last request: 0.000058 seconds.
  path: Assets/Toon Deserted Temples/Animations/TFD_Candle_09A_Idle2.controller
  artifactKey: Guid(36af308b891ab9949ad7daeff0dad31e) Importer(2089858483,192608db42251d675da83286b1cce702)
Start importing Assets/Toon Deserted Temples/Animations/TFD_Candle_09A_Idle2.controller using Guid(36af308b891ab9949ad7daeff0dad31e) Importer(2089858483,192608db42251d675da83286b1cce702) (ScriptedImporter) -> (artifact id: '5ed0174701617e5cc7b619b13078d47c') in 0.0536367 seconds
Number of updated asset objects reloaded before import = 0Number of asset objects unloaded after import = 6

========================================================================
Received Import Request.
  Time since last request: 0.000047 seconds.
  path: Assets/Toon Deserted Temples/Models/TFD_Pavement_08A.fbx
  artifactKey: Guid(a43e6b143adf08b45ad44fcd18872358) Importer(2089858483,192608db42251d675da83286b1cce702)
Start importing Assets/Toon Deserted Temples/Models/TFD_Pavement_08A.fbx using Guid(a43e6b143adf08b45ad44fcd18872358) Importer(2089858483,192608db42251d675da83286b1cce702) (ScriptedImporter) -> (artifact id: '0dc6825b0746192e1c1dbe99c61e17d1') in 0.0692226 seconds
Number of updated asset objects reloaded before import = 0Number of asset objects unloaded after import = 15

========================================================================
Received Import Request.
  Time since last request: 0.000039 seconds.
  path: Assets/Toon Deserted Temples/Animations/TFD_Candle_04C_Idle2.controller
  artifactKey: Guid(f44ba44a138e20342ba3baf02735bbba) Importer(2089858483,192608db42251d675da83286b1cce702)
Start importing Assets/Toon Deserted Temples/Animations/TFD_Candle_04C_Idle2.controller using Guid(f44ba44a138e20342ba3baf02735bbba) Importer(2089858483,192608db42251d675da83286b1cce702) (ScriptedImporter) -> (artifact id: '6f37aa4667b41e1614d2c5602019f29f') in 0.0408299 seconds
Number of updated asset objects reloaded before import = 0Number of asset objects unloaded after import = 6

========================================================================
Received Import Request.
  Time since last request: 0.000038 seconds.
  path: Assets/Toon Deserted Temples/Animations/TFD_Pavement_Trap_01A 1.controller
  artifactKey: Guid(767972752c5db7d4eaea80648086e8e1) Importer(2089858483,192608db42251d675da83286b1cce702)
Start importing Assets/Toon Deserted Temples/Animations/TFD_Pavement_Trap_01A 1.controller using Guid(767972752c5db7d4eaea80648086e8e1) Importer(2089858483,192608db42251d675da83286b1cce702) (ScriptedImporter) -> (artifact id: 'b97bdb535b81134accce73d6beebb07a') in 0.0858772 seconds
Number of updated asset objects reloaded before import = 0Number of asset objects unloaded after import = 4

========================================================================
Received Import Request.
  Time since last request: 0.000044 seconds.
  path: Assets/Toon Deserted Temples/Prefabs/Props/TFD_Cloth_02C.prefab
  artifactKey: Guid(800b3ceffc2e6514fbe54dfd16f72ef6) Importer(2089858483,192608db42251d675da83286b1cce702)
Start importing Assets/Toon Deserted Temples/Prefabs/Props/TFD_Cloth_02C.prefab using Guid(800b3ceffc2e6514fbe54dfd16f72ef6) Importer(2089858483,192608db42251d675da83286b1cce702) (ScriptedImporter) -> (artifact id: 'a73a97816300a5cc9eb10e8a7c51e375') in 0.0612325 seconds
Number of updated asset objects reloaded before import = 0Number of asset objects unloaded after import = 20

========================================================================
Received Import Request.
  Time since last request: 0.000248 seconds.
  path: Assets/Toon Deserted Temples/Models/TFD_Rock_Small_11A.fbx
  artifactKey: Guid(3c9ad87f72bd3114bb09af7a3b4eabbf) Importer(2089858483,192608db42251d675da83286b1cce702)
Start importing Assets/Toon Deserted Temples/Models/TFD_Rock_Small_11A.fbx using Guid(3c9ad87f72bd3114bb09af7a3b4eabbf) Importer(2089858483,192608db42251d675da83286b1cce702) (ScriptedImporter) -> (artifact id: '5897d9fb7702ebf17d9d3a679b2176f5') in 0.0608537 seconds
Number of updated asset objects reloaded before import = 0Number of asset objects unloaded after import = 25

========================================================================
Received Import Request.
  Time since last request: 0.000052 seconds.
  path: Assets/Toon Deserted Temples/Prefabs/Buildings/Runes/TFD_Wall_Writing_Tablet_02A.prefab
  artifactKey: Guid(fe081162521829940b75b7ccff952a3f) Importer(2089858483,192608db42251d675da83286b1cce702)
Start importing Assets/Toon Deserted Temples/Prefabs/Buildings/Runes/TFD_Wall_Writing_Tablet_02A.prefab using Guid(fe081162521829940b75b7ccff952a3f) Importer(2089858483,192608db42251d675da83286b1cce702) (ScriptedImporter) -> (artifact id: '51548a5c1cc1306218bb7f3dd9905d4d') in 0.0949904 seconds
Number of updated asset objects reloaded before import = 0Number of asset objects unloaded after import = 21

========================================================================
Received Import Request.
  Time since last request: 0.000063 seconds.
  path: Assets/Toon Deserted Temples/Particles/Meshes/TFD_Particle_Quad_02A.prefab
  artifactKey: Guid(b766a27bf312044408b0dc42096d4e1a) Importer(2089858483,192608db42251d675da83286b1cce702)
Start importing Assets/Toon Deserted Temples/Particles/Meshes/TFD_Particle_Quad_02A.prefab using Guid(b766a27bf312044408b0dc42096d4e1a) Importer(2089858483,192608db42251d675da83286b1cce702) (ScriptedImporter) -> (artifact id: '3919d322db47886e5d76a3ab03cf30e6') in 0.0701882 seconds
Number of updated asset objects reloaded before import = 0Number of asset objects unloaded after import = 8

========================================================================
Received Import Request.
  Time since last request: 0.000038 seconds.
  path: Assets/Toon Deserted Temples/Models/TFD_Candle_02A.fbx
  artifactKey: Guid(2e85fc4ec88ffa543b357a80d4b9ec0f) Importer(2089858483,192608db42251d675da83286b1cce702)
Start importing Assets/Toon Deserted Temples/Models/TFD_Candle_02A.fbx using Guid(2e85fc4ec88ffa543b357a80d4b9ec0f) Importer(2089858483,192608db42251d675da83286b1cce702) (ScriptedImporter) -> (artifact id: '0bd62c179a74d6ec222c9e4af63679ba') in 0.0391326 seconds
Number of updated asset objects reloaded before import = 0Number of asset objects unloaded after import = 20

========================================================================
Received Import Request.
  Time since last request: 0.000054 seconds.
  path: Assets/Toon Deserted Temples/Prefabs/Water Props/TFD_Waterfall_01A_Base.prefab
  artifactKey: Guid(9f2926c8c9d40b144a8e3224a07f9819) Importer(2089858483,192608db42251d675da83286b1cce702)
Start importing Assets/Toon Deserted Temples/Prefabs/Water Props/TFD_Waterfall_01A_Base.prefab using Guid(9f2926c8c9d40b144a8e3224a07f9819) Importer(2089858483,192608db42251d675da83286b1cce702) (ScriptedImporter) -> (artifact id: '690596961449bdd6ac2343197f5a8965') in 0.086507 seconds
Number of updated asset objects reloaded before import = 0Number of asset objects unloaded after import = 16

========================================================================
Received Import Request.
  Time since last request: 0.000042 seconds.
  path: Assets/Toon Deserted Temples/Models/TFD_Rock_Large_09A.fbx
  artifactKey: Guid(02acbded83dd4174ca64b144a291c1e9) Importer(2089858483,192608db42251d675da83286b1cce702)
Start importing Assets/Toon Deserted Temples/Models/TFD_Rock_Large_09A.fbx using Guid(02acbded83dd4174ca64b144a291c1e9) Importer(2089858483,192608db42251d675da83286b1cce702) (ScriptedImporter) -> (artifact id: '18b1418ca615bcc28f9f793e899f1d4a') in 0.0644383 seconds
Number of updated asset objects reloaded before import = 0Number of asset objects unloaded after import = 30

========================================================================
Received Import Request.
  Time since last request: 0.000045 seconds.
  path: Assets/Toon Deserted Temples/Prefabs/Water Props/TFD_Waterfall_02A_Middle.prefab
  artifactKey: Guid(a71b4402bd67dd445807b4d709481cbd) Importer(2089858483,192608db42251d675da83286b1cce702)
Start importing Assets/Toon Deserted Temples/Prefabs/Water Props/TFD_Waterfall_02A_Middle.prefab using Guid(a71b4402bd67dd445807b4d709481cbd) Importer(2089858483,192608db42251d675da83286b1cce702) (ScriptedImporter) -> (artifact id: '73460b334371e6c3094b474348f5491e') in 0.0806552 seconds
Number of updated asset objects reloaded before import = 0Number of asset objects unloaded after import = 9

========================================================================
Received Import Request.
  Time since last request: 0.000041 seconds.
  path: Assets/Toon Deserted Temples/Models/TFD_Console_03A.fbx
  artifactKey: Guid(4b281b7ed75273c4595d2b83df64582f) Importer(2089858483,192608db42251d675da83286b1cce702)
Start importing Assets/Toon Deserted Temples/Models/TFD_Console_03A.fbx using Guid(4b281b7ed75273c4595d2b83df64582f) Importer(2089858483,192608db42251d675da83286b1cce702) (ScriptedImporter) -> (artifact id: 'c7aac21db0a35ea96fdc9e4fac25c360') in 0.0581251 seconds
Number of updated asset objects reloaded before import = 0Number of asset objects unloaded after import = 20

========================================================================
Received Import Request.
  Time since last request: 0.000062 seconds.
  path: Assets/Toon Deserted Temples/Animations/TFD_Candle_08C_Idle3.anim
  artifactKey: Guid(b2090dfded847de4385f8460b8995cb7) Importer(2089858483,192608db42251d675da83286b1cce702)
Start importing Assets/Toon Deserted Temples/Animations/TFD_Candle_08C_Idle3.anim using Guid(b2090dfded847de4385f8460b8995cb7) Importer(2089858483,192608db42251d675da83286b1cce702) (ScriptedImporter) -> (artifact id: 'f84e91fa2d03322b2f30ec632314bafa') in 0.0328102 seconds
Number of updated asset objects reloaded before import = 0Number of asset objects unloaded after import = 1

========================================================================
Received Import Request.
  Time since last request: 0.000030 seconds.
  path: Assets/Toon Deserted Temples/Models/TFD_Candle_09B.fbx
  artifactKey: Guid(f40ed7ce5f557ca4b824ac15b656f6a4) Importer(2089858483,192608db42251d675da83286b1cce702)
Start importing Assets/Toon Deserted Temples/Models/TFD_Candle_09B.fbx using Guid(f40ed7ce5f557ca4b824ac15b656f6a4) Importer(2089858483,192608db42251d675da83286b1cce702) (ScriptedImporter) -> (artifact id: '2f495d5442baba4808074875c44ecd02') in 0.0487712 seconds
Number of updated asset objects reloaded before import = 0Number of asset objects unloaded after import = 20

========================================================================
Received Import Request.
  Time since last request: 0.000037 seconds.
  path: Assets/Toon Deserted Temples/Models/TFD_Floating_Debris_06A.fbx
  artifactKey: Guid(928f34be4921aa144bcc7f3cfa9a1e57) Importer(2089858483,192608db42251d675da83286b1cce702)
Start importing Assets/Toon Deserted Temples/Models/TFD_Floating_Debris_06A.fbx using Guid(928f34be4921aa144bcc7f3cfa9a1e57) Importer(2089858483,192608db42251d675da83286b1cce702) (ScriptedImporter) -> (artifact id: '301e19b4f40732f3ec1ac645d1becb3d') in 0.0596306 seconds
Number of updated asset objects reloaded before import = 0Number of asset objects unloaded after import = 8

========================================================================
Received Import Request.
  Time since last request: 0.000114 seconds.
  path: Assets/Toon Deserted Temples/Particles/Textures/TFD_Noise_02A.psd
  artifactKey: Guid(59b7f319d47dd294bb7f91fe5be7cae4) Importer(2089858483,192608db42251d675da83286b1cce702)
Start importing Assets/Toon Deserted Temples/Particles/Textures/TFD_Noise_02A.psd using Guid(59b7f319d47dd294bb7f91fe5be7cae4) Importer(2089858483,192608db42251d675da83286b1cce702) (ScriptedImporter) -> (artifact id: '9c52d8c580779b2d19429f307b3fe436') in 0.0387791 seconds
Number of updated asset objects reloaded before import = 0Number of asset objects unloaded after import = 1

========================================================================
Received Import Request.
  Time since last request: 0.000163 seconds.
  path: Assets/Toon Deserted Temples/Models/TFD_Wax_01B.fbx
  artifactKey: Guid(8449cc44018db794bab009eecb06d128) Importer(2089858483,192608db42251d675da83286b1cce702)
Start importing Assets/Toon Deserted Temples/Models/TFD_Wax_01B.fbx using Guid(8449cc44018db794bab009eecb06d128) Importer(2089858483,192608db42251d675da83286b1cce702) (ScriptedImporter) -> (artifact id: '5f87c2fd4754916b60c8f50582fabe19') in 0.0363443 seconds
Number of updated asset objects reloaded before import = 0Number of asset objects unloaded after import = 15

========================================================================
Received Import Request.
  Time since last request: 0.000032 seconds.
  path: Assets/Toon Deserted Temples/Models/TFD_Console_05A.fbx
  artifactKey: Guid(6db8953b757170548ac7b0779e961a88) Importer(2089858483,192608db42251d675da83286b1cce702)
Start importing Assets/Toon Deserted Temples/Models/TFD_Console_05A.fbx using Guid(6db8953b757170548ac7b0779e961a88) Importer(2089858483,192608db42251d675da83286b1cce702) (ScriptedImporter) -> (artifact id: 'd894487a87752697b6cd283016c62c13') in 0.0676218 seconds
Number of updated asset objects reloaded before import = 0Number of asset objects unloaded after import = 20

========================================================================
Received Import Request.
  Time since last request: 0.000039 seconds.
  path: Assets/Toon Deserted Temples/Prefabs/Vegetation/Plants/TFD_Flowers_Patch_01D.prefab
  artifactKey: Guid(eb8322333490c014d99da424560dcb86) Importer(2089858483,192608db42251d675da83286b1cce702)
Start importing Assets/Toon Deserted Temples/Prefabs/Vegetation/Plants/TFD_Flowers_Patch_01D.prefab using Guid(eb8322333490c014d99da424560dcb86) Importer(2089858483,192608db42251d675da83286b1cce702) (ScriptedImporter) -> (artifact id: '405f8e523455cabc562d1d436f31c7b3') in 0.0595247 seconds
Number of updated asset objects reloaded before import = 0Number of asset objects unloaded after import = 20

========================================================================
Received Import Request.
  Time since last request: 0.000054 seconds.
  path: Assets/Toon Deserted Temples/Animations/TFD_Candle_03A_Idle1.controller
  artifactKey: Guid(71b4a3bde71b17f4094c3a98a83bd593) Importer(2089858483,192608db42251d675da83286b1cce702)
Start importing Assets/Toon Deserted Temples/Animations/TFD_Candle_03A_Idle1.controller using Guid(71b4a3bde71b17f4094c3a98a83bd593) Importer(2089858483,192608db42251d675da83286b1cce702) (ScriptedImporter) -> (artifact id: '1b02f83935ab7953de39cb9fbcd2740a') in 0.0539266 seconds
Number of updated asset objects reloaded before import = 0Number of asset objects unloaded after import = 8

========================================================================
Received Import Request.
  Time since last request: 0.000036 seconds.
  path: Assets/Toon Deserted Temples/Particles/TFD_Sun_Shaft_01A.prefab
  artifactKey: Guid(e02295acc8c2e964692680f77ffdc0cf) Importer(2089858483,192608db42251d675da83286b1cce702)
Start importing Assets/Toon Deserted Temples/Particles/TFD_Sun_Shaft_01A.prefab using Guid(e02295acc8c2e964692680f77ffdc0cf) Importer(2089858483,192608db42251d675da83286b1cce702) (ScriptedImporter) -> (artifact id: 'cec3bdb6db585a7f9724ad9977d85fc0') in 0.2120023 seconds
Number of updated asset objects reloaded before import = 0Number of asset objects unloaded after import = 9

========================================================================
Received Import Request.
  Time since last request: 0.000043 seconds.
  path: Assets/Toon Deserted Temples/Prefabs/Buildings/Building Kit/TFD_Console_05A.prefab
  artifactKey: Guid(b55b9d273e0aaf44b9398bc9a30449f1) Importer(2089858483,192608db42251d675da83286b1cce702)
Start importing Assets/Toon Deserted Temples/Prefabs/Buildings/Building Kit/TFD_Console_05A.prefab using Guid(b55b9d273e0aaf44b9398bc9a30449f1) Importer(2089858483,192608db42251d675da83286b1cce702) (ScriptedImporter) -> (artifact id: 'e833660f6861faba12e0d7a3086da7a9') in 0.1007509 seconds
Number of updated asset objects reloaded before import = 0Number of asset objects unloaded after import = 21

========================================================================
Received Import Request.
  Time since last request: 0.000051 seconds.
  path: Assets/Toon Deserted Temples/Prefabs/Buildings/Traps
  artifactKey: Guid(bc928d2a18e8f304c9fd7641c37d777a) Importer(2089858483,192608db42251d675da83286b1cce702)
Start importing Assets/Toon Deserted Temples/Prefabs/Buildings/Traps using Guid(bc928d2a18e8f304c9fd7641c37d777a) Importer(2089858483,192608db42251d675da83286b1cce702) (ScriptedImporter) -> (artifact id: '95d5d6e7a64c17a5a6919b7c88cd6fdf') in 0.0362798 seconds
Number of updated asset objects reloaded before import = 0Number of asset objects unloaded after import = 1

========================================================================
Received Import Request.
  Time since last request: 0.000032 seconds.
  path: Assets/Toon Deserted Temples/Models/TFD_Papyrus_04A.fbx
  artifactKey: Guid(9279c3abfef137c4d84c9d8a29c93f6d) Importer(2089858483,192608db42251d675da83286b1cce702)
Start importing Assets/Toon Deserted Temples/Models/TFD_Papyrus_04A.fbx using Guid(9279c3abfef137c4d84c9d8a29c93f6d) Importer(2089858483,192608db42251d675da83286b1cce702) (ScriptedImporter) -> (artifact id: 'a315f895233632e7508a154fe0ff9cc3') in 0.205558 seconds
Number of updated asset objects reloaded before import = 0Number of asset objects unloaded after import = 8

========================================================================
Received Import Request.
  Time since last request: 0.000031 seconds.
  path: Assets/Toon Deserted Temples/Prefabs/Props/TFD_Cloth_08C.prefab
  artifactKey: Guid(82ab9f3209d9b494aa8e41878d01ad13) Importer(2089858483,192608db42251d675da83286b1cce702)
Start importing Assets/Toon Deserted Temples/Prefabs/Props/TFD_Cloth_08C.prefab using Guid(82ab9f3209d9b494aa8e41878d01ad13) Importer(2089858483,192608db42251d675da83286b1cce702) (ScriptedImporter) -> (artifact id: '4cc3099c7344e3d93978a940b119fc2f') in 0.0714431 seconds
Number of updated asset objects reloaded before import = 0Number of asset objects unloaded after import = 17

========================================================================
Received Import Request.
  Time since last request: 0.000050 seconds.
  path: Assets/Toon Deserted Temples/Models/TFD_Stone_09A.fbx
  artifactKey: Guid(c894055b6a2c7ee4b927aa6ccc9be457) Importer(2089858483,192608db42251d675da83286b1cce702)
Start importing Assets/Toon Deserted Temples/Models/TFD_Stone_09A.fbx using Guid(c894055b6a2c7ee4b927aa6ccc9be457) Importer(2089858483,192608db42251d675da83286b1cce702) (ScriptedImporter) -> (artifact id: 'f32b66e2f6de3f80c965c569ce767c83') in 0.0658795 seconds
Number of updated asset objects reloaded before import = 0Number of asset objects unloaded after import = 8

========================================================================
Received Import Request.
  Time since last request: 0.000058 seconds.
  path: Assets/Toon Deserted Temples/Prefabs/Buildings/Runes/TFD_Rune_Sides_11A.prefab
  artifactKey: Guid(16324abb64b4f744894b73f2e748f553) Importer(2089858483,192608db42251d675da83286b1cce702)
Start importing Assets/Toon Deserted Temples/Prefabs/Buildings/Runes/TFD_Rune_Sides_11A.prefab using Guid(16324abb64b4f744894b73f2e748f553) Importer(2089858483,192608db42251d675da83286b1cce702) (ScriptedImporter) -> (artifact id: '16dcbd4e0870e78ff130257219db7893') in 0.0892627 seconds
Number of updated asset objects reloaded before import = 0Number of asset objects unloaded after import = 28

========================================================================
Received Import Request.
  Time since last request: 0.000052 seconds.
  path: Assets/Toon Deserted Temples/Animations/TFD_Pavement_Trap_01A 2.controller
  artifactKey: Guid(c6a9b2cc1fe57fa44840d1e34572cd7b) Importer(2089858483,192608db42251d675da83286b1cce702)
Start importing Assets/Toon Deserted Temples/Animations/TFD_Pavement_Trap_01A 2.controller using Guid(c6a9b2cc1fe57fa44840d1e34572cd7b) Importer(2089858483,192608db42251d675da83286b1cce702) (ScriptedImporter) -> (artifact id: '2259f8e7edcd7e63d333678ca555f550') in 0.0726293 seconds
Number of updated asset objects reloaded before import = 0Number of asset objects unloaded after import = 4

========================================================================
Received Import Request.
  Time since last request: 0.000051 seconds.
  path: Assets/Toon Deserted Temples/Models/TFD_Papyrus_01A.fbx
  artifactKey: Guid(5c7719094e0495549b4bd3bfe6009bf3) Importer(2089858483,192608db42251d675da83286b1cce702)
Start importing Assets/Toon Deserted Temples/Models/TFD_Papyrus_01A.fbx using Guid(5c7719094e0495549b4bd3bfe6009bf3) Importer(2089858483,192608db42251d675da83286b1cce702) (ScriptedImporter) -> (artifact id: '85d743fc6d6cfe6b014518d96b7a89ce') in 0.0666781 seconds
Number of updated asset objects reloaded before import = 0Number of asset objects unloaded after import = 8

========================================================================
Received Import Request.
  Time since last request: 0.000038 seconds.
  path: Assets/Toon Deserted Temples/Prefabs/Buildings/Building Kit/TFD_Sundial_01A.prefab
  artifactKey: Guid(0a6a9bec7e357e1449429194937505bb) Importer(2089858483,192608db42251d675da83286b1cce702)
Start importing Assets/Toon Deserted Temples/Prefabs/Buildings/Building Kit/TFD_Sundial_01A.prefab using Guid(0a6a9bec7e357e1449429194937505bb) Importer(2089858483,192608db42251d675da83286b1cce702) (ScriptedImporter) -> (artifact id: '73b3a9e971666b3309c36b73b0b06ccc') in 0.0544356 seconds
Number of updated asset objects reloaded before import = 0Number of asset objects unloaded after import = 28

========================================================================
Received Import Request.
  Time since last request: 0.000034 seconds.
  path: Assets/Toon Deserted Temples/Models/TFD_Blanket_03A.fbx
  artifactKey: Guid(e4bda7eb73939144581b5b1306cf3788) Importer(2089858483,192608db42251d675da83286b1cce702)
Start importing Assets/Toon Deserted Temples/Models/TFD_Blanket_03A.fbx using Guid(e4bda7eb73939144581b5b1306cf3788) Importer(2089858483,192608db42251d675da83286b1cce702) (ScriptedImporter) -> (artifact id: '9002d9628a0ccb6d99b8745e1c194eaa') in 0.0381912 seconds
Number of updated asset objects reloaded before import = 0Number of asset objects unloaded after import = 8

========================================================================
Received Import Request.
  Time since last request: 0.000056 seconds.
  path: Assets/Toon Deserted Temples/Prefabs/Buildings/Building Kit/TFD_Pavement_07A.prefab
  artifactKey: Guid(7fa701e3ac972c84caecb9fb7a7fe8c8) Importer(2089858483,192608db42251d675da83286b1cce702)
Start importing Assets/Toon Deserted Temples/Prefabs/Buildings/Building Kit/TFD_Pavement_07A.prefab using Guid(7fa701e3ac972c84caecb9fb7a7fe8c8) Importer(2089858483,192608db42251d675da83286b1cce702) (ScriptedImporter) -> (artifact id: '446488c9419f29820ada709e69df557b') in 0.0541038 seconds
Number of updated asset objects reloaded before import = 0Number of asset objects unloaded after import = 26

========================================================================
Received Import Request.
  Time since last request: 0.000029 seconds.
  path: Assets/Toon Deserted Temples/Models/TFD_Dust_Pile_01B.fbx
  artifactKey: Guid(a40fdd29e2aaca544ab867f2897a1e8d) Importer(2089858483,192608db42251d675da83286b1cce702)
Start importing Assets/Toon Deserted Temples/Models/TFD_Dust_Pile_01B.fbx using Guid(a40fdd29e2aaca544ab867f2897a1e8d) Importer(2089858483,192608db42251d675da83286b1cce702) (ScriptedImporter) -> (artifact id: '8f96033929f99419860743771ae6959d') in 0.0436148 seconds
Number of updated asset objects reloaded before import = 0Number of asset objects unloaded after import = 15

========================================================================
Received Import Request.
  Time since last request: 0.000039 seconds.
  path: Assets/Toon Deserted Temples/Models/TFD_Floating_Debris_01A.fbx
  artifactKey: Guid(1be5f9b521c9b3f4fbb2c03081c526e2) Importer(2089858483,192608db42251d675da83286b1cce702)
Start importing Assets/Toon Deserted Temples/Models/TFD_Floating_Debris_01A.fbx using Guid(1be5f9b521c9b3f4fbb2c03081c526e2) Importer(2089858483,192608db42251d675da83286b1cce702) (ScriptedImporter) -> (artifact id: '1bdd68b3a127c600b087736baa5953d9') in 0.0578914 seconds
Number of updated asset objects reloaded before import = 0Number of asset objects unloaded after import = 8

========================================================================
Received Import Request.
  Time since last request: 0.000036 seconds.
  path: Assets/Toon Deserted Temples/Prefabs/Rocks/TFD_Rock_Large_04A.prefab
  artifactKey: Guid(6b114f984e184e24ab68e53883ae465d) Importer(2089858483,192608db42251d675da83286b1cce702)
Start importing Assets/Toon Deserted Temples/Prefabs/Rocks/TFD_Rock_Large_04A.prefab using Guid(6b114f984e184e24ab68e53883ae465d) Importer(2089858483,192608db42251d675da83286b1cce702) (ScriptedImporter) -> (artifact id: '5dfe959c0cd8a6de56acdeeddf310d1a') in 0.0610143 seconds
Number of updated asset objects reloaded before import = 0Number of asset objects unloaded after import = 28

========================================================================
Received Import Request.
  Time since last request: 0.000056 seconds.
  path: Assets/Toon Deserted Temples/Prefabs/Candles/TFD_Wax_Drip_09C.prefab
  artifactKey: Guid(2f5098ef913daa141909ecd903eca8ab) Importer(2089858483,192608db42251d675da83286b1cce702)
Start importing Assets/Toon Deserted Temples/Prefabs/Candles/TFD_Wax_Drip_09C.prefab using Guid(2f5098ef913daa141909ecd903eca8ab) Importer(2089858483,192608db42251d675da83286b1cce702) (ScriptedImporter) -> (artifact id: 'cfdce785b058161fa469762fb8b66d9f') in 0.0635841 seconds
Number of updated asset objects reloaded before import = 0Number of asset objects unloaded after import = 20

========================================================================
Received Import Request.
  Time since last request: 0.000036 seconds.
  path: Assets/Toon Deserted Temples/Animations/TFD_Candle_04C_Idle3.anim
  artifactKey: Guid(f2ce0e0a652600648b615bb39a7f471e) Importer(2089858483,192608db42251d675da83286b1cce702)
Start importing Assets/Toon Deserted Temples/Animations/TFD_Candle_04C_Idle3.anim using Guid(f2ce0e0a652600648b615bb39a7f471e) Importer(2089858483,192608db42251d675da83286b1cce702) (ScriptedImporter) -> (artifact id: '76eaabd7349c714b8a5ca5b819e8b93f') in 0.0333567 seconds
Number of updated asset objects reloaded before import = 0Number of asset objects unloaded after import = 1

========================================================================
Received Import Request.
  Time since last request: 0.000031 seconds.
  path: Assets/Toon Deserted Temples/Prefabs/Water Props/TFD_Water_Ripple_02A_L.prefab
  artifactKey: Guid(9406215b8b0574d4995065decd928491) Importer(2089858483,192608db42251d675da83286b1cce702)
Start importing Assets/Toon Deserted Temples/Prefabs/Water Props/TFD_Water_Ripple_02A_L.prefab using Guid(9406215b8b0574d4995065decd928491) Importer(2089858483,192608db42251d675da83286b1cce702) (ScriptedImporter) -> (artifact id: '38e32d81a692dc04e7e255a4fea52527') in 0.0790719 seconds
Number of updated asset objects reloaded before import = 0Number of asset objects unloaded after import = 8

========================================================================
Received Import Request.
  Time since last request: 0.000036 seconds.
  path: Assets/Toon Deserted Temples/Models/TFD_Water_Lily_04A.fbx
  artifactKey: Guid(47c3e212c42fe7b44a9239d1563c1231) Importer(2089858483,192608db42251d675da83286b1cce702)
Start importing Assets/Toon Deserted Temples/Models/TFD_Water_Lily_04A.fbx using Guid(47c3e212c42fe7b44a9239d1563c1231) Importer(2089858483,192608db42251d675da83286b1cce702) (ScriptedImporter) -> (artifact id: 'ef23cf08d71c80ce66b6e00c6a59b704') in 0.0577491 seconds
Number of updated asset objects reloaded before import = 0Number of asset objects unloaded after import = 20

========================================================================
Received Import Request.
  Time since last request: 0.000053 seconds.
  path: Assets/Toon Deserted Temples/Animations/TFD_Candle_09C_Idle2.anim
  artifactKey: Guid(def3c48c89fb90a4d94b46d0107d2624) Importer(2089858483,192608db42251d675da83286b1cce702)
Start importing Assets/Toon Deserted Temples/Animations/TFD_Candle_09C_Idle2.anim using Guid(def3c48c89fb90a4d94b46d0107d2624) Importer(2089858483,192608db42251d675da83286b1cce702) (ScriptedImporter) -> (artifact id: '57fd9e61c08c0af99b61d480c10c81ec') in 0.0335312 seconds
Number of updated asset objects reloaded before import = 0Number of asset objects unloaded after import = 1

========================================================================
Received Import Request.
  Time since last request: 0.000029 seconds.
  path: Assets/Toon Deserted Temples/Models/TFD_Particle_Quad_04D.fbx
  artifactKey: Guid(95218d2067557df40b130b8366d0abe7) Importer(2089858483,192608db42251d675da83286b1cce702)
Start importing Assets/Toon Deserted Temples/Models/TFD_Particle_Quad_04D.fbx using Guid(95218d2067557df40b130b8366d0abe7) Importer(2089858483,192608db42251d675da83286b1cce702) (ScriptedImporter) -> (artifact id: '29e510aec6a95754a1139a5f406dc0bf') in 0.0564639 seconds
Number of updated asset objects reloaded before import = 0Number of asset objects unloaded after import = 8

========================================================================
Received Import Request.
  Time since last request: 0.000028 seconds.
  path: Assets/Toon Deserted Temples/Models/TFD_Water_Ripple_02A_R.fbx
  artifactKey: Guid(4cbd945a686157648bcb45c9ede27ca5) Importer(2089858483,192608db42251d675da83286b1cce702)
Start importing Assets/Toon Deserted Temples/Models/TFD_Water_Ripple_02A_R.fbx using Guid(4cbd945a686157648bcb45c9ede27ca5) Importer(2089858483,192608db42251d675da83286b1cce702) (ScriptedImporter) -> (artifact id: '02761aed6719828c6348e302039bb9f7') in 0.0333712 seconds
Number of updated asset objects reloaded before import = 0Number of asset objects unloaded after import = 8

========================================================================
Received Import Request.
  Time since last request: 0.000034 seconds.
  path: Assets/Toon Deserted Temples/Models/TFD_Wall_Plinth_01A.fbx
  artifactKey: Guid(117ea0adf840daa41a213b7015cb3bdd) Importer(2089858483,192608db42251d675da83286b1cce702)
Start importing Assets/Toon Deserted Temples/Models/TFD_Wall_Plinth_01A.fbx using Guid(117ea0adf840daa41a213b7015cb3bdd) Importer(2089858483,192608db42251d675da83286b1cce702) (ScriptedImporter) -> (artifact id: 'a920f6216b1112ac3b075dcb7fda3458') in 0.0667087 seconds
Number of updated asset objects reloaded before import = 0Number of asset objects unloaded after import = 25

========================================================================
Received Import Request.
  Time since last request: 0.000038 seconds.
  path: Assets/Toon Deserted Temples/Models/TFD_Fountain_01A.fbx
  artifactKey: Guid(91d76bafbf0379143bc93f8d698de514) Importer(2089858483,192608db42251d675da83286b1cce702)
Start importing Assets/Toon Deserted Temples/Models/TFD_Fountain_01A.fbx using Guid(91d76bafbf0379143bc93f8d698de514) Importer(2089858483,192608db42251d675da83286b1cce702) (ScriptedImporter) -> (artifact id: '8ef71b2464bbcc0e898558b8b23312ff') in 0.0850437 seconds
Number of updated asset objects reloaded before import = 0Number of asset objects unloaded after import = 34

========================================================================
Received Import Request.
  Time since last request: 0.000039 seconds.
  path: Assets/Toon Deserted Temples/Prefabs/Buildings/Building Kit/TFD_Wall_01A.prefab
  artifactKey: Guid(c91f91281947a434491a1030edb8dd47) Importer(2089858483,192608db42251d675da83286b1cce702)
Start importing Assets/Toon Deserted Temples/Prefabs/Buildings/Building Kit/TFD_Wall_01A.prefab using Guid(c91f91281947a434491a1030edb8dd47) Importer(2089858483,192608db42251d675da83286b1cce702) (ScriptedImporter) -> (artifact id: '78ab0ba707ec3ed3b63624e2f5fabc35') in 0.0654803 seconds
Number of updated asset objects reloaded before import = 0Number of asset objects unloaded after import = 26

========================================================================
Received Import Request.
  Time since last request: 0.000047 seconds.
  path: Assets/Toon Deserted Temples/Models/TFD_Head_Entrance_02A.fbx
  artifactKey: Guid(77069d9d46a993243b84bcd09c9037fa) Importer(2089858483,192608db42251d675da83286b1cce702)
Start importing Assets/Toon Deserted Temples/Models/TFD_Head_Entrance_02A.fbx using Guid(77069d9d46a993243b84bcd09c9037fa) Importer(2089858483,192608db42251d675da83286b1cce702) (ScriptedImporter) -> (artifact id: 'a943a673656c969f2199c55c599a21b7') in 0.0644779 seconds
Number of updated asset objects reloaded before import = 0Number of asset objects unloaded after import = 51

========================================================================
Received Import Request.
  Time since last request: 0.000062 seconds.
  path: Assets/Toon Deserted Temples/Prefabs/Buildings/Runes/TFD_Rune_Sides_04A.prefab
  artifactKey: Guid(78fed965aff2d71409a9373f1fd68eef) Importer(2089858483,192608db42251d675da83286b1cce702)
Start importing Assets/Toon Deserted Temples/Prefabs/Buildings/Runes/TFD_Rune_Sides_04A.prefab using Guid(78fed965aff2d71409a9373f1fd68eef) Importer(2089858483,192608db42251d675da83286b1cce702) (ScriptedImporter) -> (artifact id: '8c13239f1f3bf8a0fba3c53894cc2e5f') in 0.0773649 seconds
Number of updated asset objects reloaded before import = 0Number of asset objects unloaded after import = 28

========================================================================
Received Import Request.
  Time since last request: 0.000074 seconds.
  path: Assets/Toon Deserted Temples/Prefabs/Props/TFD_Metal_Bar_01A.prefab
  artifactKey: Guid(37d08ff29ab8ded4c952b2af785608ab) Importer(2089858483,192608db42251d675da83286b1cce702)
Start importing Assets/Toon Deserted Temples/Prefabs/Props/TFD_Metal_Bar_01A.prefab using Guid(37d08ff29ab8ded4c952b2af785608ab) Importer(2089858483,192608db42251d675da83286b1cce702) (ScriptedImporter) -> (artifact id: '23273942c94fad5d76f1809021074701') in 0.0679243 seconds
Number of updated asset objects reloaded before import = 0Number of asset objects unloaded after import = 21

========================================================================
Received Import Request.
  Time since last request: 0.000039 seconds.
  path: Assets/Toon Deserted Temples/Animations/TFD_Candle_11B_Idle1.anim
  artifactKey: Guid(f16919a0c0f3f8e478f59b44aacb65bd) Importer(2089858483,192608db42251d675da83286b1cce702)
Start importing Assets/Toon Deserted Temples/Animations/TFD_Candle_11B_Idle1.anim using Guid(f16919a0c0f3f8e478f59b44aacb65bd) Importer(2089858483,192608db42251d675da83286b1cce702) (ScriptedImporter) -> (artifact id: '222663546026a125da833df372c58c7b') in 0.0269092 seconds
Number of updated asset objects reloaded before import = 0Number of asset objects unloaded after import = 1

========================================================================
Received Import Request.
  Time since last request: 0.000082 seconds.
  path: Assets/Toon Deserted Temples/Models/TFD_Column_02A_Module_03.fbx
  artifactKey: Guid(47a1693968942694890a2dd2cb719425) Importer(2089858483,192608db42251d675da83286b1cce702)
Start importing Assets/Toon Deserted Temples/Models/TFD_Column_02A_Module_03.fbx using Guid(47a1693968942694890a2dd2cb719425) Importer(2089858483,192608db42251d675da83286b1cce702) (ScriptedImporter) -> (artifact id: 'e096088085f74ccd6f4f028dbd17f796') in 0.0480495 seconds
Number of updated asset objects reloaded before import = 0Number of asset objects unloaded after import = 22

========================================================================
Received Import Request.
  Time since last request: 0.000033 seconds.
  path: Assets/Toon Deserted Temples/Prefabs/Buildings/Building Kit/TFD_Gate_01A_Module_01.prefab
  artifactKey: Guid(b5588329140ace243888261522fdf335) Importer(2089858483,192608db42251d675da83286b1cce702)
Start importing Assets/Toon Deserted Temples/Prefabs/Buildings/Building Kit/TFD_Gate_01A_Module_01.prefab using Guid(b5588329140ace243888261522fdf335) Importer(2089858483,192608db42251d675da83286b1cce702) (ScriptedImporter) -> (artifact id: '9e88a0a99124854f209fcde9b6dab72f') in 0.0613434 seconds
Number of updated asset objects reloaded before import = 0Number of asset objects unloaded after import = 23

========================================================================
Received Import Request.
  Time since last request: 0.000041 seconds.
  path: Assets/Toon Deserted Temples/Models/TFD_Rune_Sides_07A.fbx
  artifactKey: Guid(e032fcd6664a7ad459fa99efa486f600) Importer(2089858483,192608db42251d675da83286b1cce702)
Start importing Assets/Toon Deserted Temples/Models/TFD_Rune_Sides_07A.fbx using Guid(e032fcd6664a7ad459fa99efa486f600) Importer(2089858483,192608db42251d675da83286b1cce702) (ScriptedImporter) -> (artifact id: '11d86cc27435abba519667dd5097e4ea') in 0.0686282 seconds
Number of updated asset objects reloaded before import = 0Number of asset objects unloaded after import = 27

========================================================================
Received Import Request.
  Time since last request: 0.150113 seconds.
  path: Assets/Toon Deserted Temples/Models/Materials/TFD_BG_Salt_Mountain_01.mat
  artifactKey: Guid(ae47a100324f1f44e8e3eb2cf32f008a) Importer(2089858483,192608db42251d675da83286b1cce702)
Start importing Assets/Toon Deserted Temples/Models/Materials/TFD_BG_Salt_Mountain_01.mat using Guid(ae47a100324f1f44e8e3eb2cf32f008a) Importer(2089858483,192608db42251d675da83286b1cce702) (ScriptedImporter) -> (artifact id: '1abca7d65ee51571fd456d2523fbbddf') in 0.0757332 seconds
Number of updated asset objects reloaded before import = 0Number of asset objects unloaded after import = 5

========================================================================
Received Import Request.
  Time since last request: 0.000036 seconds.
  path: Assets/Toon Deserted Temples/Models/TFD_Wax_Drip_12C.fbx
  artifactKey: Guid(eefa73f6d7cd0ff44bc68977d8c17602) Importer(2089858483,192608db42251d675da83286b1cce702)
Start importing Assets/Toon Deserted Temples/Models/TFD_Wax_Drip_12C.fbx using Guid(eefa73f6d7cd0ff44bc68977d8c17602) Importer(2089858483,192608db42251d675da83286b1cce702) (ScriptedImporter) -> (artifact id: '7f5ed227581bf996f11fd056d8756e7c') in 0.0436882 seconds
Number of updated asset objects reloaded before import = 0Number of asset objects unloaded after import = 20

========================================================================
Received Import Request.
  Time since last request: 0.000047 seconds.
  path: Assets/Toon Deserted Temples/Prefabs/Vegetation/Plants/TFD_Column_Roots_04A.prefab
  artifactKey: Guid(4d061eb2834b3a34c8ff08f178f6b60c) Importer(2089858483,192608db42251d675da83286b1cce702)
Start importing Assets/Toon Deserted Temples/Prefabs/Vegetation/Plants/TFD_Column_Roots_04A.prefab using Guid(4d061eb2834b3a34c8ff08f178f6b60c) Importer(2089858483,192608db42251d675da83286b1cce702) (ScriptedImporter) -> (artifact id: '973e376339ad0cd476a00647d436c41a') in 0.054978 seconds
Number of updated asset objects reloaded before import = 0Number of asset objects unloaded after import = 20

========================================================================
Received Import Request.
  Time since last request: 0.000034 seconds.
  path: Assets/Toon Deserted Temples/Models/TFD_Rune_Sides_11A.fbx
  artifactKey: Guid(f92dba754a01f17418db4ee4a2f254d6) Importer(2089858483,192608db42251d675da83286b1cce702)
Start importing Assets/Toon Deserted Temples/Models/TFD_Rune_Sides_11A.fbx using Guid(f92dba754a01f17418db4ee4a2f254d6) Importer(2089858483,192608db42251d675da83286b1cce702) (ScriptedImporter) -> (artifact id: 'dabd1137b1cb7d2774715a58e0a8265d') in 0.0450324 seconds
Number of updated asset objects reloaded before import = 0Number of asset objects unloaded after import = 27

========================================================================
Received Import Request.
  Time since last request: 0.000031 seconds.
  path: Assets/Toon Deserted Temples/Textures/TFD_Atlas_1A.tga
  artifactKey: Guid(af5b2a7334b31704282f5bdc6707c820) Importer(2089858483,192608db42251d675da83286b1cce702)
Start importing Assets/Toon Deserted Temples/Textures/TFD_Atlas_1A.tga using Guid(af5b2a7334b31704282f5bdc6707c820) Importer(2089858483,192608db42251d675da83286b1cce702) (ScriptedImporter) -> (artifact id: '11593f5dc5ff98a31d9ef9b8ab3d5d76') in 0.3363941 seconds
Number of updated asset objects reloaded before import = 0Number of asset objects unloaded after import = 1

========================================================================
Received Import Request.
  Time since last request: 0.000060 seconds.
  path: Assets/Toon Deserted Temples/Models/TFD_Candle_03C.fbx
  artifactKey: Guid(1a3e6b3cf9c00b6429adf2b0ea2a77b0) Importer(2089858483,192608db42251d675da83286b1cce702)
Start importing Assets/Toon Deserted Temples/Models/TFD_Candle_03C.fbx using Guid(1a3e6b3cf9c00b6429adf2b0ea2a77b0) Importer(2089858483,192608db42251d675da83286b1cce702) (ScriptedImporter) -> (artifact id: '3498d91c3b2cbed8802b138c09fe7cb4') in 0.0546299 seconds
Number of updated asset objects reloaded before import = 0Number of asset objects unloaded after import = 20

========================================================================
Received Import Request.
  Time since last request: 0.000055 seconds.
  path: Assets/Toon Deserted Temples/Models/TFD_Urn_Broken_06A.fbx
  artifactKey: Guid(6b4a2545d95bc424cacd95cb8ebd9174) Importer(2089858483,192608db42251d675da83286b1cce702)
Start importing Assets/Toon Deserted Temples/Models/TFD_Urn_Broken_06A.fbx using Guid(6b4a2545d95bc424cacd95cb8ebd9174) Importer(2089858483,192608db42251d675da83286b1cce702) (ScriptedImporter) -> (artifact id: '5c16ed544545952d9e99e300a0ddf234') in 0.0421796 seconds
Number of updated asset objects reloaded before import = 0Number of asset objects unloaded after import = 8

========================================================================
Received Import Request.
  Time since last request: 0.000036 seconds.
  path: Assets/Toon Deserted Temples/Prefabs/Candles/TFD_Candle_02A.prefab
  artifactKey: Guid(fddef1a6f06c399428e7901c2260223f) Importer(2089858483,192608db42251d675da83286b1cce702)
Start importing Assets/Toon Deserted Temples/Prefabs/Candles/TFD_Candle_02A.prefab using Guid(fddef1a6f06c399428e7901c2260223f) Importer(2089858483,192608db42251d675da83286b1cce702) (ScriptedImporter) -> (artifact id: 'c098c04bca38124ae14026812eb5fdb0') in 0.067648 seconds
Number of updated asset objects reloaded before import = 0Number of asset objects unloaded after import = 31

========================================================================
Received Import Request.
  Time since last request: 0.000040 seconds.
  path: Assets/Toon Deserted Temples/Prefabs/Rocks/TFD_Rock_Large_10A.prefab
  artifactKey: Guid(4ac00d8964409134abc9d71fd24fe5d3) Importer(2089858483,192608db42251d675da83286b1cce702)
Start importing Assets/Toon Deserted Temples/Prefabs/Rocks/TFD_Rock_Large_10A.prefab using Guid(4ac00d8964409134abc9d71fd24fe5d3) Importer(2089858483,192608db42251d675da83286b1cce702) (ScriptedImporter) -> (artifact id: 'c5f1ed6bd6ac0c5c5cbee23b4f8e641a') in 0.0615664 seconds
Number of updated asset objects reloaded before import = 0Number of asset objects unloaded after import = 28

========================================================================
Received Import Request.
  Time since last request: 0.000206 seconds.
  path: Assets/Toon Deserted Temples/Prefabs/Props/TFD_Cloth_07B.prefab
  artifactKey: Guid(67215a36952296043a829766c3584792) Importer(2089858483,192608db42251d675da83286b1cce702)
Start importing Assets/Toon Deserted Temples/Prefabs/Props/TFD_Cloth_07B.prefab using Guid(67215a36952296043a829766c3584792) Importer(2089858483,192608db42251d675da83286b1cce702) (ScriptedImporter) -> (artifact id: '02e0bb850ef55f7beba2b7b7512adb75') in 0.0796549 seconds
Number of updated asset objects reloaded before import = 0Number of asset objects unloaded after import = 17

========================================================================
Received Import Request.
  Time since last request: 0.000032 seconds.
  path: Assets/Toon Deserted Temples/Models/TFD_Column_Vine_02A.fbx
  artifactKey: Guid(689f343a138c4944fa0682462b9e765b) Importer(2089858483,192608db42251d675da83286b1cce702)
Start importing Assets/Toon Deserted Temples/Models/TFD_Column_Vine_02A.fbx using Guid(689f343a138c4944fa0682462b9e765b) Importer(2089858483,192608db42251d675da83286b1cce702) (ScriptedImporter) -> (artifact id: 'e8fa9526c2261f333d412c9021a6dbcc') in 0.0714716 seconds
Number of updated asset objects reloaded before import = 0Number of asset objects unloaded after import = 22

========================================================================
Received Import Request.
  Time since last request: 0.000038 seconds.
  path: Assets/Toon Deserted Temples/Models/TFD_Rune_Sides_09A.fbx
  artifactKey: Guid(a7e9e60f8a9ef524c9b6c0a579ba8dc9) Importer(2089858483,192608db42251d675da83286b1cce702)
Start importing Assets/Toon Deserted Temples/Models/TFD_Rune_Sides_09A.fbx using Guid(a7e9e60f8a9ef524c9b6c0a579ba8dc9) Importer(2089858483,192608db42251d675da83286b1cce702) (ScriptedImporter) -> (artifact id: '4539354411ae686d4567782002821661') in 0.0431318 seconds
Number of updated asset objects reloaded before import = 0Number of asset objects unloaded after import = 27

========================================================================
Received Import Request.
  Time since last request: 0.000051 seconds.
  path: Assets/Toon Deserted Temples/Particles/Materials/TFD_Foam_01A.mat
  artifactKey: Guid(4eb25c0360388754487efcca7a4e7a9e) Importer(2089858483,192608db42251d675da83286b1cce702)
Start importing Assets/Toon Deserted Temples/Particles/Materials/TFD_Foam_01A.mat using Guid(4eb25c0360388754487efcca7a4e7a9e) Importer(2089858483,192608db42251d675da83286b1cce702) (ScriptedImporter) -> (artifact id: 'c0fe59f76c7e390f97a73e91c3fa4d2c') in 0.0475435 seconds
Number of updated asset objects reloaded before import = 0Number of asset objects unloaded after import = 3

========================================================================
Received Import Request.
  Time since last request: 0.000438 seconds.
  path: Assets/Toon Deserted Temples/Terrain/Terrain Textures/TFD_Terrain_Sand_01_N.png
  artifactKey: Guid(2731c6466b19aac4d8be329430a71181) Importer(2089858483,192608db42251d675da83286b1cce702)
Start importing Assets/Toon Deserted Temples/Terrain/Terrain Textures/TFD_Terrain_Sand_01_N.png using Guid(2731c6466b19aac4d8be329430a71181) Importer(2089858483,192608db42251d675da83286b1cce702) (ScriptedImporter) -> (artifact id: '00e7813b6228d5418ef2cd013497bdc1') in 0.1121173 seconds
Number of updated asset objects reloaded before import = 0Number of asset objects unloaded after import = 1

========================================================================
Received Import Request.
  Time since last request: 0.000041 seconds.
  path: Assets/Toon Deserted Temples/Prefabs/Props/TFD_Chest_01A.prefab
  artifactKey: Guid(74527b65c3a5c61438edc6ec88d3078c) Importer(2089858483,192608db42251d675da83286b1cce702)
Start importing Assets/Toon Deserted Temples/Prefabs/Props/TFD_Chest_01A.prefab using Guid(74527b65c3a5c61438edc6ec88d3078c) Importer(2089858483,192608db42251d675da83286b1cce702) (ScriptedImporter) -> (artifact id: 'a273508ca02278572da3c2c936e7a16c') in 0.073586 seconds
Number of updated asset objects reloaded before import = 0Number of asset objects unloaded after import = 41

========================================================================
Received Import Request.
  Time since last request: 0.000071 seconds.
  path: Assets/Toon Deserted Temples/Skybox
  artifactKey: Guid(edbf701a945414f4aa2527b32e83cb25) Importer(2089858483,192608db42251d675da83286b1cce702)
Start importing Assets/Toon Deserted Temples/Skybox using Guid(edbf701a945414f4aa2527b32e83cb25) Importer(2089858483,192608db42251d675da83286b1cce702) (ScriptedImporter) -> (artifact id: 'd9a986ca4dab151739449011f735d560') in 0.0251639 seconds
Number of updated asset objects reloaded before import = 0Number of asset objects unloaded after import = 1

========================================================================
Received Import Request.
  Time since last request: 0.000031 seconds.
  path: Assets/Toon Deserted Temples/Animations/TFD_Candle_08B_Idle1.controller
  artifactKey: Guid(a162f98d600d28c44a241e8733c8863f) Importer(2089858483,192608db42251d675da83286b1cce702)
Start importing Assets/Toon Deserted Temples/Animations/TFD_Candle_08B_Idle1.controller using Guid(a162f98d600d28c44a241e8733c8863f) Importer(2089858483,192608db42251d675da83286b1cce702) (ScriptedImporter) -> (artifact id: 'b90edfa92194fcd86e62f80efd5002ba') in 0.031499 seconds
Number of updated asset objects reloaded before import = 0Number of asset objects unloaded after import = 8

========================================================================
Received Import Request.
  Time since last request: 0.000028 seconds.
  path: Assets/Toon Deserted Temples/Models/TFD_Pavement_Dust_02A.fbx
  artifactKey: Guid(ea68048462fedb94985637a57244ecab) Importer(2089858483,192608db42251d675da83286b1cce702)
Start importing Assets/Toon Deserted Temples/Models/TFD_Pavement_Dust_02A.fbx using Guid(ea68048462fedb94985637a57244ecab) Importer(2089858483,192608db42251d675da83286b1cce702) (ScriptedImporter) -> (artifact id: '9d7ef29e67db49ef47173bffe7115a95') in 0.0371934 seconds
Number of updated asset objects reloaded before import = 0Number of asset objects unloaded after import = 15

========================================================================
Received Import Request.
  Time since last request: 0.000042 seconds.
  path: Assets/Toon Deserted Temples/Scenes/Demo_Scene_Desert_Day.unity
  artifactKey: Guid(36c1d58668dc60942b6ec5158af4a510) Importer(2089858483,192608db42251d675da83286b1cce702)
Start importing Assets/Toon Deserted Temples/Scenes/Demo_Scene_Desert_Day.unity using Guid(36c1d58668dc60942b6ec5158af4a510) Importer(2089858483,192608db42251d675da83286b1cce702) (ScriptedImporter) -> (artifact id: '5c74e3ccdbedc120d0f5b7a50f9c8e3d') in 2.9337953 seconds
Number of updated asset objects reloaded before import = 0Number of asset objects unloaded after import = 1

========================================================================
Received Import Request.
  Time since last request: 0.000094 seconds.
  path: Assets/Toon Deserted Temples/Animations/TFD_Candle_10C_Idle3.controller
  artifactKey: Guid(299fd8cfca657624badbe396795739f8) Importer(2089858483,192608db42251d675da83286b1cce702)
Start importing Assets/Toon Deserted Temples/Animations/TFD_Candle_10C_Idle3.controller using Guid(299fd8cfca657624badbe396795739f8) Importer(2089858483,192608db42251d675da83286b1cce702) (ScriptedImporter) -> (artifact id: '0f25d7433bfee27c5bee96457c931d58') in 0.0613375 seconds
Number of updated asset objects reloaded before import = 0Number of asset objects unloaded after import = 8

========================================================================
Received Import Request.
  Time since last request: 0.000033 seconds.
  path: Assets/Toon Deserted Temples/Particles/Materials/TFD_Fog_01A.mat
  artifactKey: Guid(5cf428c5306ab6346ba39488e883a39a) Importer(2089858483,192608db42251d675da83286b1cce702)
Start importing Assets/Toon Deserted Temples/Particles/Materials/TFD_Fog_01A.mat using Guid(5cf428c5306ab6346ba39488e883a39a) Importer(2089858483,192608db42251d675da83286b1cce702) (ScriptedImporter) -> (artifact id: '5ab985ac1b9fc5195b6fb4cef8001562') in 0.0570409 seconds
Number of updated asset objects reloaded before import = 0Number of asset objects unloaded after import = 2

========================================================================
Received Import Request.
  Time since last request: 0.000045 seconds.
  path: Assets/Toon Deserted Temples/Models/TFD_Wall_Chain_03A.fbx
  artifactKey: Guid(7ab8e52929d235b4f9077c6e45b91721) Importer(2089858483,192608db42251d675da83286b1cce702)
Start importing Assets/Toon Deserted Temples/Models/TFD_Wall_Chain_03A.fbx using Guid(7ab8e52929d235b4f9077c6e45b91721) Importer(2089858483,192608db42251d675da83286b1cce702) (ScriptedImporter) -> (artifact id: 'ae00c4a9e6c5eaf9cad6ef78048eea46') in 0.052753 seconds
Number of updated asset objects reloaded before import = 0Number of asset objects unloaded after import = 25

========================================================================
Received Import Request.
  Time since last request: 0.000060 seconds.
  path: Assets/Toon Deserted Temples/Prefabs/Props/TFD_Box_02B.prefab
  artifactKey: Guid(3d5bb5336a88af04f83af7e15f043100) Importer(2089858483,192608db42251d675da83286b1cce702)
Start importing Assets/Toon Deserted Temples/Prefabs/Props/TFD_Box_02B.prefab using Guid(3d5bb5336a88af04f83af7e15f043100) Importer(2089858483,192608db42251d675da83286b1cce702) (ScriptedImporter) -> (artifact id: 'd6d80ede24c5f831cb20d687028748e0') in 0.0674099 seconds
Number of updated asset objects reloaded before import = 0Number of asset objects unloaded after import = 16

========================================================================
Received Import Request.
  Time since last request: 0.000037 seconds.
  path: Assets/Toon Deserted Temples/Animations/TFD_Candle_04B_Idle2.controller
  artifactKey: Guid(9e46b0aacd7a963459039227b1937210) Importer(2089858483,192608db42251d675da83286b1cce702)
Start importing Assets/Toon Deserted Temples/Animations/TFD_Candle_04B_Idle2.controller using Guid(9e46b0aacd7a963459039227b1937210) Importer(2089858483,192608db42251d675da83286b1cce702) (ScriptedImporter) -> (artifact id: '10fc81866d215041cf325bbee0843fdc') in 0.0688581 seconds
Number of updated asset objects reloaded before import = 0Number of asset objects unloaded after import = 6

========================================================================
Received Import Request.
  Time since last request: 0.000047 seconds.
  path: Assets/Toon Deserted Temples/Models/TFD_Rock_Small_08A.fbx
  artifactKey: Guid(67a231a6823dbe44aad84b353c9074be) Importer(2089858483,192608db42251d675da83286b1cce702)
Start importing Assets/Toon Deserted Temples/Models/TFD_Rock_Small_08A.fbx using Guid(67a231a6823dbe44aad84b353c9074be) Importer(2089858483,192608db42251d675da83286b1cce702) (ScriptedImporter) -> (artifact id: '466b287bb26609ea47795c3b09c7d29c') in 0.0922775 seconds
Number of updated asset objects reloaded before import = 0Number of asset objects unloaded after import = 30

========================================================================
Received Import Request.
  Time since last request: 0.000080 seconds.
  path: Assets/Toon Deserted Temples/Models/TFD_Railing_01A_Pole.fbx
  artifactKey: Guid(2d5bef53396a07349886765af920742c) Importer(2089858483,192608db42251d675da83286b1cce702)
Start importing Assets/Toon Deserted Temples/Models/TFD_Railing_01A_Pole.fbx using Guid(2d5bef53396a07349886765af920742c) Importer(2089858483,192608db42251d675da83286b1cce702) (ScriptedImporter) -> (artifact id: '24359bfead94b97140b521f235522d79') in 0.0582265 seconds
Number of updated asset objects reloaded before import = 0Number of asset objects unloaded after import = 20

========================================================================
Received Import Request.
  Time since last request: 0.000030 seconds.
  path: Assets/Toon Deserted Temples/Prefabs/Props/TFD_Plate_01A.prefab
  artifactKey: Guid(e8ff2e59d5b288e418bd952b9c3d8a53) Importer(2089858483,192608db42251d675da83286b1cce702)
Start importing Assets/Toon Deserted Temples/Prefabs/Props/TFD_Plate_01A.prefab using Guid(e8ff2e59d5b288e418bd952b9c3d8a53) Importer(2089858483,192608db42251d675da83286b1cce702) (ScriptedImporter) -> (artifact id: '5af64c29a4ac361a1df1607879447bf8') in 0.0902835 seconds
Number of updated asset objects reloaded before import = 0Number of asset objects unloaded after import = 9

========================================================================
Received Import Request.
  Time since last request: 0.000038 seconds.
  path: Assets/Toon Deserted Temples/Models/TFD_Urn_Broken_12A.fbx
  artifactKey: Guid(5102c5b7c46aa7042ab3b68ca447e18a) Importer(2089858483,192608db42251d675da83286b1cce702)
Start importing Assets/Toon Deserted Temples/Models/TFD_Urn_Broken_12A.fbx using Guid(5102c5b7c46aa7042ab3b68ca447e18a) Importer(2089858483,192608db42251d675da83286b1cce702) (ScriptedImporter) -> (artifact id: 'abb19681af55524203839ac909979a53') in 0.1168129 seconds
Number of updated asset objects reloaded before import = 0Number of asset objects unloaded after import = 8

========================================================================
Received Import Request.
  Time since last request: 0.000086 seconds.
  path: Assets/Toon Deserted Temples/Animations/TFD_Candle_07A_Idle2.anim
  artifactKey: Guid(7d7b46db482a0444eac0755ee8a2ee4f) Importer(2089858483,192608db42251d675da83286b1cce702)
Start importing Assets/Toon Deserted Temples/Animations/TFD_Candle_07A_Idle2.anim using Guid(7d7b46db482a0444eac0755ee8a2ee4f) Importer(2089858483,192608db42251d675da83286b1cce702) (ScriptedImporter) -> (artifact id: '75df39dfda0f7b208f41d857397e2252') in 0.0645309 seconds
Number of updated asset objects reloaded before import = 0Number of asset objects unloaded after import = 1

========================================================================
Received Import Request.
  Time since last request: 0.000058 seconds.
  path: Assets/Toon Deserted Temples/Prefabs/Rocks/TFD_Stone_08A.prefab
  artifactKey: Guid(c2eed6a8229082840aed78e509799cc9) Importer(2089858483,192608db42251d675da83286b1cce702)
Start importing Assets/Toon Deserted Temples/Prefabs/Rocks/TFD_Stone_08A.prefab using Guid(c2eed6a8229082840aed78e509799cc9) Importer(2089858483,192608db42251d675da83286b1cce702) (ScriptedImporter) -> (artifact id: 'd110ff71b04b6382370470cbf9148dfe') in 0.2150856 seconds
Number of updated asset objects reloaded before import = 0Number of asset objects unloaded after import = 9

========================================================================
Received Import Request.
  Time since last request: 0.000055 seconds.
  path: Assets/Toon Deserted Temples/Models/TFD_Pot_01C.fbx
  artifactKey: Guid(16b74b16f2d2d7e4eaa51938532674f8) Importer(2089858483,192608db42251d675da83286b1cce702)
Start importing Assets/Toon Deserted Temples/Models/TFD_Pot_01C.fbx using Guid(16b74b16f2d2d7e4eaa51938532674f8) Importer(2089858483,192608db42251d675da83286b1cce702) (ScriptedImporter) -> (artifact id: 'e4265092dd5c08c7551649f94f486736') in 0.0455725 seconds
Number of updated asset objects reloaded before import = 0Number of asset objects unloaded after import = 8

========================================================================
Received Import Request.
  Time since last request: 0.000034 seconds.
  path: Assets/Toon Deserted Temples/Prefabs/Water Props/TFD_Waterfall_01A_Middle.prefab
  artifactKey: Guid(bdbee3b024aab9e4ca321d555f02815e) Importer(2089858483,192608db42251d675da83286b1cce702)
Start importing Assets/Toon Deserted Temples/Prefabs/Water Props/TFD_Waterfall_01A_Middle.prefab using Guid(bdbee3b024aab9e4ca321d555f02815e) Importer(2089858483,192608db42251d675da83286b1cce702) (ScriptedImporter) -> (artifact id: 'b7d16a76246b5d7e9b70c1f937371bb3') in 0.0836822 seconds
Number of updated asset objects reloaded before import = 0Number of asset objects unloaded after import = 9

========================================================================
Received Import Request.
  Time since last request: 0.000042 seconds.
  path: Assets/Toon Deserted Temples/Animations/TFD_Trap_03A.anim
  artifactKey: Guid(dc691cbc384696548856fa99365368bf) Importer(2089858483,192608db42251d675da83286b1cce702)
Start importing Assets/Toon Deserted Temples/Animations/TFD_Trap_03A.anim using Guid(dc691cbc384696548856fa99365368bf) Importer(2089858483,192608db42251d675da83286b1cce702) (ScriptedImporter) -> (artifact id: 'c5bc9204d6f8044c23dc5e2a73aaa129') in 0.034525 seconds
Number of updated asset objects reloaded before import = 0Number of asset objects unloaded after import = 1

========================================================================
Received Import Request.
  Time since last request: 0.000504 seconds.
  path: Assets/Toon Deserted Temples/Models/TFD_Flowers_Patch_01C.fbx
  artifactKey: Guid(4bef88ed622188440a14f0d4a3a0393f) Importer(2089858483,192608db42251d675da83286b1cce702)
Start importing Assets/Toon Deserted Temples/Models/TFD_Flowers_Patch_01C.fbx using Guid(4bef88ed622188440a14f0d4a3a0393f) Importer(2089858483,192608db42251d675da83286b1cce702) (ScriptedImporter) -> (artifact id: 'b3f4d5e2216acccef340083ca49f4b67') in 0.0632944 seconds
Number of updated asset objects reloaded before import = 0Number of asset objects unloaded after import = 20

========================================================================
Received Import Request.
  Time since last request: 0.000028 seconds.
  path: Assets/Toon Deserted Temples/Models/TFD_Rope_03A.fbx
  artifactKey: Guid(2aed124e5a79680429493949bb7e8d3e) Importer(2089858483,192608db42251d675da83286b1cce702)
Start importing Assets/Toon Deserted Temples/Models/TFD_Rope_03A.fbx using Guid(2aed124e5a79680429493949bb7e8d3e) Importer(2089858483,192608db42251d675da83286b1cce702) (ScriptedImporter) -> (artifact id: 'dc0757aaf0e8e6566ff5f027df24ba27') in 0.0559205 seconds
Number of updated asset objects reloaded before import = 0Number of asset objects unloaded after import = 10

========================================================================
Received Import Request.
  Time since last request: 0.000032 seconds.
  path: Assets/Toon Deserted Temples/Prefabs/Buildings/Building Kit/TFD_Manhole_Pipe_01A.prefab
  artifactKey: Guid(80cd1079ba088ac4a83ba8f268929f65) Importer(2089858483,192608db42251d675da83286b1cce702)
Start importing Assets/Toon Deserted Temples/Prefabs/Buildings/Building Kit/TFD_Manhole_Pipe_01A.prefab using Guid(80cd1079ba088ac4a83ba8f268929f65) Importer(2089858483,192608db42251d675da83286b1cce702) (ScriptedImporter) -> (artifact id: 'acdd89109edd42d5eec30f38c0059913') in 0.1435848 seconds
Number of updated asset objects reloaded before import = 0Number of asset objects unloaded after import = 9

========================================================================
Received Import Request.
  Time since last request: 0.000049 seconds.
  path: Assets/Toon Deserted Temples/Models/Materials/TFD_Water_Ripples_01.mat
  artifactKey: Guid(c12bfdfff87315845a9454c06fde4530) Importer(2089858483,192608db42251d675da83286b1cce702)
Start importing Assets/Toon Deserted Temples/Models/Materials/TFD_Water_Ripples_01.mat using Guid(c12bfdfff87315845a9454c06fde4530) Importer(2089858483,192608db42251d675da83286b1cce702) (ScriptedImporter) -> (artifact id: 'b72c6e5f848653ee423dcca353c8f4d5') in 0.2125458 seconds
Number of updated asset objects reloaded before import = 0Number of asset objects unloaded after import = 3

========================================================================
Received Import Request.
  Time since last request: 0.000262 seconds.
  path: Assets/Toon Deserted Temples/Animations/TFD_Floor_Trap_01A 2.controller
  artifactKey: Guid(ea8a549235992b8489e9dbdd0d637bb1) Importer(2089858483,192608db42251d675da83286b1cce702)
Start importing Assets/Toon Deserted Temples/Animations/TFD_Floor_Trap_01A 2.controller using Guid(ea8a549235992b8489e9dbdd0d637bb1) Importer(2089858483,192608db42251d675da83286b1cce702) (ScriptedImporter) -> (artifact id: '5baac8c6cd2406b9946936bdf3b9b3cf') in 0.0808996 seconds
Number of updated asset objects reloaded before import = 0Number of asset objects unloaded after import = 4

========================================================================
Received Import Request.
  Time since last request: 0.000049 seconds.
  path: Assets/Toon Deserted Temples/Models/TFD_Rope_05A.fbx
  artifactKey: Guid(b9766bc13ae0d314eaceca6340b2803f) Importer(2089858483,192608db42251d675da83286b1cce702)
Start importing Assets/Toon Deserted Temples/Models/TFD_Rope_05A.fbx using Guid(b9766bc13ae0d314eaceca6340b2803f) Importer(2089858483,192608db42251d675da83286b1cce702) (ScriptedImporter) -> (artifact id: 'c91404d3c77af8f2200a9dbc44a208a0') in 0.0776743 seconds
Number of updated asset objects reloaded before import = 0Number of asset objects unloaded after import = 10

========================================================================
Received Import Request.
  Time since last request: 0.000038 seconds.
  path: Assets/Toon Deserted Temples/Particles/Textures/TFD_Noise_06A.psd
  artifactKey: Guid(4dae9bb34f4f78e4bb5ac29dec73f2de) Importer(2089858483,192608db42251d675da83286b1cce702)
Start importing Assets/Toon Deserted Temples/Particles/Textures/TFD_Noise_06A.psd using Guid(4dae9bb34f4f78e4bb5ac29dec73f2de) Importer(2089858483,192608db42251d675da83286b1cce702) (ScriptedImporter) -> (artifact id: '1b46c6bd68819018ce15bd011cf1c954') in 0.062605 seconds
Number of updated asset objects reloaded before import = 0Number of asset objects unloaded after import = 1

========================================================================
Received Import Request.
  Time since last request: 0.000027 seconds.
  path: Assets/Toon Deserted Temples/Models/TFD_Column_01A_Module_24.fbx
  artifactKey: Guid(33fe2a5285c5cb04894839a419b88481) Importer(2089858483,192608db42251d675da83286b1cce702)
Start importing Assets/Toon Deserted Temples/Models/TFD_Column_01A_Module_24.fbx using Guid(33fe2a5285c5cb04894839a419b88481) Importer(2089858483,192608db42251d675da83286b1cce702) (ScriptedImporter) -> (artifact id: '388bf100c7ee0e806d93b39bc646813c') in 0.046897 seconds
Number of updated asset objects reloaded before import = 0Number of asset objects unloaded after import = 20

========================================================================
Received Import Request.
  Time since last request: 0.000036 seconds.
  path: Assets/Toon Deserted Temples/Prefabs/Props/TFD_Wooden_Pillar_01A.prefab
  artifactKey: Guid(5f68747361c7fef45aa07590a3958b75) Importer(2089858483,192608db42251d675da83286b1cce702)
Start importing Assets/Toon Deserted Temples/Prefabs/Props/TFD_Wooden_Pillar_01A.prefab using Guid(5f68747361c7fef45aa07590a3958b75) Importer(2089858483,192608db42251d675da83286b1cce702) (ScriptedImporter) -> (artifact id: 'fbb570a239250433a4d301b57dd0e45e') in 0.0524003 seconds
Number of updated asset objects reloaded before import = 0Number of asset objects unloaded after import = 21

========================================================================
Received Import Request.
  Time since last request: 0.000033 seconds.
  path: Assets/Toon Deserted Temples/Prefabs/Buildings/Building Kit/TFD_Wall_Plinth_01A.prefab
  artifactKey: Guid(95aa1fb1bbe8ef94198669d271ff44da) Importer(2089858483,192608db42251d675da83286b1cce702)
Start importing Assets/Toon Deserted Temples/Prefabs/Buildings/Building Kit/TFD_Wall_Plinth_01A.prefab using Guid(95aa1fb1bbe8ef94198669d271ff44da) Importer(2089858483,192608db42251d675da83286b1cce702) (ScriptedImporter) -> (artifact id: '33dc53d7447ea83474319b34a8674761') in 0.0829274 seconds
Number of updated asset objects reloaded before import = 0Number of asset objects unloaded after import = 23

========================================================================
Received Import Request.
  Time since last request: 0.000041 seconds.
  path: Assets/Toon Deserted Temples/Models/TFD_Rock_Small_05A.fbx
  artifactKey: Guid(939a8c6e7406eb448b8ca3b925cf9474) Importer(2089858483,192608db42251d675da83286b1cce702)
Start importing Assets/Toon Deserted Temples/Models/TFD_Rock_Small_05A.fbx using Guid(939a8c6e7406eb448b8ca3b925cf9474) Importer(2089858483,192608db42251d675da83286b1cce702) (ScriptedImporter) -> (artifact id: '22fac62ba878c666ea0814cb6b5673f6') in 0.0597644 seconds
Number of updated asset objects reloaded before import = 0Number of asset objects unloaded after import = 30

========================================================================
Received Import Request.
  Time since last request: 0.000046 seconds.
  path: Assets/Toon Deserted Temples/Prefabs/Vegetation/Plants/TFD_Vine_Dry_01A.prefab
  artifactKey: Guid(7d2dd50a2097a81438214bee190da5ce) Importer(2089858483,192608db42251d675da83286b1cce702)
Start importing Assets/Toon Deserted Temples/Prefabs/Vegetation/Plants/TFD_Vine_Dry_01A.prefab using Guid(7d2dd50a2097a81438214bee190da5ce) Importer(2089858483,192608db42251d675da83286b1cce702) (ScriptedImporter) -> (artifact id: 'fd9c23653bd9b9f5fe01817c894c5fdb') in 0.0548351 seconds
Number of updated asset objects reloaded before import = 0Number of asset objects unloaded after import = 23

========================================================================
Received Import Request.
  Time since last request: 0.000028 seconds.
  path: Assets/Toon Deserted Temples/Models/TFD_Wheel_01A.fbx
  artifactKey: Guid(03cff626f0edccb41b7d4615be6c84fe) Importer(2089858483,192608db42251d675da83286b1cce702)
Start importing Assets/Toon Deserted Temples/Models/TFD_Wheel_01A.fbx using Guid(03cff626f0edccb41b7d4615be6c84fe) Importer(2089858483,192608db42251d675da83286b1cce702) (ScriptedImporter) -> (artifact id: '3b7251465cf4bcb895bda6541c346234') in 0.0373404 seconds
Number of updated asset objects reloaded before import = 0Number of asset objects unloaded after import = 25

========================================================================
Received Import Request.
  Time since last request: 0.000029 seconds.
  path: Assets/Toon Deserted Temples/Models/TFD_Rune_01A.fbx
  artifactKey: Guid(40169fc0e6373f042b445f6368d42a42) Importer(2089858483,192608db42251d675da83286b1cce702)
Start importing Assets/Toon Deserted Temples/Models/TFD_Rune_01A.fbx using Guid(40169fc0e6373f042b445f6368d42a42) Importer(2089858483,192608db42251d675da83286b1cce702) (ScriptedImporter) -> (artifact id: '899c300f51f0e0a90599f508dcfd8dfb') in 0.0931159 seconds
Number of updated asset objects reloaded before import = 0Number of asset objects unloaded after import = 27

========================================================================
Received Import Request.
  Time since last request: 0.000067 seconds.
  path: Assets/Toon Deserted Temples/Models/TFD_Wooden_Pillar_06A.fbx
  artifactKey: Guid(2c63cb3e18f0ead4fb47a3ab6cec6075) Importer(2089858483,192608db42251d675da83286b1cce702)
Start importing Assets/Toon Deserted Temples/Models/TFD_Wooden_Pillar_06A.fbx using Guid(2c63cb3e18f0ead4fb47a3ab6cec6075) Importer(2089858483,192608db42251d675da83286b1cce702) (ScriptedImporter) -> (artifact id: '7b89549719cbcce3230ef805d0762948') in 0.0652851 seconds
Number of updated asset objects reloaded before import = 0Number of asset objects unloaded after import = 20

========================================================================
Received Import Request.
  Time since last request: 0.000039 seconds.
  path: Assets/Toon Deserted Temples/Prefabs/Candles/TFD_Candles_Edge_01B.prefab
  artifactKey: Guid(cbc774f26d074704aae788fdfa9dadfc) Importer(2089858483,192608db42251d675da83286b1cce702)
Start importing Assets/Toon Deserted Temples/Prefabs/Candles/TFD_Candles_Edge_01B.prefab using Guid(cbc774f26d074704aae788fdfa9dadfc) Importer(2089858483,192608db42251d675da83286b1cce702) (ScriptedImporter) -> (artifact id: '64af580a301966229228e218848fc765') in 0.1296751 seconds
Number of updated asset objects reloaded before import = 0Number of asset objects unloaded after import = 179

========================================================================
Received Import Request.
  Time since last request: 0.000044 seconds.
  path: Assets/Toon Deserted Temples/Animations/TFD_Candle_08A_Idle1.anim
  artifactKey: Guid(5a9d4c48def12fd4a9736113d3d27c7b) Importer(2089858483,192608db42251d675da83286b1cce702)
Start importing Assets/Toon Deserted Temples/Animations/TFD_Candle_08A_Idle1.anim using Guid(5a9d4c48def12fd4a9736113d3d27c7b) Importer(2089858483,192608db42251d675da83286b1cce702) (ScriptedImporter) -> (artifact id: '23b9566fb16b6a3de6406fc7b8ee0f4f') in 0.0375839 seconds
Number of updated asset objects reloaded before import = 0Number of asset objects unloaded after import = 1

========================================================================
Received Import Request.
  Time since last request: 0.000058 seconds.
  path: Assets/Toon Deserted Temples/Models/TFD_Canyon_Cliff_01B.fbx
  artifactKey: Guid(1cd26a0df65b08b4aa60eaa78f7a0f58) Importer(2089858483,192608db42251d675da83286b1cce702)
Start importing Assets/Toon Deserted Temples/Models/TFD_Canyon_Cliff_01B.fbx using Guid(1cd26a0df65b08b4aa60eaa78f7a0f58) Importer(2089858483,192608db42251d675da83286b1cce702) (ScriptedImporter) -> (artifact id: 'fd937bd1f74f52299f1710b07cf4271c') in 0.1184171 seconds
Number of updated asset objects reloaded before import = 0Number of asset objects unloaded after import = 35

========================================================================
Received Import Request.
  Time since last request: 0.000055 seconds.
  path: Assets/Toon Deserted Temples/Prefabs/Candles/TFD_Wax_03C.prefab
  artifactKey: Guid(92c1403ec0a80ca498750217fde6b559) Importer(2089858483,192608db42251d675da83286b1cce702)
Start importing Assets/Toon Deserted Temples/Prefabs/Candles/TFD_Wax_03C.prefab using Guid(92c1403ec0a80ca498750217fde6b559) Importer(2089858483,192608db42251d675da83286b1cce702) (ScriptedImporter) -> (artifact id: '3becd6917ab37bbc2d1b69d0dac8de3d') in 0.0646075 seconds
Number of updated asset objects reloaded before import = 0Number of asset objects unloaded after import = 15

========================================================================
Received Import Request.
  Time since last request: 0.000115 seconds.
  path: Assets/Toon Deserted Temples/Prefabs/Candles/TFD_Wax_Drip_05A.prefab
  artifactKey: Guid(322c0bae71b67c4478e860235de63f67) Importer(2089858483,192608db42251d675da83286b1cce702)
Start importing Assets/Toon Deserted Temples/Prefabs/Candles/TFD_Wax_Drip_05A.prefab using Guid(322c0bae71b67c4478e860235de63f67) Importer(2089858483,192608db42251d675da83286b1cce702) (ScriptedImporter) -> (artifact id: '382a3643b8a463de7d5c24c6c1bd88bb') in 0.1049317 seconds
Number of updated asset objects reloaded before import = 0Number of asset objects unloaded after import = 20

========================================================================
Received Import Request.
  Time since last request: 0.004191 seconds.
  path: Assets/Toon Deserted Temples/Prefabs/Buildings/Building Presets/TFD_Ruins_Preset_03.prefab
  artifactKey: Guid(f2bb332c9ba97a6438f38dce3dc5579e) Importer(2089858483,192608db42251d675da83286b1cce702)
Start importing Assets/Toon Deserted Temples/Prefabs/Buildings/Building Presets/TFD_Ruins_Preset_03.prefab using Guid(f2bb332c9ba97a6438f38dce3dc5579e) Importer(2089858483,192608db42251d675da83286b1cce702) (ScriptedImporter) -> (artifact id: '0471f60922f3d6edf8a5865ce99428d0') in 0.4833246 seconds
Number of updated asset objects reloaded before import = 0Number of asset objects unloaded after import = 1192

========================================================================
Received Import Request.
  Time since last request: 0.000079 seconds.
  path: Assets/Toon Deserted Temples/Prefabs/Rocks/TFD_Canyon_Cliff_03A.prefab
  artifactKey: Guid(3913f7a06d393824e88123701dc02ac0) Importer(2089858483,192608db42251d675da83286b1cce702)
Start importing Assets/Toon Deserted Temples/Prefabs/Rocks/TFD_Canyon_Cliff_03A.prefab using Guid(3913f7a06d393824e88123701dc02ac0) Importer(2089858483,192608db42251d675da83286b1cce702) (ScriptedImporter) -> (artifact id: 'a8c9e519b944e3e602e43b8e8ab1b494') in 0.0985507 seconds
Number of updated asset objects reloaded before import = 0Number of asset objects unloaded after import = 28

========================================================================
Received Import Request.
  Time since last request: 0.000030 seconds.
  path: Assets/Toon Deserted Temples/Prefabs/Candles/TFD_Candles_Cluster_01B.prefab
  artifactKey: Guid(f34d2180389d44b4d9cf940f5350d201) Importer(2089858483,192608db42251d675da83286b1cce702)
Start importing Assets/Toon Deserted Temples/Prefabs/Candles/TFD_Candles_Cluster_01B.prefab using Guid(f34d2180389d44b4d9cf940f5350d201) Importer(2089858483,192608db42251d675da83286b1cce702) (ScriptedImporter) -> (artifact id: '704ca16a5f7a603658651dc1b7ea656c') in 0.1026079 seconds
Number of updated asset objects reloaded before import = 0Number of asset objects unloaded after import = 154

========================================================================
Received Import Request.
  Time since last request: 0.000057 seconds.
  path: Assets/Toon Deserted Temples/Prefabs/Vegetation/Plants/TFD_Grass_Patch_04A.prefab
  artifactKey: Guid(80925bf8e03f99f4ca70dde8eeae9315) Importer(2089858483,192608db42251d675da83286b1cce702)
Start importing Assets/Toon Deserted Temples/Prefabs/Vegetation/Plants/TFD_Grass_Patch_04A.prefab using Guid(80925bf8e03f99f4ca70dde8eeae9315) Importer(2089858483,192608db42251d675da83286b1cce702) (ScriptedImporter) -> (artifact id: '9ef4604d0f6bf6507e456ad81f69eee1') in 0.0917024 seconds
Number of updated asset objects reloaded before import = 0Number of asset objects unloaded after import = 15

========================================================================
Received Import Request.
  Time since last request: 0.000094 seconds.
  path: Assets/Toon Deserted Temples/Prefabs/Props/TFD_Wooden_Pillar_05A.prefab
  artifactKey: Guid(9c3abead957410c45abb0ba01e09357f) Importer(2089858483,192608db42251d675da83286b1cce702)
Start importing Assets/Toon Deserted Temples/Prefabs/Props/TFD_Wooden_Pillar_05A.prefab using Guid(9c3abead957410c45abb0ba01e09357f) Importer(2089858483,192608db42251d675da83286b1cce702) (ScriptedImporter) -> (artifact id: 'c41b19c7275c9333837c6155006e965c') in 0.1074516 seconds
Number of updated asset objects reloaded before import = 0Number of asset objects unloaded after import = 23

========================================================================
Received Import Request.
  Time since last request: 0.000051 seconds.
  path: Assets/Toon Deserted Temples/Terrain/Terrain Textures/TFD_Terrain_Sand_02_N.png
  artifactKey: Guid(a7855823b578e19408fc05b78195d5ce) Importer(2089858483,192608db42251d675da83286b1cce702)
Start importing Assets/Toon Deserted Temples/Terrain/Terrain Textures/TFD_Terrain_Sand_02_N.png using Guid(a7855823b578e19408fc05b78195d5ce) Importer(2089858483,192608db42251d675da83286b1cce702) (ScriptedImporter) -> (artifact id: '448d6a031a535a0cf147379daf02e055') in 0.1067493 seconds
Number of updated asset objects reloaded before import = 0Number of asset objects unloaded after import = 1

========================================================================
Received Import Request.
  Time since last request: 0.000069 seconds.
  path: Assets/Toon Deserted Temples/Models/TFD_Cup_02B.fbx
  artifactKey: Guid(e79f9fbab8fd24a438ab6890541e7ac6) Importer(2089858483,192608db42251d675da83286b1cce702)
Start importing Assets/Toon Deserted Temples/Models/TFD_Cup_02B.fbx using Guid(e79f9fbab8fd24a438ab6890541e7ac6) Importer(2089858483,192608db42251d675da83286b1cce702) (ScriptedImporter) -> (artifact id: '5fc0682d99ea1435ab87343dd073e425') in 0.0594903 seconds
Number of updated asset objects reloaded before import = 0Number of asset objects unloaded after import = 8

========================================================================
Received Import Request.
  Time since last request: 0.000036 seconds.
  path: Assets/Toon Deserted Temples/Animations/TFD_Candle_02A_Idle1.anim
  artifactKey: Guid(fc21dcf5e70fe67498cd36f34edcb17b) Importer(2089858483,192608db42251d675da83286b1cce702)
Start importing Assets/Toon Deserted Temples/Animations/TFD_Candle_02A_Idle1.anim using Guid(fc21dcf5e70fe67498cd36f34edcb17b) Importer(2089858483,192608db42251d675da83286b1cce702) (ScriptedImporter) -> (artifact id: 'fc54136cc4067c08ac435478488baba6') in 0.0786219 seconds
Number of updated asset objects reloaded before import = 0Number of asset objects unloaded after import = 1

========================================================================
Received Import Request.
  Time since last request: 0.000041 seconds.
  path: Assets/Toon Deserted Temples/Animations/TFD_Candle_01B_Idle3.anim
  artifactKey: Guid(1ff88ec2a3fac394fbc886e3e879364a) Importer(2089858483,192608db42251d675da83286b1cce702)
Start importing Assets/Toon Deserted Temples/Animations/TFD_Candle_01B_Idle3.anim using Guid(1ff88ec2a3fac394fbc886e3e879364a) Importer(2089858483,192608db42251d675da83286b1cce702) (ScriptedImporter) -> (artifact id: '0d30ccb172c4040a99c7016b70999c30') in 0.0435723 seconds
Number of updated asset objects reloaded before import = 0Number of asset objects unloaded after import = 1

========================================================================
Received Import Request.
  Time since last request: 0.000051 seconds.
  path: Assets/Toon Deserted Temples/Models/TFD_Wall_Block_03A.fbx
  artifactKey: Guid(92918939d0e206940b3288d003d1e817) Importer(2089858483,192608db42251d675da83286b1cce702)
Start importing Assets/Toon Deserted Temples/Models/TFD_Wall_Block_03A.fbx using Guid(92918939d0e206940b3288d003d1e817) Importer(2089858483,192608db42251d675da83286b1cce702) (ScriptedImporter) -> (artifact id: '7c6ffde62b58d431c99a14888550c08a') in 0.0730868 seconds
Number of updated asset objects reloaded before import = 0Number of asset objects unloaded after import = 30

========================================================================
Received Import Request.
  Time since last request: 0.000043 seconds.
  path: Assets/MaximeBrunoni/CountryHouse/Art/Textures/CountryHouse/country_house_01_bottom_AlbedoTransparency.png
  artifactKey: Guid(8378c96a1631b774eab116b2b2bc2fcf) Importer(2089858483,192608db42251d675da83286b1cce702)
Start importing Assets/MaximeBrunoni/CountryHouse/Art/Textures/CountryHouse/country_house_01_bottom_AlbedoTransparency.png using Guid(8378c96a1631b774eab116b2b2bc2fcf) Importer(2089858483,192608db42251d675da83286b1cce702) (ScriptedImporter) -> (artifact id: '8340b16990f71d7462fea92792965cad') in 0.3354646 seconds
Number of updated asset objects reloaded before import = 0Number of asset objects unloaded after import = 1

========================================================================
Received Import Request.
  Time since last request: 0.000051 seconds.
  path: Assets/MaximeBrunoni/CountryHouse/Documentation/documentation_CountryHouse.pdf
  artifactKey: Guid(a1fe06fbcdb2af1449606db6e3c4c22d) Importer(2089858483,192608db42251d675da83286b1cce702)
Start importing Assets/MaximeBrunoni/CountryHouse/Documentation/documentation_CountryHouse.pdf using Guid(a1fe06fbcdb2af1449606db6e3c4c22d) Importer(2089858483,192608db42251d675da83286b1cce702) (ScriptedImporter) -> (artifact id: '55baa546aa0318878f4a523991099ab6') in 0.0585264 seconds
Number of updated asset objects reloaded before import = 0Number of asset objects unloaded after import = 1

========================================================================
Received Import Request.
  Time since last request: 0.000077 seconds.
  path: Assets/MaximeBrunoni/CountryHouse/Art/Textures/CountryHouse/country_house_01_door_Normal.png
  artifactKey: Guid(2cbb0fbb59ea0a540a1b0f7c9914c5db) Importer(2089858483,192608db42251d675da83286b1cce702)
Start importing Assets/MaximeBrunoni/CountryHouse/Art/Textures/CountryHouse/country_house_01_door_Normal.png using Guid(2cbb0fbb59ea0a540a1b0f7c9914c5db) Importer(2089858483,192608db42251d675da83286b1cce702) (ScriptedImporter) -> (artifact id: '33bf160f4c839921d660697309871657') in 0.1244358 seconds
Number of updated asset objects reloaded before import = 0Number of asset objects unloaded after import = 1

========================================================================
Received Import Request.
  Time since last request: 0.000086 seconds.
  path: Assets/MaximeBrunoni/CountryHouse/Demo/Scene/DemoScene_CountryHouse.unity
  artifactKey: Guid(26e27bdf523f9024bb0983fff8d8214c) Importer(2089858483,192608db42251d675da83286b1cce702)
Start importing Assets/MaximeBrunoni/CountryHouse/Demo/Scene/DemoScene_CountryHouse.unity using Guid(26e27bdf523f9024bb0983fff8d8214c) Importer(2089858483,192608db42251d675da83286b1cce702) (ScriptedImporter) -> (artifact id: 'c9c1b3f8a7e17cc0768d52518e357f50') in 0.0761628 seconds
Number of updated asset objects reloaded before import = 0Number of asset objects unloaded after import = 1

========================================================================
Received Import Request.
  Time since last request: 0.000065 seconds.
  path: Assets/MaximeBrunoni/CountryHouse/Art/Textures/CountryHouse/country_house_01_top_AlbedoTransparency.png
  artifactKey: Guid(c36c571f340a0af498578a187b2f5296) Importer(2089858483,192608db42251d675da83286b1cce702)
Start importing Assets/MaximeBrunoni/CountryHouse/Art/Textures/CountryHouse/country_house_01_top_AlbedoTransparency.png using Guid(c36c571f340a0af498578a187b2f5296) Importer(2089858483,192608db42251d675da83286b1cce702) (ScriptedImporter) -> (artifact id: '7803a8aca4d17384f82dd95c74816523') in 0.1209614 seconds
Number of updated asset objects reloaded before import = 0Number of asset objects unloaded after import = 1

========================================================================
Received Import Request.
  Time since last request: 0.000040 seconds.
  path: Assets/Matthew Guz/Status Effects and Auras FREE/Prefab/Aura Burn.prefab
  artifactKey: Guid(5357b7f40e1451744886942913efe75f) Importer(2089858483,192608db42251d675da83286b1cce702)
Start importing Assets/Matthew Guz/Status Effects and Auras FREE/Prefab/Aura Burn.prefab using Guid(5357b7f40e1451744886942913efe75f) Importer(2089858483,192608db42251d675da83286b1cce702) (ScriptedImporter) -> (artifact id: '77c00a60f7ff29213ae772f6493bda5a') in 0.2263617 seconds
Number of updated asset objects reloaded before import = 0Number of asset objects unloaded after import = 15

========================================================================
Received Import Request.
  Time since last request: 0.000050 seconds.
  path: Assets/MaximeBrunoni/CountryHouse/Art
  artifactKey: Guid(2e53d38e9439d6143afd0d8b4ea8be19) Importer(2089858483,192608db42251d675da83286b1cce702)
Start importing Assets/MaximeBrunoni/CountryHouse/Art using Guid(2e53d38e9439d6143afd0d8b4ea8be19) Importer(2089858483,192608db42251d675da83286b1cce702) (ScriptedImporter) -> (artifact id: 'fd96b5016aeacb418541c9522db0347b') in 0.0368997 seconds
Number of updated asset objects reloaded before import = 0Number of asset objects unloaded after import = 1

========================================================================
Received Import Request.
  Time since last request: 0.000039 seconds.
  path: Assets/MaximeBrunoni/CountryHouse/Art/Textures/Logo/logo_01.png
  artifactKey: Guid(83bef64a4fcc3914ebb507868f7bdcec) Importer(2089858483,192608db42251d675da83286b1cce702)
Start importing Assets/MaximeBrunoni/CountryHouse/Art/Textures/Logo/logo_01.png using Guid(83bef64a4fcc3914ebb507868f7bdcec) Importer(2089858483,192608db42251d675da83286b1cce702) (ScriptedImporter) -> (artifact id: '82ae17f914582bc1007ba29c40b2306a') in 0.3362842 seconds
Number of updated asset objects reloaded before import = 0Number of asset objects unloaded after import = 1

========================================================================
Received Import Request.
  Time since last request: 0.000072 seconds.
  path: Assets/Matthew Guz/Status Effects and Auras FREE/Materials/Stun/Flash.mat
  artifactKey: Guid(5feeca24152b828409a8d41c5f52ccab) Importer(2089858483,192608db42251d675da83286b1cce702)
Start importing Assets/Matthew Guz/Status Effects and Auras FREE/Materials/Stun/Flash.mat using Guid(5feeca24152b828409a8d41c5f52ccab) Importer(2089858483,192608db42251d675da83286b1cce702) (ScriptedImporter) -> (artifact id: '47de5f13fb998582bfbd970b35f513a4') in 0.393832 seconds
Number of updated asset objects reloaded before import = 0Number of asset objects unloaded after import = 2

========================================================================
Received Import Request.
  Time since last request: 0.000103 seconds.
  path: Assets/Matthew Guz/Status Effects and Auras FREE/Textures/3-Trail_ 1.tiff
  artifactKey: Guid(f316856648304c04894a3e47462902be) Importer(2089858483,192608db42251d675da83286b1cce702)
Start importing Assets/Matthew Guz/Status Effects and Auras FREE/Textures/3-Trail_ 1.tiff using Guid(f316856648304c04894a3e47462902be) Importer(2089858483,192608db42251d675da83286b1cce702) (ScriptedImporter) -> (artifact id: '13bfde7f0ce43b72c4d5b36f9ca72932') in 0.1374607 seconds
Number of updated asset objects reloaded before import = 0Number of asset objects unloaded after import = 1

========================================================================
Received Import Request.
  Time since last request: 0.000043 seconds.
  path: Assets/MaximeBrunoni/CountryHouse/Art/Meshes/Pedestal.fbx
  artifactKey: Guid(7aa7bddd099c45a4396959572fdf65da) Importer(2089858483,192608db42251d675da83286b1cce702)
Start importing Assets/MaximeBrunoni/CountryHouse/Art/Meshes/Pedestal.fbx using Guid(7aa7bddd099c45a4396959572fdf65da) Importer(2089858483,192608db42251d675da83286b1cce702) (ScriptedImporter) -> (artifact id: '211627c8d34e90f8c408d695474b6eac') in 0.0822433 seconds
Number of updated asset objects reloaded before import = 0Number of asset objects unloaded after import = 8

========================================================================
Received Import Request.
  Time since last request: 0.000049 seconds.
  path: Assets/MaximeBrunoni/CountryHouse/Art/Textures/Pedestal/pedestal_Metalness.png
  artifactKey: Guid(57c242e398bd1264182af0290000a39c) Importer(2089858483,192608db42251d675da83286b1cce702)
Start importing Assets/MaximeBrunoni/CountryHouse/Art/Textures/Pedestal/pedestal_Metalness.png using Guid(57c242e398bd1264182af0290000a39c) Importer(2089858483,192608db42251d675da83286b1cce702) (ScriptedImporter) -> (artifact id: '2fdaea3667e6ad54f9db34a6bac20d11') in 0.0795451 seconds
Number of updated asset objects reloaded before import = 0Number of asset objects unloaded after import = 1

========================================================================
Received Import Request.
  Time since last request: 0.000068 seconds.
  path: Assets/Toon Deserted Temples/Models/TFD_Chest_02A.fbx
  artifactKey: Guid(0b416409697828240bba3ca8b8198ac5) Importer(2089858483,192608db42251d675da83286b1cce702)
Start importing Assets/Toon Deserted Temples/Models/TFD_Chest_02A.fbx using Guid(0b416409697828240bba3ca8b8198ac5) Importer(2089858483,192608db42251d675da83286b1cce702) (ScriptedImporter) -> (artifact id: '7bff518ad48c9b26de168dd8ac693c95') in 0.0876088 seconds
Number of updated asset objects reloaded before import = 0Number of asset objects unloaded after import = 39

========================================================================
Received Import Request.
  Time since last request: 0.000061 seconds.
  path: Assets/Toon Deserted Temples/Prefabs/Buildings/Building Kit/TFD_Corbelled_Roof_01A.prefab
  artifactKey: Guid(aa2d705aa4076d846b55e2ec70c4a4ec) Importer(2089858483,192608db42251d675da83286b1cce702)
Start importing Assets/Toon Deserted Temples/Prefabs/Buildings/Building Kit/TFD_Corbelled_Roof_01A.prefab using Guid(aa2d705aa4076d846b55e2ec70c4a4ec) Importer(2089858483,192608db42251d675da83286b1cce702) (ScriptedImporter) -> (artifact id: '9e1c1b0a079bf60734ff935ae9554aae') in 0.0902757 seconds
Number of updated asset objects reloaded before import = 0Number of asset objects unloaded after import = 28

========================================================================
Received Import Request.
  Time since last request: 0.000127 seconds.
  path: Assets/Toon Deserted Temples/Animations/TFD_Candle_09B_Idle2.anim
  artifactKey: Guid(b88505cbd6e943c44b9b13b3585800c7) Importer(2089858483,192608db42251d675da83286b1cce702)
Start importing Assets/Toon Deserted Temples/Animations/TFD_Candle_09B_Idle2.anim using Guid(b88505cbd6e943c44b9b13b3585800c7) Importer(2089858483,192608db42251d675da83286b1cce702) (ScriptedImporter) -> (artifact id: '8ca4723e135c1736c1fb67c1c647acfa') in 0.0441357 seconds
Number of updated asset objects reloaded before import = 0Number of asset objects unloaded after import = 1

========================================================================
Received Import Request.
  Time since last request: 0.000039 seconds.
  path: Assets/Toon Deserted Temples/Models/TFD_Tree_03A_Dry.fbx
  artifactKey: Guid(cd7ec0a16257a3545a3f170e5999cac3) Importer(2089858483,192608db42251d675da83286b1cce702)
Start importing Assets/Toon Deserted Temples/Models/TFD_Tree_03A_Dry.fbx using Guid(cd7ec0a16257a3545a3f170e5999cac3) Importer(2089858483,192608db42251d675da83286b1cce702) (ScriptedImporter) -> (artifact id: '76c7cd04254b1c1342a4bd5c9352ff22') in 0.0665804 seconds
Number of updated asset objects reloaded before import = 0Number of asset objects unloaded after import = 25

========================================================================
Received Import Request.
  Time since last request: 0.000044 seconds.
  path: Assets/Matthew Guz/Status Effects and Auras FREE/Scene Demo/Scene Demo Auras_Profiles
  artifactKey: Guid(6bb182ab9f2cb4a439472225a89cb469) Importer(2089858483,192608db42251d675da83286b1cce702)
Start importing Assets/Matthew Guz/Status Effects and Auras FREE/Scene Demo/Scene Demo Auras_Profiles using Guid(6bb182ab9f2cb4a439472225a89cb469) Importer(2089858483,192608db42251d675da83286b1cce702) (ScriptedImporter) -> (artifact id: 'e967477160081ac71c64dcc93e8153ed') in 0.0247393 seconds
Number of updated asset objects reloaded before import = 0Number of asset objects unloaded after import = 1

========================================================================
Received Import Request.
  Time since last request: 0.000054 seconds.
  path: Assets/Matthew Guz/Slash Effects FREE/Textures/5-Particle 2.png
  artifactKey: Guid(0b463eefb35d0e04e9de9771a7350521) Importer(2089858483,192608db42251d675da83286b1cce702)
Start importing Assets/Matthew Guz/Slash Effects FREE/Textures/5-Particle 2.png using Guid(0b463eefb35d0e04e9de9771a7350521) Importer(2089858483,192608db42251d675da83286b1cce702) (ScriptedImporter) -> (artifact id: '1a3253c63522129b54f3d6e7caf79c84') in 0.2712873 seconds
Number of updated asset objects reloaded before import = 0Number of asset objects unloaded after import = 1

========================================================================
Received Import Request.
  Time since last request: 0.000048 seconds.
  path: Assets/Matthew Guz/Status Effects and Auras FREE/Materials/Aura Lightning/Sparks.mat
  artifactKey: Guid(51bcc66afdb76574fb49707eb56b5242) Importer(2089858483,192608db42251d675da83286b1cce702)
Start importing Assets/Matthew Guz/Status Effects and Auras FREE/Materials/Aura Lightning/Sparks.mat using Guid(51bcc66afdb76574fb49707eb56b5242) Importer(2089858483,192608db42251d675da83286b1cce702) (ScriptedImporter) -> (artifact id: 'ad32ffe7e2dfd7036d5fbf83beccdf62') in 0.0540316 seconds
Number of updated asset objects reloaded before import = 0Number of asset objects unloaded after import = 2

========================================================================
Received Import Request.
  Time since last request: 0.000058 seconds.
  path: Assets/Matthew Guz/Slash Effects FREE/Materials/Double Slash/Double Slash.mat
  artifactKey: Guid(06ebc971edbea784a8f81f01714769c0) Importer(2089858483,192608db42251d675da83286b1cce702)
Start importing Assets/Matthew Guz/Slash Effects FREE/Materials/Double Slash/Double Slash.mat using Guid(06ebc971edbea784a8f81f01714769c0) Importer(2089858483,192608db42251d675da83286b1cce702) (ScriptedImporter) -> (artifact id: 'a775656dadcf0dfca1a73ce277fea809') in 0.0723879 seconds
Number of updated asset objects reloaded before import = 0Number of asset objects unloaded after import = 1

========================================================================
Received Import Request.
  Time since last request: 0.000023 seconds.
  path: Assets/Matthew Guz/Slash Effects FREE/Materials/Multiple Slash/Shiny.mat
  artifactKey: Guid(6fab464ec9815fd43a92ba50f45e8fff) Importer(2089858483,192608db42251d675da83286b1cce702)
Start importing Assets/Matthew Guz/Slash Effects FREE/Materials/Multiple Slash/Shiny.mat using Guid(6fab464ec9815fd43a92ba50f45e8fff) Importer(2089858483,192608db42251d675da83286b1cce702) (ScriptedImporter) -> (artifact id: 'f785f03c9f84348edf448372602794e4') in 0.0979476 seconds
Number of updated asset objects reloaded before import = 0Number of asset objects unloaded after import = 2

========================================================================
Received Import Request.
  Time since last request: 0.000041 seconds.
  path: Assets/Toon Deserted Temples/Models/TFD_Papyrus_06A.fbx
  artifactKey: Guid(8b0c368cf446bf941a73043ff7ff7ffc) Importer(2089858483,192608db42251d675da83286b1cce702)
Start importing Assets/Toon Deserted Temples/Models/TFD_Papyrus_06A.fbx using Guid(8b0c368cf446bf941a73043ff7ff7ffc) Importer(2089858483,192608db42251d675da83286b1cce702) (ScriptedImporter) -> (artifact id: '219e4e071d63120691ad2b46348584ce') in 0.089801 seconds
Number of updated asset objects reloaded before import = 0Number of asset objects unloaded after import = 8

========================================================================
Received Import Request.
  Time since last request: 0.000061 seconds.
  path: Assets/Toon Deserted Temples/Models/TFD_Bowl_02B.fbx
  artifactKey: Guid(195a4a9a19bd65245a4dbfea6505db6c) Importer(2089858483,192608db42251d675da83286b1cce702)
Start importing Assets/Toon Deserted Temples/Models/TFD_Bowl_02B.fbx using Guid(195a4a9a19bd65245a4dbfea6505db6c) Importer(2089858483,192608db42251d675da83286b1cce702) (ScriptedImporter) -> (artifact id: '41fedc472ad8ac2be2bcc90b8d1d47d6') in 0.1046467 seconds
Number of updated asset objects reloaded before import = 0Number of asset objects unloaded after import = 8

========================================================================
Received Import Request.
  Time since last request: 0.000060 seconds.
  path: Assets/Toon Deserted Temples/Prefabs/Buildings/Runes/TFD_Rune_Sides_07A.prefab
  artifactKey: Guid(2f3e192c4c065824b911764c55d98d14) Importer(2089858483,192608db42251d675da83286b1cce702)
Start importing Assets/Toon Deserted Temples/Prefabs/Buildings/Runes/TFD_Rune_Sides_07A.prefab using Guid(2f3e192c4c065824b911764c55d98d14) Importer(2089858483,192608db42251d675da83286b1cce702) (ScriptedImporter) -> (artifact id: 'bcf4e85209cb409fd76c164aa0995615') in 0.083584 seconds
Number of updated asset objects reloaded before import = 0Number of asset objects unloaded after import = 28

========================================================================
Received Import Request.
  Time since last request: 0.000068 seconds.
  path: Assets/Toon Deserted Temples/Prefabs/Rocks/TFD_Rock_Small_01A.prefab
  artifactKey: Guid(95146ec270e17594c83afc7f682c79e3) Importer(2089858483,192608db42251d675da83286b1cce702)
Start importing Assets/Toon Deserted Temples/Prefabs/Rocks/TFD_Rock_Small_01A.prefab using Guid(95146ec270e17594c83afc7f682c79e3) Importer(2089858483,192608db42251d675da83286b1cce702) (ScriptedImporter) -> (artifact id: '7df1686662e2dbb4c9db4124f3038935') in 0.0837285 seconds
Number of updated asset objects reloaded before import = 0Number of asset objects unloaded after import = 28

========================================================================
Received Import Request.
  Time since last request: 0.000052 seconds.
  path: Assets/Toon Deserted Temples/Prefabs/Props/TFD_Cloth_09B.prefab
  artifactKey: Guid(0e5a509747f284440abeee92bf7d3eea) Importer(2089858483,192608db42251d675da83286b1cce702)
Start importing Assets/Toon Deserted Temples/Prefabs/Props/TFD_Cloth_09B.prefab using Guid(0e5a509747f284440abeee92bf7d3eea) Importer(2089858483,192608db42251d675da83286b1cce702) (ScriptedImporter) -> (artifact id: 'a808a71f4d75681acac965e57170c0c9') in 0.1056238 seconds
Number of updated asset objects reloaded before import = 0Number of asset objects unloaded after import = 17

========================================================================
Received Import Request.
  Time since last request: 0.000080 seconds.
  path: Assets/Hovl Studio/Magic effects pack/Prefabs/Portals/Portal red.prefab
  artifactKey: Guid(52c7d057cba585641bb68312c10d7791) Importer(2089858483,192608db42251d675da83286b1cce702)
Start importing Assets/Hovl Studio/Magic effects pack/Prefabs/Portals/Portal red.prefab using Guid(52c7d057cba585641bb68312c10d7791) Importer(2089858483,192608db42251d675da83286b1cce702) (ScriptedImporter) -> (artifact id: '1515ff41b21bafc36d6a352b571a8df0') in 0.2433187 seconds
Number of updated asset objects reloaded before import = 0Number of asset objects unloaded after import = 19

========================================================================
Received Import Request.
  Time since last request: 0.000111 seconds.
  path: Assets/Matthew Guz/Slash Effects FREE/Scene Demo/Slash Scene Demo_Profiles/PP Volumen Profile.asset
  artifactKey: Guid(1f59e177c7752eb4e9e0f99dfbd4ee12) Importer(2089858483,192608db42251d675da83286b1cce702)
Start importing Assets/Matthew Guz/Slash Effects FREE/Scene Demo/Slash Scene Demo_Profiles/PP Volumen Profile.asset using Guid(1f59e177c7752eb4e9e0f99dfbd4ee12) Importer(2089858483,192608db42251d675da83286b1cce702) (ScriptedImporter) -> (artifact id: '5012a37807396e9b145fd5df7d632d65') in 1.3020673 seconds
Number of updated asset objects reloaded before import = 0Number of asset objects unloaded after import = 4

========================================================================
Received Import Request.
  Time since last request: 0.000040 seconds.
  path: Assets/Hovl Studio/Magic effects pack/Prefabs/Hits and explosions
  artifactKey: Guid(68268cae718ee3a49928d3510623883e) Importer(2089858483,192608db42251d675da83286b1cce702)
Start importing Assets/Hovl Studio/Magic effects pack/Prefabs/Hits and explosions using Guid(68268cae718ee3a49928d3510623883e) Importer(2089858483,192608db42251d675da83286b1cce702) (ScriptedImporter) -> (artifact id: '2b1ff182467cfe2f9cc40f566468b0df') in 0.0405889 seconds
Number of updated asset objects reloaded before import = 0Number of asset objects unloaded after import = 1

========================================================================
Received Import Request.
  Time since last request: 0.000053 seconds.
  path: Assets/Hovl Studio/Magic effects pack/Textures/Flare.png
  artifactKey: Guid(96a713cc4a0aa464caab5d8fad5911e5) Importer(2089858483,192608db42251d675da83286b1cce702)
Start importing Assets/Hovl Studio/Magic effects pack/Textures/Flare.png using Guid(96a713cc4a0aa464caab5d8fad5911e5) Importer(2089858483,192608db42251d675da83286b1cce702) (ScriptedImporter) -> (artifact id: '23cf4b61ccfd60be34ce7a4a35e4c6ff') in 0.0791819 seconds
Number of updated asset objects reloaded before import = 0Number of asset objects unloaded after import = 1

========================================================================
Received Import Request.
  Time since last request: 0.000043 seconds.
  path: Assets/Hovl Studio/Magic effects pack/Models/Cylinder.fbx
  artifactKey: Guid(4a8c064de5d1b4045a9e9d4ebd5d6575) Importer(2089858483,192608db42251d675da83286b1cce702)
Start importing Assets/Hovl Studio/Magic effects pack/Models/Cylinder.fbx using Guid(4a8c064de5d1b4045a9e9d4ebd5d6575) Importer(2089858483,192608db42251d675da83286b1cce702) (ScriptedImporter) -> (artifact id: '2fa47b864dba41d8c6c2631c3e268bb8') in 0.0775589 seconds
Number of updated asset objects reloaded before import = 0Number of asset objects unloaded after import = 7

========================================================================
Received Import Request.
  Time since last request: 0.000071 seconds.
  path: Assets/Hovl Studio/Magic effects pack/Prefabs/Sparks/Sparks flashing green.prefab
  artifactKey: Guid(9b99dafe7fbb348489619e9393e4bcfa) Importer(2089858483,192608db42251d675da83286b1cce702)
Start importing Assets/Hovl Studio/Magic effects pack/Prefabs/Sparks/Sparks flashing green.prefab using Guid(9b99dafe7fbb348489619e9393e4bcfa) Importer(2089858483,192608db42251d675da83286b1cce702) (ScriptedImporter) -> (artifact id: '4d6d7bbe0a759c7359850cf3c7b3fa10') in 0.1656885 seconds
Number of updated asset objects reloaded before import = 0Number of asset objects unloaded after import = 7

========================================================================
Received Import Request.
  Time since last request: 0.000038 seconds.
  path: Assets/Hovl Studio/Magic effects pack/Textures/Concrete slab_MetallicSmoothness.png
  artifactKey: Guid(a685c8f461a651a46a2631ea3decafae) Importer(2089858483,192608db42251d675da83286b1cce702)
Start importing Assets/Hovl Studio/Magic effects pack/Textures/Concrete slab_MetallicSmoothness.png using Guid(a685c8f461a651a46a2631ea3decafae) Importer(2089858483,192608db42251d675da83286b1cce702) (ScriptedImporter) -> (artifact id: '05fd71b860d5a61d3389fcd213c3f851') in 0.1012697 seconds
Number of updated asset objects reloaded before import = 0Number of asset objects unloaded after import = 1

========================================================================
Received Import Request.
  Time since last request: 0.000064 seconds.
  path: Assets/Hovl Studio/Magic effects pack/Textures
  artifactKey: Guid(48fbaf4e0d478de498dc961be7083466) Importer(2089858483,192608db42251d675da83286b1cce702)
Start importing Assets/Hovl Studio/Magic effects pack/Textures using Guid(48fbaf4e0d478de498dc961be7083466) Importer(2089858483,192608db42251d675da83286b1cce702) (ScriptedImporter) -> (artifact id: '1738c21735127d565ac8a068e7f16923') in 0.0354089 seconds
Number of updated asset objects reloaded before import = 0Number of asset objects unloaded after import = 1

========================================================================
Received Import Request.
  Time since last request: 0.000064 seconds.
  path: Assets/Hovl Studio/Magic effects pack/Prefabs/Magic circles/Healing circle.prefab
  artifactKey: Guid(12a56ee4630040c4eb17ae9707ed4cef) Importer(2089858483,192608db42251d675da83286b1cce702)
Start importing Assets/Hovl Studio/Magic effects pack/Prefabs/Magic circles/Healing circle.prefab using Guid(12a56ee4630040c4eb17ae9707ed4cef) Importer(2089858483,192608db42251d675da83286b1cce702) (ScriptedImporter) -> (artifact id: 'd8424b30c7b78d80750b8d750d92786b') in 0.2770012 seconds
Number of updated asset objects reloaded before import = 0Number of asset objects unloaded after import = 25

========================================================================
Received Import Request.
  Time since last request: 0.000061 seconds.
  path: Assets/Toon Deserted Temples/Models/TFD_Cup_01B.fbx
  artifactKey: Guid(fcbfc53c43b4436429397548a6bc9a4d) Importer(2089858483,192608db42251d675da83286b1cce702)
Start importing Assets/Toon Deserted Temples/Models/TFD_Cup_01B.fbx using Guid(fcbfc53c43b4436429397548a6bc9a4d) Importer(2089858483,192608db42251d675da83286b1cce702) (ScriptedImporter) -> (artifact id: '66823f5b6fe135a64a0da001440fa7be') in 0.0496857 seconds
Number of updated asset objects reloaded before import = 0Number of asset objects unloaded after import = 8

========================================================================
Received Import Request.
  Time since last request: 0.000084 seconds.
  path: Assets/Toon Deserted Temples/Animations/TFD_Candle_12C_Idle1.controller
  artifactKey: Guid(24a52f8ccaa425e43bbdf623abe8589d) Importer(2089858483,192608db42251d675da83286b1cce702)
Start importing Assets/Toon Deserted Temples/Animations/TFD_Candle_12C_Idle1.controller using Guid(24a52f8ccaa425e43bbdf623abe8589d) Importer(2089858483,192608db42251d675da83286b1cce702) (ScriptedImporter) -> (artifact id: 'f7028143265e4f7697ab70178d9afa00') in 0.061319 seconds
Number of updated asset objects reloaded before import = 0Number of asset objects unloaded after import = 8

========================================================================
Received Import Request.
  Time since last request: 0.000083 seconds.
  path: Assets/Hovl Studio/Magic effects pack/Prefabs/Sparks/Sparks blue.prefab
  artifactKey: Guid(14078f8f7064d894fad9a68275c46f31) Importer(2089858483,192608db42251d675da83286b1cce702)
Start importing Assets/Hovl Studio/Magic effects pack/Prefabs/Sparks/Sparks blue.prefab using Guid(14078f8f7064d894fad9a68275c46f31) Importer(2089858483,192608db42251d675da83286b1cce702) (ScriptedImporter) -> (artifact id: 'fdf7fc10850ab6e0f12c2547ae78fff9') in 0.21316 seconds
Number of updated asset objects reloaded before import = 0Number of asset objects unloaded after import = 7

========================================================================
Received Import Request.
  Time since last request: 0.000044 seconds.
  path: Assets/Hovl Studio/Magic effects pack/Prefabs/Sparks/Sparks explode green.prefab
  artifactKey: Guid(4e273c58acd2b614084a98035db3ba7c) Importer(2089858483,192608db42251d675da83286b1cce702)
Start importing Assets/Hovl Studio/Magic effects pack/Prefabs/Sparks/Sparks explode green.prefab using Guid(4e273c58acd2b614084a98035db3ba7c) Importer(2089858483,192608db42251d675da83286b1cce702) (ScriptedImporter) -> (artifact id: '461774f2fed2f2c1a9ffb999c6c60866') in 0.23881 seconds
Number of updated asset objects reloaded before import = 0Number of asset objects unloaded after import = 7

========================================================================
Received Import Request.
  Time since last request: 0.000072 seconds.
  path: Assets/Hovl Studio/Magic effects pack/Textures/Concrete slab_Height.png
  artifactKey: Guid(db368c1c85b12fe48aba6cc9bcd41f43) Importer(2089858483,192608db42251d675da83286b1cce702)
Start importing Assets/Hovl Studio/Magic effects pack/Textures/Concrete slab_Height.png using Guid(db368c1c85b12fe48aba6cc9bcd41f43) Importer(2089858483,192608db42251d675da83286b1cce702) (ScriptedImporter) -> (artifact id: '9b71052a5623c3aee5a1795f2a7d6742') in 0.0562901 seconds
Number of updated asset objects reloaded before import = 0Number of asset objects unloaded after import = 1

========================================================================
Received Import Request.
  Time since last request: 0.000063 seconds.
  path: Assets/Hovl Studio/Magic effects pack/Prefabs/AoE effects
  artifactKey: Guid(f0e78b2e61a2b2f40bf0a0be9e842772) Importer(2089858483,192608db42251d675da83286b1cce702)
Start importing Assets/Hovl Studio/Magic effects pack/Prefabs/AoE effects using Guid(f0e78b2e61a2b2f40bf0a0be9e842772) Importer(2089858483,192608db42251d675da83286b1cce702) (ScriptedImporter) -> (artifact id: '1061408e81a7baf72e3ad018ddf74a6e') in 0.0295327 seconds
Number of updated asset objects reloaded before import = 0Number of asset objects unloaded after import = 1

========================================================================
Received Import Request.
  Time since last request: 0.000050 seconds.
  path: Assets/Hovl Studio/Magic effects pack/Textures/Concrete slab_Normal.png
  artifactKey: Guid(3a0dde7201a17f646865e8deeac56596) Importer(2089858483,192608db42251d675da83286b1cce702)
Start importing Assets/Hovl Studio/Magic effects pack/Textures/Concrete slab_Normal.png using Guid(3a0dde7201a17f646865e8deeac56596) Importer(2089858483,192608db42251d675da83286b1cce702) (ScriptedImporter) -> (artifact id: '71e779cca30f2b21a769438241e8f063') in 0.0838887 seconds
Number of updated asset objects reloaded before import = 0Number of asset objects unloaded after import = 1

========================================================================
Received Import Request.
  Time since last request: 0.000084 seconds.
  path: Assets/Hovl Studio/Magic effects pack/Demo scene/Readme.txt
  artifactKey: Guid(2f20ef09debf8784c9226434f4bc541d) Importer(2089858483,192608db42251d675da83286b1cce702)
Start importing Assets/Hovl Studio/Magic effects pack/Demo scene/Readme.txt using Guid(2f20ef09debf8784c9226434f4bc541d) Importer(2089858483,192608db42251d675da83286b1cce702) (ScriptedImporter) -> (artifact id: '1243088b1903a24e82fbe322d840fabe') in 0.0578383 seconds
Number of updated asset objects reloaded before import = 0Number of asset objects unloaded after import = 1

========================================================================
Received Import Request.
  Time since last request: 0.000033 seconds.
  path: Assets/Hovl Studio/Magic effects pack/Materials/Electro.mat
  artifactKey: Guid(410fa9a27b8dd1f4989dd201babd7d76) Importer(2089858483,192608db42251d675da83286b1cce702)
Start importing Assets/Hovl Studio/Magic effects pack/Materials/Electro.mat using Guid(410fa9a27b8dd1f4989dd201babd7d76) Importer(2089858483,192608db42251d675da83286b1cce702) (ScriptedImporter) -> (artifact id: '78db320db8dea584babed2ed73f2d6d1') in 0.0897386 seconds
Number of updated asset objects reloaded before import = 0Number of asset objects unloaded after import = 2

========================================================================
Received Import Request.
  Time since last request: 0.000040 seconds.
  path: Assets/Hovl Studio/Magic effects pack/Materials/Point.mat
  artifactKey: Guid(e546d2d7171981b468cf29388d902e99) Importer(2089858483,192608db42251d675da83286b1cce702)
Start importing Assets/Hovl Studio/Magic effects pack/Materials/Point.mat using Guid(e546d2d7171981b468cf29388d902e99) Importer(2089858483,192608db42251d675da83286b1cce702) (ScriptedImporter) -> (artifact id: '571473e50f3a0e23a26c81aaba9e7498') in 0.045386 seconds
Number of updated asset objects reloaded before import = 0Number of asset objects unloaded after import = 2

========================================================================
Received Import Request.
  Time since last request: 0.000093 seconds.
  path: Assets/Hovl Studio/Magic effects pack/Prefabs/Sparks/Sparks explode pink.prefab
  artifactKey: Guid(48e196c36363e814bad43a44c92dc11b) Importer(2089858483,192608db42251d675da83286b1cce702)
Start importing Assets/Hovl Studio/Magic effects pack/Prefabs/Sparks/Sparks explode pink.prefab using Guid(48e196c36363e814bad43a44c92dc11b) Importer(2089858483,192608db42251d675da83286b1cce702) (ScriptedImporter) -> (artifact id: 'c08d229c67d57870193ca2deed3779a2') in 0.1809568 seconds
Number of updated asset objects reloaded before import = 0Number of asset objects unloaded after import = 7

========================================================================
Received Import Request.
  Time since last request: 0.000052 seconds.
  path: Assets/Toon Deserted Temples/Terrain/Terrain Brushes/NewBrush 1.brush
  artifactKey: Guid(e2dd5c71c00a2194eab35bff2a23f6eb) Importer(2089858483,192608db42251d675da83286b1cce702)
Start importing Assets/Toon Deserted Temples/Terrain/Terrain Brushes/NewBrush 1.brush using Guid(e2dd5c71c00a2194eab35bff2a23f6eb) Importer(2089858483,192608db42251d675da83286b1cce702) (ScriptedImporter) -> (artifact id: 'd71b075ae2682522a2788fa1467f4af9') in 1.2610842 seconds
Number of updated asset objects reloaded before import = 0Number of asset objects unloaded after import = 2

========================================================================
Received Import Request.
  Time since last request: 0.000062 seconds.
  path: Assets/New Terrain 1.asset
  artifactKey: Guid(d076c4c6ebd98c84390336006a236c10) Importer(2089858483,192608db42251d675da83286b1cce702)
Start importing Assets/New Terrain 1.asset using Guid(d076c4c6ebd98c84390336006a236c10) Importer(2089858483,192608db42251d675da83286b1cce702) (ScriptedImporter) -> (artifact id: 'e83f05880ce9c81be6686910c89a47ae') in 0.3374969 seconds
Number of updated asset objects reloaded before import = 0Number of asset objects unloaded after import = 4

========================================================================
Received Prepare
Refreshing native plugins compatible for Editor in 54.95 ms, found 3 plugins.
Preloading 0 native plugins for Editor in 0.00 ms.
Unloading 25 Unused Serialized files (Serialized files now loaded: 0)
Unloading 6130 unused Assets / (8.1 MB). Loaded Objects now: 6889.
Memory consumption went from 180.7 MB to 172.6 MB.
Total: 1533.557700 ms (FindLiveObjects: 13.782400 ms CreateObjectMapping: 4.058500 ms MarkObjects: 1470.089700 ms  DeleteObjects: 45.612600 ms)

Prepare: number of updated asset objects reloaded= 0
========================================================================
Received Import Request.
  Time since last request: 18.297025 seconds.
  path: Assets/Toon Deserted Temples/Models/TFD_Cloth_04B.fbx
  artifactKey: Guid(e575d0e401d2e154d9e92efb32601418) Importer(2089858483,192608db42251d675da83286b1cce702)
Start importing Assets/Toon Deserted Temples/Models/TFD_Cloth_04B.fbx using Guid(e575d0e401d2e154d9e92efb32601418) Importer(2089858483,192608db42251d675da83286b1cce702) (ScriptedImporter) -> (artifact id: '6f2b556c2711f05503bbf77dd6fc887e') in 0.5304 seconds
Number of updated asset objects reloaded before import = 0Number of asset objects unloaded after import = 20

========================================================================
Received Import Request.
  Time since last request: 0.000068 seconds.
  path: Assets/Toon Deserted Temples/Prefabs/Candles/TFD_Candle_08A.prefab
  artifactKey: Guid(6a54b7832e22b924db1f84dd5c7f7e2d) Importer(2089858483,192608db42251d675da83286b1cce702)
Start importing Assets/Toon Deserted Temples/Prefabs/Candles/TFD_Candle_08A.prefab using Guid(6a54b7832e22b924db1f84dd5c7f7e2d) Importer(2089858483,192608db42251d675da83286b1cce702) (ScriptedImporter) -> (artifact id: '9396de788100eac073d5d39503a8a0ac') in 0.3995442 seconds
Number of updated asset objects reloaded before import = 0Number of asset objects unloaded after import = 31

========================================================================
Received Import Request.
  Time since last request: 0.000475 seconds.
  path: Assets/Toon Deserted Temples/Prefabs/Props/TFD_Cloth_05A.prefab
  artifactKey: Guid(7ded1c9d4f5089c46b8ebec3cd1f3354) Importer(2089858483,192608db42251d675da83286b1cce702)
Start importing Assets/Toon Deserted Temples/Prefabs/Props/TFD_Cloth_05A.prefab using Guid(7ded1c9d4f5089c46b8ebec3cd1f3354) Importer(2089858483,192608db42251d675da83286b1cce702) (ScriptedImporter) -> (artifact id: '757e55ed447eb5d8edb4106b8ea8b3cc') in 0.0972008 seconds
Number of updated asset objects reloaded before import = 0Number of asset objects unloaded after import = 20

========================================================================
Received Import Request.
  Time since last request: 0.000032 seconds.
  path: Assets/Toon Deserted Temples/Prefabs/Rocks/TFD_Rock_Large_05A.prefab
  artifactKey: Guid(fa472588b50fb4545a329d4fcc59e4e7) Importer(2089858483,192608db42251d675da83286b1cce702)
Start importing Assets/Toon Deserted Temples/Prefabs/Rocks/TFD_Rock_Large_05A.prefab using Guid(fa472588b50fb4545a329d4fcc59e4e7) Importer(2089858483,192608db42251d675da83286b1cce702) (ScriptedImporter) -> (artifact id: '8cc6a2aed885420c1fd100840ad82074') in 0.2155987 seconds
Number of updated asset objects reloaded before import = 0Number of asset objects unloaded after import = 28

========================================================================
Received Import Request.
  Time since last request: 0.000037 seconds.
  path: Assets/Toon Deserted Temples/Animations/TFD_Candle_09C_Idle1.controller
  artifactKey: Guid(758387253dea79a49b2fc88dca8c69d4) Importer(2089858483,192608db42251d675da83286b1cce702)
Start importing Assets/Toon Deserted Temples/Animations/TFD_Candle_09C_Idle1.controller using Guid(758387253dea79a49b2fc88dca8c69d4) Importer(2089858483,192608db42251d675da83286b1cce702) (ScriptedImporter) -> (artifact id: 'e354c6af54f30658ab14f0a11ffb8488') in 0.1310477 seconds
Number of updated asset objects reloaded before import = 0Number of asset objects unloaded after import = 8

========================================================================
Received Import Request.
  Time since last request: 0.051484 seconds.
  path: Assets/Toon Deserted Temples/Models/TFD_Grass_Patch_02A.fbx
  artifactKey: Guid(018b0ba49885c1244b42ed1c2de50050) Importer(2089858483,192608db42251d675da83286b1cce702)
Start importing Assets/Toon Deserted Temples/Models/TFD_Grass_Patch_02A.fbx using Guid(018b0ba49885c1244b42ed1c2de50050) Importer(2089858483,192608db42251d675da83286b1cce702) (ScriptedImporter) -> (artifact id: '21b1e15f58a508d36cc30dbc0a225fdc') in 0.0982654 seconds
Number of updated asset objects reloaded before import = 0Number of asset objects unloaded after import = 30

========================================================================
Received Import Request.
  Time since last request: 0.000026 seconds.
  path: Assets/Toon Deserted Temples/Models/TFD_Wax_Drip_05A.fbx
  artifactKey: Guid(3ba4a98e19a96644880f5f126b77c842) Importer(2089858483,192608db42251d675da83286b1cce702)
Start importing Assets/Toon Deserted Temples/Models/TFD_Wax_Drip_05A.fbx using Guid(3ba4a98e19a96644880f5f126b77c842) Importer(2089858483,192608db42251d675da83286b1cce702) (ScriptedImporter) -> (artifact id: '4bb5d129dadf05163febbefb096be532') in 0.0788147 seconds
Number of updated asset objects reloaded before import = 0Number of asset objects unloaded after import = 20

========================================================================
Received Import Request.
  Time since last request: 0.000048 seconds.
  path: Assets/Hovl Studio/Magic effects pack/Prefabs/Sparks/Sparks explode blue.prefab
  artifactKey: Guid(1095a5c9f65bfbe4383f63d5d1886c65) Importer(2089858483,192608db42251d675da83286b1cce702)
Start importing Assets/Hovl Studio/Magic effects pack/Prefabs/Sparks/Sparks explode blue.prefab using Guid(1095a5c9f65bfbe4383f63d5d1886c65) Importer(2089858483,192608db42251d675da83286b1cce702) (ScriptedImporter) -> (artifact id: '574500577250e631f6751b66d51d56ec') in 0.188088 seconds
Number of updated asset objects reloaded before import = 0Number of asset objects unloaded after import = 7

========================================================================
Received Import Request.
  Time since last request: 0.000055 seconds.
  path: Assets/Toon Deserted Temples/Prefabs/Buildings/Building Kit/TFD_Pavement_Blocks_01A.prefab
  artifactKey: Guid(0b67bdd0c45a6854aa33d3ff2a0d6505) Importer(2089858483,192608db42251d675da83286b1cce702)
Start importing Assets/Toon Deserted Temples/Prefabs/Buildings/Building Kit/TFD_Pavement_Blocks_01A.prefab using Guid(0b67bdd0c45a6854aa33d3ff2a0d6505) Importer(2089858483,192608db42251d675da83286b1cce702) (ScriptedImporter) -> (artifact id: 'b4c9b41078c6fb9b29a2a753d62db6bc') in 0.0580777 seconds
Number of updated asset objects reloaded before import = 0Number of asset objects unloaded after import = 15

========================================================================
Received Import Request.
  Time since last request: 0.000055 seconds.
  path: Assets/Hovl Studio/Magic effects pack/Materials/Flash.mat
  artifactKey: Guid(db3488de871721d4f83250ff2af716b7) Importer(2089858483,192608db42251d675da83286b1cce702)
Start importing Assets/Hovl Studio/Magic effects pack/Materials/Flash.mat using Guid(db3488de871721d4f83250ff2af716b7) Importer(2089858483,192608db42251d675da83286b1cce702) (ScriptedImporter) -> (artifact id: '15bed83d8a821958139f3a932cf6a23e') in 0.1189451 seconds
Number of updated asset objects reloaded before import = 0Number of asset objects unloaded after import = 2

========================================================================
Received Import Request.
  Time since last request: 0.000033 seconds.
  path: Assets/Hovl Studio/Magic effects pack/Prefabs/Slash effects/Charge slash purple.prefab
  artifactKey: Guid(df9374346b76e444dbbb2b019de4da25) Importer(2089858483,192608db42251d675da83286b1cce702)
Start importing Assets/Hovl Studio/Magic effects pack/Prefabs/Slash effects/Charge slash purple.prefab using Guid(df9374346b76e444dbbb2b019de4da25) Importer(2089858483,192608db42251d675da83286b1cce702) (ScriptedImporter) -> (artifact id: '107e98f4d46af9716d6e88f95ead35af') in 0.1527466 seconds
Number of updated asset objects reloaded before import = 0Number of asset objects unloaded after import = 28

========================================================================
Received Import Request.
  Time since last request: 0.000053 seconds.
  path: Assets/Toon Deserted Temples/Prefabs/Props/TFD_Blanket_02B.prefab
  artifactKey: Guid(fb029acc0b96c47498ce27804a91eddd) Importer(2089858483,192608db42251d675da83286b1cce702)
Start importing Assets/Toon Deserted Temples/Prefabs/Props/TFD_Blanket_02B.prefab using Guid(fb029acc0b96c47498ce27804a91eddd) Importer(2089858483,192608db42251d675da83286b1cce702) (ScriptedImporter) -> (artifact id: '0ea189e073ef870d33c1664b370b3d62') in 0.0645669 seconds
Number of updated asset objects reloaded before import = 0Number of asset objects unloaded after import = 9

========================================================================
Received Import Request.
  Time since last request: 0.000032 seconds.
  path: Assets/Toon Deserted Temples/Animations/TFD_Candle_02B_Idle3.anim
  artifactKey: Guid(6b8f319c9c1190f42b51e97d38cf82c2) Importer(2089858483,192608db42251d675da83286b1cce702)
Start importing Assets/Toon Deserted Temples/Animations/TFD_Candle_02B_Idle3.anim using Guid(6b8f319c9c1190f42b51e97d38cf82c2) Importer(2089858483,192608db42251d675da83286b1cce702) (ScriptedImporter) -> (artifact id: 'dc4d8de7b3eeaffa197a1e3d6500365f') in 0.0286357 seconds
Number of updated asset objects reloaded before import = 0Number of asset objects unloaded after import = 1

========================================================================
Received Import Request.
  Time since last request: 0.000031 seconds.
  path: Assets/Toon Deserted Temples/Prefabs/Buildings/Building Presets/TFD_Ruins_Preset_01.prefab
  artifactKey: Guid(40ff79ee7a1a8c147ae0faf83682fcfd) Importer(2089858483,192608db42251d675da83286b1cce702)
Start importing Assets/Toon Deserted Temples/Prefabs/Buildings/Building Presets/TFD_Ruins_Preset_01.prefab using Guid(40ff79ee7a1a8c147ae0faf83682fcfd) Importer(2089858483,192608db42251d675da83286b1cce702) (ScriptedImporter) -> (artifact id: '1071207ffbf71b26bf071872748ca825') in 0.3373649 seconds
Number of updated asset objects reloaded before import = 0Number of asset objects unloaded after import = 255

========================================================================
Received Import Request.
  Time since last request: 0.000051 seconds.
  path: Assets/Toon Deserted Temples/Models/TFD_Console_07A.fbx
  artifactKey: Guid(2561a983a054ac243aeb041c61c16870) Importer(2089858483,192608db42251d675da83286b1cce702)
Start importing Assets/Toon Deserted Temples/Models/TFD_Console_07A.fbx using Guid(2561a983a054ac243aeb041c61c16870) Importer(2089858483,192608db42251d675da83286b1cce702) (ScriptedImporter) -> (artifact id: 'dabd6384aad877f4c2bcf0935ada1474') in 0.1742282 seconds
Number of updated asset objects reloaded before import = 0Number of asset objects unloaded after import = 20

========================================================================
Received Import Request.
  Time since last request: 0.000091 seconds.
  path: Assets/Toon Deserted Temples/Prefabs/Rocks/TFD_Rock_Large_14A.prefab
  artifactKey: Guid(9cda7163c78304d42b259ad472df81c0) Importer(2089858483,192608db42251d675da83286b1cce702)
Start importing Assets/Toon Deserted Temples/Prefabs/Rocks/TFD_Rock_Large_14A.prefab using Guid(9cda7163c78304d42b259ad472df81c0) Importer(2089858483,192608db42251d675da83286b1cce702) (ScriptedImporter) -> (artifact id: '47f5a83042b960d6d02bbd161c23518f') in 0.1255947 seconds
Number of updated asset objects reloaded before import = 0Number of asset objects unloaded after import = 28

========================================================================
Received Import Request.
  Time since last request: 0.000030 seconds.
  path: Assets/Matthew Guz/Status Effects and Auras FREE/Materials/Aura Burn/Smoke.mat
  artifactKey: Guid(c3f1564b141486448b9fb1106e2121b1) Importer(2089858483,192608db42251d675da83286b1cce702)
Start importing Assets/Matthew Guz/Status Effects and Auras FREE/Materials/Aura Burn/Smoke.mat using Guid(c3f1564b141486448b9fb1106e2121b1) Importer(2089858483,192608db42251d675da83286b1cce702) (ScriptedImporter) -> (artifact id: '7c27a5b15e084cc06b6305dd7d4d0b0c') in 0.1205117 seconds
Number of updated asset objects reloaded before import = 0Number of asset objects unloaded after import = 2

========================================================================
Received Import Request.
  Time since last request: 0.000037 seconds.
  path: Assets/Hovl Studio/Magic effects pack/Prefabs/Portals/Portal yellow.prefab
  artifactKey: Guid(5ad33d58a66ab154a89c9e88255601e5) Importer(2089858483,192608db42251d675da83286b1cce702)
Start importing Assets/Hovl Studio/Magic effects pack/Prefabs/Portals/Portal yellow.prefab using Guid(5ad33d58a66ab154a89c9e88255601e5) Importer(2089858483,192608db42251d675da83286b1cce702) (ScriptedImporter) -> (artifact id: '7668df2ce2a65b6163d10049b3b9e4cf') in 0.1967122 seconds
Number of updated asset objects reloaded before import = 0Number of asset objects unloaded after import = 19

========================================================================
Received Import Request.
  Time since last request: 0.000067 seconds.
  path: Assets/STYLIZED Desert Kingdom/Meshes/Props/SM_basket_fruits_01.fbx
  artifactKey: Guid(5adeffb76ad430c4b9b352ac6cd7013e) Importer(2089858483,192608db42251d675da83286b1cce702)
Start importing Assets/STYLIZED Desert Kingdom/Meshes/Props/SM_basket_fruits_01.fbx using Guid(5adeffb76ad430c4b9b352ac6cd7013e) Importer(2089858483,192608db42251d675da83286b1cce702) (ScriptedImporter) -> (artifact id: 'a8e88138f8116139f7521e1a0fa577d5') in 0.4379976 seconds
Number of updated asset objects reloaded before import = 0Number of asset objects unloaded after import = 13

========================================================================
Received Import Request.
  Time since last request: 0.000042 seconds.
  path: Assets/STYLIZED Desert Kingdom/Materials/Materials/M_pattern_gold.mat
  artifactKey: Guid(5a94ec172c6093a4f98fffcd18876797) Importer(2089858483,192608db42251d675da83286b1cce702)
Start importing Assets/STYLIZED Desert Kingdom/Materials/Materials/M_pattern_gold.mat using Guid(5a94ec172c6093a4f98fffcd18876797) Importer(2089858483,192608db42251d675da83286b1cce702) (ScriptedImporter) -> (artifact id: '65d1c7b4134af3cf7e6db0bab6393a70') in 0.2949694 seconds
Number of updated asset objects reloaded before import = 0Number of asset objects unloaded after import = 4

========================================================================
Received Import Request.
  Time since last request: 0.000041 seconds.
  path: Assets/STYLIZED Desert Kingdom/Meshes/Castle/SM_citygate_castle.fbx
  artifactKey: Guid(e5aa2c981947f6b4cb49f04b7d800091) Importer(2089858483,192608db42251d675da83286b1cce702)
Start importing Assets/STYLIZED Desert Kingdom/Meshes/Castle/SM_citygate_castle.fbx using Guid(e5aa2c981947f6b4cb49f04b7d800091) Importer(2089858483,192608db42251d675da83286b1cce702) (ScriptedImporter) -> (artifact id: '1c9ee807bde17f5721ad2924bea5a0e8') in 0.1225281 seconds
Number of updated asset objects reloaded before import = 0Number of asset objects unloaded after import = 17

========================================================================
Received Import Request.
  Time since last request: 0.000030 seconds.
  path: Assets/STYLIZED Desert Kingdom/Prefabs/Buildings/SM_temple_01.prefab
  artifactKey: Guid(caea9622c7bd07d41a86ccf1df6bd57e) Importer(2089858483,192608db42251d675da83286b1cce702)
Start importing Assets/STYLIZED Desert Kingdom/Prefabs/Buildings/SM_temple_01.prefab using Guid(caea9622c7bd07d41a86ccf1df6bd57e) Importer(2089858483,192608db42251d675da83286b1cce702) (ScriptedImporter) -> (artifact id: '9763c959176ffaed03f1a0706066b0e0') in 0.454026 seconds
Number of updated asset objects reloaded before import = 0Number of asset objects unloaded after import = 25

========================================================================
Received Import Request.
  Time since last request: 0.000046 seconds.
  path: Assets/STYLIZED Desert Kingdom/Materials/Materials/M_skybox_night_cloudy.mat
  artifactKey: Guid(96262f620e5a76144b4322923c01c0c5) Importer(2089858483,192608db42251d675da83286b1cce702)
Start importing Assets/STYLIZED Desert Kingdom/Materials/Materials/M_skybox_night_cloudy.mat using Guid(96262f620e5a76144b4322923c01c0c5) Importer(2089858483,192608db42251d675da83286b1cce702) (ScriptedImporter) -> (artifact id: '63602f81adc63f9915690cae34eec62d') in 0.3609714 seconds
Number of updated asset objects reloaded before import = 0Number of asset objects unloaded after import = 2

========================================================================
Received Import Request.
  Time since last request: 0.000054 seconds.
  path: Assets/STYLIZED Desert Kingdom/Meshes/Modular Elements/SM_curbstones_02.fbx
  artifactKey: Guid(5fb87fa9ebc23e845add970efd59ea16) Importer(2089858483,192608db42251d675da83286b1cce702)
Start importing Assets/STYLIZED Desert Kingdom/Meshes/Modular Elements/SM_curbstones_02.fbx using Guid(5fb87fa9ebc23e845add970efd59ea16) Importer(2089858483,192608db42251d675da83286b1cce702) (ScriptedImporter) -> (artifact id: 'e04f583c010645e34d23f7ccc7e140a4') in 0.0865951 seconds
Number of updated asset objects reloaded before import = 0Number of asset objects unloaded after import = 14

========================================================================
Received Import Request.
  Time since last request: 0.000057 seconds.
  path: Assets/STYLIZED Desert Kingdom/Prefabs/Props/SM_vase_01.prefab
  artifactKey: Guid(598a4d2bbd423f84e82eed1cf01f0100) Importer(2089858483,192608db42251d675da83286b1cce702)
Start importing Assets/STYLIZED Desert Kingdom/Prefabs/Props/SM_vase_01.prefab using Guid(598a4d2bbd423f84e82eed1cf01f0100) Importer(2089858483,192608db42251d675da83286b1cce702) (ScriptedImporter) -> (artifact id: 'bd53a59ab4170373096dd11ac3aa151a') in 0.1195247 seconds
Number of updated asset objects reloaded before import = 0Number of asset objects unloaded after import = 15

========================================================================
Received Import Request.
  Time since last request: 0.000036 seconds.
  path: Assets/STYLIZED Desert Kingdom/Meshes/Building Parts/SM_wall_connector_02.fbx
  artifactKey: Guid(e6a56e7e1269f554b80089ad40ce297e) Importer(2089858483,192608db42251d675da83286b1cce702)
Start importing Assets/STYLIZED Desert Kingdom/Meshes/Building Parts/SM_wall_connector_02.fbx using Guid(e6a56e7e1269f554b80089ad40ce297e) Importer(2089858483,192608db42251d675da83286b1cce702) (ScriptedImporter) -> (artifact id: '6ebed15a3f4e309eb9f8df83398ee530') in 0.0700173 seconds
Number of updated asset objects reloaded before import = 0Number of asset objects unloaded after import = 14

========================================================================
Received Import Request.
  Time since last request: 0.000060 seconds.
  path: Assets/STYLIZED Desert Kingdom/Materials/Textures/M_stonewall_sandstone_Normal.png
  artifactKey: Guid(bf0fc61c3b3f0414ca16eb95fbcf97e1) Importer(2089858483,192608db42251d675da83286b1cce702)
Start importing Assets/STYLIZED Desert Kingdom/Materials/Textures/M_stonewall_sandstone_Normal.png using Guid(bf0fc61c3b3f0414ca16eb95fbcf97e1) Importer(2089858483,192608db42251d675da83286b1cce702) (ScriptedImporter) -> (artifact id: '429f749f1a5faeda2a701cede878dc67') in 0.0793614 seconds
Number of updated asset objects reloaded before import = 0Number of asset objects unloaded after import = 1

========================================================================
Received Import Request.
  Time since last request: 0.000028 seconds.
  path: Assets/STYLIZED Desert Kingdom/Meshes/Props/SM_fruit_02.fbx
  artifactKey: Guid(12079ebf558259f4e830bd16409219cb) Importer(2089858483,192608db42251d675da83286b1cce702)
Start importing Assets/STYLIZED Desert Kingdom/Meshes/Props/SM_fruit_02.fbx using Guid(12079ebf558259f4e830bd16409219cb) Importer(2089858483,192608db42251d675da83286b1cce702) (ScriptedImporter) -> (artifact id: 'ddeaf9c5cabe05541892f887f4b88d4e') in 0.0528027 seconds
Number of updated asset objects reloaded before import = 0Number of asset objects unloaded after import = 12

========================================================================
Received Import Request.
  Time since last request: 0.000046 seconds.
  path: Assets/STYLIZED Desert Kingdom/Materials/Terrain/Terrrain Citadel.asset
  artifactKey: Guid(736396db9f908f546b10d25b900f5603) Importer(2089858483,192608db42251d675da83286b1cce702)
Start importing Assets/STYLIZED Desert Kingdom/Materials/Terrain/Terrrain Citadel.asset using Guid(736396db9f908f546b10d25b900f5603) Importer(2089858483,192608db42251d675da83286b1cce702) (ScriptedImporter) -> (artifact id: '41333cab452241732471ea86ddebefaa') in 0.1377871 seconds
Number of updated asset objects reloaded before import = 0Number of asset objects unloaded after import = 2

========================================================================
Received Import Request.
  Time since last request: 0.000044 seconds.
  path: Assets/STYLIZED Desert Kingdom/Materials/Materials/M_statue_guard 1.mat
  artifactKey: Guid(d3b896be7e5fda04488b4f39c746e24a) Importer(2089858483,192608db42251d675da83286b1cce702)
Start importing Assets/STYLIZED Desert Kingdom/Materials/Materials/M_statue_guard 1.mat using Guid(d3b896be7e5fda04488b4f39c746e24a) Importer(2089858483,192608db42251d675da83286b1cce702) (ScriptedImporter) -> (artifact id: '481432ef9802714e82879ee157ee1b99') in 0.0861403 seconds
Number of updated asset objects reloaded before import = 0Number of asset objects unloaded after import = 4

========================================================================
Received Import Request.
  Time since last request: 0.000025 seconds.
  path: Assets/STYLIZED Desert Kingdom/Meshes/Nature/SM_palm_tree_desert_04.fbx
  artifactKey: Guid(848ef8920a6f09b4e8b16e7f18b08d3c) Importer(2089858483,192608db42251d675da83286b1cce702)
Start importing Assets/STYLIZED Desert Kingdom/Meshes/Nature/SM_palm_tree_desert_04.fbx using Guid(848ef8920a6f09b4e8b16e7f18b08d3c) Importer(2089858483,192608db42251d675da83286b1cce702) (ScriptedImporter) -> (artifact id: 'f77f3563be78db65419ae9265b777cc3') in 0.1041935 seconds
Number of updated asset objects reloaded before import = 0Number of asset objects unloaded after import = 15

========================================================================
Received Import Request.
  Time since last request: 0.000071 seconds.
  path: Assets/STYLIZED Desert Kingdom/Meshes/Modular Elements/SM_dome_01.fbx
  artifactKey: Guid(86687c16bedfdfe4e9a13bfba9075f7c) Importer(2089858483,192608db42251d675da83286b1cce702)
Start importing Assets/STYLIZED Desert Kingdom/Meshes/Modular Elements/SM_dome_01.fbx using Guid(86687c16bedfdfe4e9a13bfba9075f7c) Importer(2089858483,192608db42251d675da83286b1cce702) (ScriptedImporter) -> (artifact id: '0657b8b31559fc95a208c0f7a782a0c3') in 0.0645624 seconds
Number of updated asset objects reloaded before import = 0Number of asset objects unloaded after import = 15

========================================================================
Received Import Request.
  Time since last request: 0.000046 seconds.
  path: Assets/STYLIZED Desert Kingdom/Materials/Textures/M_ground_sand_01_BaseColor.png
  artifactKey: Guid(e7b82d415e83ff64cbfb1e2ea6fa1b18) Importer(2089858483,192608db42251d675da83286b1cce702)
Start importing Assets/STYLIZED Desert Kingdom/Materials/Textures/M_ground_sand_01_BaseColor.png using Guid(e7b82d415e83ff64cbfb1e2ea6fa1b18) Importer(2089858483,192608db42251d675da83286b1cce702) (ScriptedImporter) -> (artifact id: 'feeaa4fdfe7122951f47dd050a56ab9f') in 0.0552697 seconds
Number of updated asset objects reloaded before import = 0Number of asset objects unloaded after import = 1

========================================================================
Received Import Request.
  Time since last request: 0.000024 seconds.
  path: Assets/STYLIZED Desert Kingdom/Materials/Materials/M_chest.mat
  artifactKey: Guid(037888fe8e3f95f4f8fe4393e3b27745) Importer(2089858483,192608db42251d675da83286b1cce702)
Start importing Assets/STYLIZED Desert Kingdom/Materials/Materials/M_chest.mat using Guid(037888fe8e3f95f4f8fe4393e3b27745) Importer(2089858483,192608db42251d675da83286b1cce702) (ScriptedImporter) -> (artifact id: '465802d45a2bfb855f351cd0f587c8db') in 0.0894686 seconds
Number of updated asset objects reloaded before import = 0Number of asset objects unloaded after import = 4

========================================================================
Received Import Request.
  Time since last request: 0.000039 seconds.
  path: Assets/STYLIZED Desert Kingdom/Prefabs/Buildings/SM_mausoleum_01.prefab
  artifactKey: Guid(6d84c20426f7da447838aa9017fb446e) Importer(2089858483,192608db42251d675da83286b1cce702)
Start importing Assets/STYLIZED Desert Kingdom/Prefabs/Buildings/SM_mausoleum_01.prefab using Guid(6d84c20426f7da447838aa9017fb446e) Importer(2089858483,192608db42251d675da83286b1cce702) (ScriptedImporter) -> (artifact id: 'ca19158ccf89ed7cc74256e5f70982e1') in 0.1572552 seconds
Number of updated asset objects reloaded before import = 0Number of asset objects unloaded after import = 22

========================================================================
Received Import Request.
  Time since last request: 0.000045 seconds.
  path: Assets/STYLIZED Desert Kingdom/Meshes/Props/SM_vase_02.fbx
  artifactKey: Guid(2fcdfaefebdc3e9498f0b2c07a0a95ee) Importer(2089858483,192608db42251d675da83286b1cce702)
Start importing Assets/STYLIZED Desert Kingdom/Meshes/Props/SM_vase_02.fbx using Guid(2fcdfaefebdc3e9498f0b2c07a0a95ee) Importer(2089858483,192608db42251d675da83286b1cce702) (ScriptedImporter) -> (artifact id: '08230524fb356ae0841dd8b254c152c4') in 0.0658215 seconds
Number of updated asset objects reloaded before import = 0Number of asset objects unloaded after import = 12

========================================================================
Received Import Request.
  Time since last request: 0.000033 seconds.
  path: Assets/STYLIZED Desert Kingdom/Prefabs/Particles/SM_flame (1).prefab
  artifactKey: Guid(8816a078dbb6c004890b9bbc0bf3310f) Importer(2089858483,192608db42251d675da83286b1cce702)
Start importing Assets/STYLIZED Desert Kingdom/Prefabs/Particles/SM_flame (1).prefab using Guid(8816a078dbb6c004890b9bbc0bf3310f) Importer(2089858483,192608db42251d675da83286b1cce702) (ScriptedImporter) -> (artifact id: 'c9e70756b1cfef64a8c8ef8e2f2014ee') in 0.0998975 seconds
Number of updated asset objects reloaded before import = 0Number of asset objects unloaded after import = 14

========================================================================
Received Import Request.
  Time since last request: 0.000085 seconds.
  path: Assets/STYLIZED Desert Kingdom/Materials/Textures/M_pattern_Normal.png
  artifactKey: Guid(6c62ff97decef0d4491b2481a1f3c95c) Importer(2089858483,192608db42251d675da83286b1cce702)
Start importing Assets/STYLIZED Desert Kingdom/Materials/Textures/M_pattern_Normal.png using Guid(6c62ff97decef0d4491b2481a1f3c95c) Importer(2089858483,192608db42251d675da83286b1cce702) (ScriptedImporter) -> (artifact id: '7eafc4b76a62d9b5fe9a8834db66113c') in 0.1004731 seconds
Number of updated asset objects reloaded before import = 0Number of asset objects unloaded after import = 1

========================================================================
Received Import Request.
  Time since last request: 0.000047 seconds.
  path: Assets/STYLIZED Desert Kingdom/Prefabs/Props/SM_chest_lid.prefab
  artifactKey: Guid(184a9229642015e4bab5f62673cf94a6) Importer(2089858483,192608db42251d675da83286b1cce702)
Start importing Assets/STYLIZED Desert Kingdom/Prefabs/Props/SM_chest_lid.prefab using Guid(184a9229642015e4bab5f62673cf94a6) Importer(2089858483,192608db42251d675da83286b1cce702) (ScriptedImporter) -> (artifact id: '2859c6118b5f6be5c884f59b7c75a039') in 0.101247 seconds
Number of updated asset objects reloaded before import = 0Number of asset objects unloaded after import = 15

========================================================================
Received Import Request.
  Time since last request: 0.000031 seconds.
  path: Assets/STYLIZED Desert Kingdom/Prefabs/Props/SM_marketstand_02 (1).prefab
  artifactKey: Guid(63b34e2b721d1e84cb75f16877d3ca63) Importer(2089858483,192608db42251d675da83286b1cce702)
Start importing Assets/STYLIZED Desert Kingdom/Prefabs/Props/SM_marketstand_02 (1).prefab using Guid(63b34e2b721d1e84cb75f16877d3ca63) Importer(2089858483,192608db42251d675da83286b1cce702) (ScriptedImporter) -> (artifact id: '351c8841628b6277736d3bae534cc29e') in 0.06926 seconds
Number of updated asset objects reloaded before import = 0Number of asset objects unloaded after import = 16

========================================================================
Received Import Request.
  Time since last request: 0.000028 seconds.
  path: Assets/STYLIZED Desert Kingdom/Materials/Materials/M_marketstand_cloth 2.mat
  artifactKey: Guid(dc09378bed33af24bb206e8a08ee0351) Importer(2089858483,192608db42251d675da83286b1cce702)
Start importing Assets/STYLIZED Desert Kingdom/Materials/Materials/M_marketstand_cloth 2.mat using Guid(dc09378bed33af24bb206e8a08ee0351) Importer(2089858483,192608db42251d675da83286b1cce702) (ScriptedImporter) -> (artifact id: '043cfee109267be93115a94d27f8beaa') in 0.0433785 seconds
Number of updated asset objects reloaded before import = 0Number of asset objects unloaded after import = 3

========================================================================
Received Import Request.
  Time since last request: 0.000039 seconds.
  path: Assets/STYLIZED Desert Kingdom/Prefabs/Modular Elements/SM_wall_c_standard.prefab
  artifactKey: Guid(4254edf414a90f44394b9586160a4bb0) Importer(2089858483,192608db42251d675da83286b1cce702)
Start importing Assets/STYLIZED Desert Kingdom/Prefabs/Modular Elements/SM_wall_c_standard.prefab using Guid(4254edf414a90f44394b9586160a4bb0) Importer(2089858483,192608db42251d675da83286b1cce702) (ScriptedImporter) -> (artifact id: 'bf97a8adec6c101938126cdef284bea5') in 0.0965556 seconds
Number of updated asset objects reloaded before import = 0Number of asset objects unloaded after import = 17

========================================================================
Received Import Request.
  Time since last request: 0.000035 seconds.
  path: Assets/STYLIZED Desert Kingdom/Prefabs/Buildings/SM_fountain_01 (1).prefab
  artifactKey: Guid(3d9fd8d43aa27b542b923c8e3e4f5cea) Importer(2089858483,192608db42251d675da83286b1cce702)
Start importing Assets/STYLIZED Desert Kingdom/Prefabs/Buildings/SM_fountain_01 (1).prefab using Guid(3d9fd8d43aa27b542b923c8e3e4f5cea) Importer(2089858483,192608db42251d675da83286b1cce702) (ScriptedImporter) -> (artifact id: '1e5d04077cfb879b5ea10a91494aca48') in 0.1564169 seconds
Number of updated asset objects reloaded before import = 0Number of asset objects unloaded after import = 21

========================================================================
Received Import Request.
  Time since last request: 0.000032 seconds.
  path: Assets/STYLIZED Desert Kingdom/Prefabs/Props/SM_marketstand_preset_05.prefab
  artifactKey: Guid(bb1bcc7e75e8f754b8e2f0d2af2fb69a) Importer(2089858483,192608db42251d675da83286b1cce702)
Start importing Assets/STYLIZED Desert Kingdom/Prefabs/Props/SM_marketstand_preset_05.prefab using Guid(bb1bcc7e75e8f754b8e2f0d2af2fb69a) Importer(2089858483,192608db42251d675da83286b1cce702) (ScriptedImporter) -> (artifact id: 'ca85e9a57dff0ca892cf24c54cf05ace') in 0.0918565 seconds
Number of updated asset objects reloaded before import = 0Number of asset objects unloaded after import = 18

========================================================================
Received Import Request.
  Time since last request: 0.000049 seconds.
  path: Assets/STYLIZED Desert Kingdom/Materials/Materials/M_water 1.mat
  artifactKey: Guid(b026f01e59693bb43a8f31a33b9c21bf) Importer(2089858483,192608db42251d675da83286b1cce702)
Start importing Assets/STYLIZED Desert Kingdom/Materials/Materials/M_water 1.mat using Guid(b026f01e59693bb43a8f31a33b9c21bf) Importer(2089858483,192608db42251d675da83286b1cce702) (ScriptedImporter) -> (artifact id: '018dc0c1d01814c58d76fc05d80e31bd') in 0.054076 seconds
Number of updated asset objects reloaded before import = 0Number of asset objects unloaded after import = 2

========================================================================
Received Import Request.
  Time since last request: 0.000038 seconds.
  path: Assets/STYLIZED Desert Kingdom/Prefabs/Modular Elements/SM_wall_arch_01.prefab
  artifactKey: Guid(d3e395c55a5723f4093007d88a846a18) Importer(2089858483,192608db42251d675da83286b1cce702)
Start importing Assets/STYLIZED Desert Kingdom/Prefabs/Modular Elements/SM_wall_arch_01.prefab using Guid(d3e395c55a5723f4093007d88a846a18) Importer(2089858483,192608db42251d675da83286b1cce702) (ScriptedImporter) -> (artifact id: '20e1ceccf8cd145c65730952508c2f76') in 0.0991369 seconds
Number of updated asset objects reloaded before import = 0Number of asset objects unloaded after import = 17

========================================================================
Received Import Request.
  Time since last request: 0.000033 seconds.
  path: Assets/STYLIZED Desert Kingdom/Prefabs/Modular Elements/SM_street_02 (2).prefab
  artifactKey: Guid(68ebb0ed68368a94b989e788a2ada022) Importer(2089858483,192608db42251d675da83286b1cce702)
Start importing Assets/STYLIZED Desert Kingdom/Prefabs/Modular Elements/SM_street_02 (2).prefab using Guid(68ebb0ed68368a94b989e788a2ada022) Importer(2089858483,192608db42251d675da83286b1cce702) (ScriptedImporter) -> (artifact id: 'b41b3f42b84fc3d84277e81281df0dbe') in 0.0640436 seconds
Number of updated asset objects reloaded before import = 0Number of asset objects unloaded after import = 16

========================================================================
Received Import Request.
  Time since last request: 0.000051 seconds.
  path: Assets/STYLIZED Desert Kingdom/Meshes/Props/SM_marketstand_02.fbx
  artifactKey: Guid(932ea05d1fdd25e4da2d018162ff3447) Importer(2089858483,192608db42251d675da83286b1cce702)
Start importing Assets/STYLIZED Desert Kingdom/Meshes/Props/SM_marketstand_02.fbx using Guid(932ea05d1fdd25e4da2d018162ff3447) Importer(2089858483,192608db42251d675da83286b1cce702) (ScriptedImporter) -> (artifact id: 'c6068152ba0f583364006e5a12e90f9a') in 0.0488344 seconds
Number of updated asset objects reloaded before import = 0Number of asset objects unloaded after import = 13

========================================================================
Received Import Request.
  Time since last request: 0.000037 seconds.
  path: Assets/STYLIZED Desert Kingdom/Meshes/Modular Elements/SM_wall_large_01.fbx
  artifactKey: Guid(3044b852602a7364984c6d8c804417e2) Importer(2089858483,192608db42251d675da83286b1cce702)
Start importing Assets/STYLIZED Desert Kingdom/Meshes/Modular Elements/SM_wall_large_01.fbx using Guid(3044b852602a7364984c6d8c804417e2) Importer(2089858483,192608db42251d675da83286b1cce702) (ScriptedImporter) -> (artifact id: '2750d4b3775ef9454be9bb460578a86a') in 0.1519002 seconds
Number of updated asset objects reloaded before import = 0Number of asset objects unloaded after import = 20

========================================================================
Received Import Request.
  Time since last request: 0.000050 seconds.
  path: Assets/STYLIZED Desert Kingdom/Prefabs/Props/SM_torch_wall.prefab
  artifactKey: Guid(ebb4d27f9b3c5f445a7ec5240b4aa04c) Importer(2089858483,192608db42251d675da83286b1cce702)
Start importing Assets/STYLIZED Desert Kingdom/Prefabs/Props/SM_torch_wall.prefab using Guid(ebb4d27f9b3c5f445a7ec5240b4aa04c) Importer(2089858483,192608db42251d675da83286b1cce702) (ScriptedImporter) -> (artifact id: 'bea33f55451cfe556376bf680b54707a') in 0.0861611 seconds
Number of updated asset objects reloaded before import = 0Number of asset objects unloaded after import = 16

========================================================================
Received Import Request.
  Time since last request: 0.000078 seconds.
  path: Assets/STYLIZED Desert Kingdom/Materials/Materials/M_tree_bark.mat
  artifactKey: Guid(6c09181efaf2f204787b5b12ef464081) Importer(2089858483,192608db42251d675da83286b1cce702)
Start importing Assets/STYLIZED Desert Kingdom/Materials/Materials/M_tree_bark.mat using Guid(6c09181efaf2f204787b5b12ef464081) Importer(2089858483,192608db42251d675da83286b1cce702) (ScriptedImporter) -> (artifact id: 'f11c61a947f018e8ecec8c2dbd8c5c72') in 0.1132112 seconds
Number of updated asset objects reloaded before import = 0Number of asset objects unloaded after import = 3

========================================================================
Received Import Request.
  Time since last request: 0.000082 seconds.
  path: Assets/STYLIZED Desert Kingdom/Meshes/Buildings/New Folder/SM_minaret_03.fbx
  artifactKey: Guid(8e13d937c1250254e8ebb6bf4dcafd2f) Importer(2089858483,192608db42251d675da83286b1cce702)
Start importing Assets/STYLIZED Desert Kingdom/Meshes/Buildings/New Folder/SM_minaret_03.fbx using Guid(8e13d937c1250254e8ebb6bf4dcafd2f) Importer(2089858483,192608db42251d675da83286b1cce702) (ScriptedImporter) -> (artifact id: 'f26b066e27e7381557debc5d8ed0892e') in 0.0707055 seconds
Number of updated asset objects reloaded before import = 0Number of asset objects unloaded after import = 15

========================================================================
Received Import Request.
  Time since last request: 0.000057 seconds.
  path: Assets/STYLIZED Desert Kingdom/Materials/Textures/M_chest_Normal.png
  artifactKey: Guid(fe15a0f9eb5f505449e08edd68d7d007) Importer(2089858483,192608db42251d675da83286b1cce702)
Start importing Assets/STYLIZED Desert Kingdom/Materials/Textures/M_chest_Normal.png using Guid(fe15a0f9eb5f505449e08edd68d7d007) Importer(2089858483,192608db42251d675da83286b1cce702) (ScriptedImporter) -> (artifact id: 'ec8c4260ca8589e9c113cf82c4fe587a') in 0.0881889 seconds
Number of updated asset objects reloaded before import = 0Number of asset objects unloaded after import = 1

========================================================================
Received Import Request.
  Time since last request: 0.000047 seconds.
  path: Assets/STYLIZED Desert Kingdom/Meshes/Props/new
  artifactKey: Guid(d9549f257ccb65e45abfb9a1b3562e2b) Importer(2089858483,192608db42251d675da83286b1cce702)
Start importing Assets/STYLIZED Desert Kingdom/Meshes/Props/new using Guid(d9549f257ccb65e45abfb9a1b3562e2b) Importer(2089858483,192608db42251d675da83286b1cce702) (ScriptedImporter) -> (artifact id: '362b1e7bff5129dd6c71aa02829f2519') in 0.0271257 seconds
Number of updated asset objects reloaded before import = 0Number of asset objects unloaded after import = 1

========================================================================
Received Import Request.
  Time since last request: 0.000024 seconds.
  path: Assets/STYLIZED Desert Kingdom/Meshes/Props/new03/SM_marketstand_preset_04.fbx
  artifactKey: Guid(8fdeb0d7b0f4a804abc06306c0daa7f5) Importer(2089858483,192608db42251d675da83286b1cce702)
Start importing Assets/STYLIZED Desert Kingdom/Meshes/Props/new03/SM_marketstand_preset_04.fbx using Guid(8fdeb0d7b0f4a804abc06306c0daa7f5) Importer(2089858483,192608db42251d675da83286b1cce702) (ScriptedImporter) -> (artifact id: '06b3978d1ed134bdba6b1ac0dbe57b2f') in 0.0878726 seconds
Number of updated asset objects reloaded before import = 0Number of asset objects unloaded after import = 17

========================================================================
Received Import Request.
  Time since last request: 0.000035 seconds.
  path: Assets/STYLIZED Desert Kingdom/Prefabs/Modular Elements/SM_railing_03.prefab
  artifactKey: Guid(ad883a48e3ea0a14b9f138d16c5515a0) Importer(2089858483,192608db42251d675da83286b1cce702)
Start importing Assets/STYLIZED Desert Kingdom/Prefabs/Modular Elements/SM_railing_03.prefab using Guid(ad883a48e3ea0a14b9f138d16c5515a0) Importer(2089858483,192608db42251d675da83286b1cce702) (ScriptedImporter) -> (artifact id: '313f1fb6c5f128c9a5db00ef5a111f96') in 0.0843653 seconds
Number of updated asset objects reloaded before import = 0Number of asset objects unloaded after import = 16

========================================================================
Received Import Request.
  Time since last request: 0.000033 seconds.
  path: Assets/STYLIZED Desert Kingdom/Prefabs/Props/SM_carpet_02.prefab
  artifactKey: Guid(0db1bf836e8eb0349ae5a62a54036cd3) Importer(2089858483,192608db42251d675da83286b1cce702)
Start importing Assets/STYLIZED Desert Kingdom/Prefabs/Props/SM_carpet_02.prefab using Guid(0db1bf836e8eb0349ae5a62a54036cd3) Importer(2089858483,192608db42251d675da83286b1cce702) (ScriptedImporter) -> (artifact id: '203c83f1d9eccb8e3426ebceb7e5d96d') in 0.0635793 seconds
Number of updated asset objects reloaded before import = 0Number of asset objects unloaded after import = 15

========================================================================
Received Import Request.
  Time since last request: 0.000043 seconds.
  path: Assets/STYLIZED Desert Kingdom/Materials/Textures/M_leaf_palm_03.png
  artifactKey: Guid(a6efdb46311f1784799669e402a28a3b) Importer(2089858483,192608db42251d675da83286b1cce702)
Start importing Assets/STYLIZED Desert Kingdom/Materials/Textures/M_leaf_palm_03.png using Guid(a6efdb46311f1784799669e402a28a3b) Importer(2089858483,192608db42251d675da83286b1cce702) (ScriptedImporter) -> (artifact id: 'f49d170d7a068354895ff5ad91cbe54b') in 0.047554 seconds
Number of updated asset objects reloaded before import = 0Number of asset objects unloaded after import = 1

========================================================================
Received Import Request.
  Time since last request: 0.000034 seconds.
  path: Assets/STYLIZED Desert Kingdom/Materials/Materials/M_marketstand_cloth.mat
  artifactKey: Guid(6cf7425ecbb99684b902000585783ce2) Importer(2089858483,192608db42251d675da83286b1cce702)
Start importing Assets/STYLIZED Desert Kingdom/Materials/Materials/M_marketstand_cloth.mat using Guid(6cf7425ecbb99684b902000585783ce2) Importer(2089858483,192608db42251d675da83286b1cce702) (ScriptedImporter) -> (artifact id: '3e9e1fec2ee65856c13ed41f24bbbfe2') in 0.0361579 seconds
Number of updated asset objects reloaded before import = 0Number of asset objects unloaded after import = 3

========================================================================
Received Import Request.
  Time since last request: 0.000037 seconds.
  path: Assets/STYLIZED Desert Kingdom/Materials/Textures/M_pattern_golden_02_BaseColor.png
  artifactKey: Guid(0dd03813f3ba4994b8dfe31c4d5f6fe1) Importer(2089858483,192608db42251d675da83286b1cce702)
Start importing Assets/STYLIZED Desert Kingdom/Materials/Textures/M_pattern_golden_02_BaseColor.png using Guid(0dd03813f3ba4994b8dfe31c4d5f6fe1) Importer(2089858483,192608db42251d675da83286b1cce702) (ScriptedImporter) -> (artifact id: '51b5caf41d0a9402157cc5d14efafc28') in 0.0364485 seconds
Number of updated asset objects reloaded before import = 0Number of asset objects unloaded after import = 1

========================================================================
Received Import Request.
  Time since last request: 0.000031 seconds.
  path: Assets/STYLIZED Desert Kingdom/Materials/Materials/M_windowframes.mat
  artifactKey: Guid(de8020470abe0a3449ade859e6ab7fbc) Importer(2089858483,192608db42251d675da83286b1cce702)
Start importing Assets/STYLIZED Desert Kingdom/Materials/Materials/M_windowframes.mat using Guid(de8020470abe0a3449ade859e6ab7fbc) Importer(2089858483,192608db42251d675da83286b1cce702) (ScriptedImporter) -> (artifact id: 'bc8f4da14910a825e4aabe748a3ab6ae') in 0.0437739 seconds
Number of updated asset objects reloaded before import = 0Number of asset objects unloaded after import = 4

========================================================================
Received Import Request.
  Time since last request: 0.000050 seconds.
  path: Assets/STYLIZED Desert Kingdom/Materials/Textures/M_bricks_Normal.png
  artifactKey: Guid(4bb34ea4276509a45b5cf797d527d14f) Importer(2089858483,192608db42251d675da83286b1cce702)
Start importing Assets/STYLIZED Desert Kingdom/Materials/Textures/M_bricks_Normal.png using Guid(4bb34ea4276509a45b5cf797d527d14f) Importer(2089858483,192608db42251d675da83286b1cce702) (ScriptedImporter) -> (artifact id: '193ab24b50d45bc8409d188ec0eb2d21') in 0.0454639 seconds
Number of updated asset objects reloaded before import = 0Number of asset objects unloaded after import = 1

========================================================================
Received Import Request.
  Time since last request: 0.000034 seconds.
  path: Assets/STYLIZED Desert Kingdom/Materials/Textures/M_edges_MaskMap.png
  artifactKey: Guid(dc5b9b0a59e8b4e449f3a44b91a4033f) Importer(2089858483,192608db42251d675da83286b1cce702)
Start importing Assets/STYLIZED Desert Kingdom/Materials/Textures/M_edges_MaskMap.png using Guid(dc5b9b0a59e8b4e449f3a44b91a4033f) Importer(2089858483,192608db42251d675da83286b1cce702) (ScriptedImporter) -> (artifact id: '15ca07bb76ec7b59adf2d28ca050d206') in 0.0546142 seconds
Number of updated asset objects reloaded before import = 0Number of asset objects unloaded after import = 1

========================================================================
Received Import Request.
  Time since last request: 0.000037 seconds.
  path: Assets/STYLIZED Desert Kingdom/Materials/Textures/M_arch_fancy_Normal.png
  artifactKey: Guid(3ec5de3c08929a544ad688aef2311996) Importer(2089858483,192608db42251d675da83286b1cce702)
Start importing Assets/STYLIZED Desert Kingdom/Materials/Textures/M_arch_fancy_Normal.png using Guid(3ec5de3c08929a544ad688aef2311996) Importer(2089858483,192608db42251d675da83286b1cce702) (ScriptedImporter) -> (artifact id: 'ee14c6eb3a0dd00410848f54e5646a1d') in 0.0744593 seconds
Number of updated asset objects reloaded before import = 0Number of asset objects unloaded after import = 1

========================================================================
Received Import Request.
  Time since last request: 0.000048 seconds.
  path: Assets/STYLIZED Desert Kingdom/Meshes/Props/SM_table_market_03.fbx
  artifactKey: Guid(4e4d61fea096eff4e879db372b61235d) Importer(2089858483,192608db42251d675da83286b1cce702)
Start importing Assets/STYLIZED Desert Kingdom/Meshes/Props/SM_table_market_03.fbx using Guid(4e4d61fea096eff4e879db372b61235d) Importer(2089858483,192608db42251d675da83286b1cce702) (ScriptedImporter) -> (artifact id: 'd57bec8868362e317a7b357e3a32ce9c') in 0.0884275 seconds
Number of updated asset objects reloaded before import = 0Number of asset objects unloaded after import = 13

========================================================================
Received Import Request.
  Time since last request: 0.000023 seconds.
  path: Assets/STYLIZED Desert Kingdom/Meshes/Statues/SM_Statue_Phoenix.fbx
  artifactKey: Guid(bdc55ab739fccd34c858dff79aff556b) Importer(2089858483,192608db42251d675da83286b1cce702)
Start importing Assets/STYLIZED Desert Kingdom/Meshes/Statues/SM_Statue_Phoenix.fbx using Guid(bdc55ab739fccd34c858dff79aff556b) Importer(2089858483,192608db42251d675da83286b1cce702) (ScriptedImporter) -> (artifact id: '7410805cb3772edd1cf5ff1681efdfb0') in 0.0743268 seconds
Number of updated asset objects reloaded before import = 0Number of asset objects unloaded after import = 12

========================================================================
Received Import Request.
  Time since last request: 0.000045 seconds.
  path: Assets/STYLIZED Desert Kingdom/Materials/Textures/M_mosaic_pattern_02_BaseColor.png
  artifactKey: Guid(106007620b1cd8149832f44ae0330d28) Importer(2089858483,192608db42251d675da83286b1cce702)
Start importing Assets/STYLIZED Desert Kingdom/Materials/Textures/M_mosaic_pattern_02_BaseColor.png using Guid(106007620b1cd8149832f44ae0330d28) Importer(2089858483,192608db42251d675da83286b1cce702) (ScriptedImporter) -> (artifact id: 'ed9c4f392d4759969c09d6128106fb4a') in 0.0894943 seconds
Number of updated asset objects reloaded before import = 0Number of asset objects unloaded after import = 1

========================================================================
Received Import Request.
  Time since last request: 0.000074 seconds.
  path: Assets/STYLIZED Desert Kingdom/Meshes/Modular Elements/SM_wall_arch_01.fbx
  artifactKey: Guid(d341ad4416532884bb91f5943910af9a) Importer(2089858483,192608db42251d675da83286b1cce702)
Start importing Assets/STYLIZED Desert Kingdom/Meshes/Modular Elements/SM_wall_arch_01.fbx using Guid(d341ad4416532884bb91f5943910af9a) Importer(2089858483,192608db42251d675da83286b1cce702) (ScriptedImporter) -> (artifact id: '8f9fdafa7500eddd5eba23f335076dba') in 0.0783434 seconds
Number of updated asset objects reloaded before import = 0Number of asset objects unloaded after import = 13

========================================================================
Received Import Request.
  Time since last request: 0.000028 seconds.
  path: Assets/STYLIZED Desert Kingdom/Materials/Materials/M_shrub_desert.mat
  artifactKey: Guid(748cc8353493778409c4058eca1cb64e) Importer(2089858483,192608db42251d675da83286b1cce702)
Start importing Assets/STYLIZED Desert Kingdom/Materials/Materials/M_shrub_desert.mat using Guid(748cc8353493778409c4058eca1cb64e) Importer(2089858483,192608db42251d675da83286b1cce702) (ScriptedImporter) -> (artifact id: 'ebc2135f371b656b0fe8271321068683') in 0.0694676 seconds
Number of updated asset objects reloaded before import = 0Number of asset objects unloaded after import = 2

========================================================================
Received Import Request.
  Time since last request: 0.000032 seconds.
  path: Assets/STYLIZED Desert Kingdom/Prefabs/Modular Elements/SM_bridge_preset.prefab
  artifactKey: Guid(7522d0004b69f6a4da0d138d1de9567e) Importer(2089858483,192608db42251d675da83286b1cce702)
Start importing Assets/STYLIZED Desert Kingdom/Prefabs/Modular Elements/SM_bridge_preset.prefab using Guid(7522d0004b69f6a4da0d138d1de9567e) Importer(2089858483,192608db42251d675da83286b1cce702) (ScriptedImporter) -> (artifact id: '0eb77da87d9078d6bcfc4ec02385b24a') in 0.1001038 seconds
Number of updated asset objects reloaded before import = 0Number of asset objects unloaded after import = 20

========================================================================
Received Import Request.
  Time since last request: 0.000038 seconds.
  path: Assets/STYLIZED Desert Kingdom/Meshes/Props/SM_cart_02.fbx
  artifactKey: Guid(be742fc90b39a00459793ee6463a4385) Importer(2089858483,192608db42251d675da83286b1cce702)
Start importing Assets/STYLIZED Desert Kingdom/Meshes/Props/SM_cart_02.fbx using Guid(be742fc90b39a00459793ee6463a4385) Importer(2089858483,192608db42251d675da83286b1cce702) (ScriptedImporter) -> (artifact id: '32519b614f35edf6b3ee123bc810192c') in 0.0379319 seconds
Number of updated asset objects reloaded before import = 0Number of asset objects unloaded after import = 12

========================================================================
Received Import Request.
  Time since last request: 0.000029 seconds.
  path: Assets/STYLIZED Desert Kingdom/Prefabs/Modular Elements/SM_wall_large_02.prefab
  artifactKey: Guid(67ee15fffabc00b4d9945ed52fdbf023) Importer(2089858483,192608db42251d675da83286b1cce702)
Start importing Assets/STYLIZED Desert Kingdom/Prefabs/Modular Elements/SM_wall_large_02.prefab using Guid(67ee15fffabc00b4d9945ed52fdbf023) Importer(2089858483,192608db42251d675da83286b1cce702) (ScriptedImporter) -> (artifact id: '48db818139d433ec165e0ac92baea955') in 0.1509217 seconds
Number of updated asset objects reloaded before import = 0Number of asset objects unloaded after import = 21

========================================================================
Received Import Request.
  Time since last request: 0.000059 seconds.
  path: Assets/STYLIZED Desert Kingdom/Materials/Materials/M_water 2.mat
  artifactKey: Guid(f0210c88945164b489cd3bd09bff3705) Importer(2089858483,192608db42251d675da83286b1cce702)
Start importing Assets/STYLIZED Desert Kingdom/Materials/Materials/M_water 2.mat using Guid(f0210c88945164b489cd3bd09bff3705) Importer(2089858483,192608db42251d675da83286b1cce702) (ScriptedImporter) -> (artifact id: '72a0489c97cba75371e878c6f6f8f14e') in 0.054585 seconds
Number of updated asset objects reloaded before import = 0Number of asset objects unloaded after import = 2

========================================================================
Received Import Request.
  Time since last request: 0.000043 seconds.
  path: Assets/STYLIZED Desert Kingdom/Prefabs/Buildings/SM_admistrative_building_02.prefab
  artifactKey: Guid(f09df960a1272934fafbaf2665078f5b) Importer(2089858483,192608db42251d675da83286b1cce702)
Start importing Assets/STYLIZED Desert Kingdom/Prefabs/Buildings/SM_admistrative_building_02.prefab using Guid(f09df960a1272934fafbaf2665078f5b) Importer(2089858483,192608db42251d675da83286b1cce702) (ScriptedImporter) -> (artifact id: 'dc9cfa7741f72a3394fbc222c0318c90') in 0.1229892 seconds
Number of updated asset objects reloaded before import = 0Number of asset objects unloaded after import = 22

========================================================================
Received Import Request.
  Time since last request: 0.000034 seconds.
  path: Assets/STYLIZED Desert Kingdom/Meshes/Buildings/New Folder/SM_pavilion_dome_01.fbx
  artifactKey: Guid(47217aa6754ade541928d14bdfc2b333) Importer(2089858483,192608db42251d675da83286b1cce702)
Start importing Assets/STYLIZED Desert Kingdom/Meshes/Buildings/New Folder/SM_pavilion_dome_01.fbx using Guid(47217aa6754ade541928d14bdfc2b333) Importer(2089858483,192608db42251d675da83286b1cce702) (ScriptedImporter) -> (artifact id: '8e6dfbc0c353ac5e9c7cdd7cbfe6a1ea') in 0.0972824 seconds
Number of updated asset objects reloaded before import = 0Number of asset objects unloaded after import = 19

========================================================================
Received Import Request.
  Time since last request: 0.000073 seconds.
  path: Assets/STYLIZED Desert Kingdom/Prefabs/Buildings/SM_temple_03.prefab
  artifactKey: Guid(f88dc4682c0fb654a805238d9bfb0056) Importer(2089858483,192608db42251d675da83286b1cce702)
Start importing Assets/STYLIZED Desert Kingdom/Prefabs/Buildings/SM_temple_03.prefab using Guid(f88dc4682c0fb654a805238d9bfb0056) Importer(2089858483,192608db42251d675da83286b1cce702) (ScriptedImporter) -> (artifact id: 'f0682cc10b24eb4777a91b10a7ad1996') in 0.1379042 seconds
Number of updated asset objects reloaded before import = 0Number of asset objects unloaded after import = 26

========================================================================
Received Import Request.
  Time since last request: 0.000058 seconds.
  path: Assets/STYLIZED Desert Kingdom/Prefabs/Castle/SM_stairs_castle.prefab
  artifactKey: Guid(fc8b1cf04320ba143bfc32340f83d367) Importer(2089858483,192608db42251d675da83286b1cce702)
Start importing Assets/STYLIZED Desert Kingdom/Prefabs/Castle/SM_stairs_castle.prefab using Guid(fc8b1cf04320ba143bfc32340f83d367) Importer(2089858483,192608db42251d675da83286b1cce702) (ScriptedImporter) -> (artifact id: '53fec0a64aa7be144bfc082cd9be753f') in 0.0864724 seconds
Number of updated asset objects reloaded before import = 0Number of asset objects unloaded after import = 16

========================================================================
Received Import Request.
  Time since last request: 0.000040 seconds.
  path: Assets/STYLIZED Desert Kingdom/Meshes/Nature/SM_grass_01 2.fbx
  artifactKey: Guid(7e0968023dcdfa440a44958bf154fd28) Importer(2089858483,192608db42251d675da83286b1cce702)
Start importing Assets/STYLIZED Desert Kingdom/Meshes/Nature/SM_grass_01 2.fbx using Guid(7e0968023dcdfa440a44958bf154fd28) Importer(2089858483,192608db42251d675da83286b1cce702) (ScriptedImporter) -> (artifact id: 'ed064171284f7ef4aaf3effcdc7657f9') in 0.066122 seconds
Number of updated asset objects reloaded before import = 0Number of asset objects unloaded after import = 12

========================================================================
Received Import Request.
  Time since last request: 0.000101 seconds.
  path: Assets/STYLIZED Desert Kingdom/Prefabs/Modular Elements/SM_pillar_01.prefab
  artifactKey: Guid(9871e8a30879d6e4f92a304f63d96d4c) Importer(2089858483,192608db42251d675da83286b1cce702)
Start importing Assets/STYLIZED Desert Kingdom/Prefabs/Modular Elements/SM_pillar_01.prefab using Guid(9871e8a30879d6e4f92a304f63d96d4c) Importer(2089858483,192608db42251d675da83286b1cce702) (ScriptedImporter) -> (artifact id: 'd46d168230ab3839d9586103d6e773c5') in 0.0867884 seconds
Number of updated asset objects reloaded before import = 0Number of asset objects unloaded after import = 18

========================================================================
Received Import Request.
  Time since last request: 0.000087 seconds.
  path: Assets/STYLIZED Desert Kingdom/Prefabs/Buildings/SM_Minaret_05 1.prefab
  artifactKey: Guid(cef2ef4507f3d00438206f9b0aa7e1be) Importer(2089858483,192608db42251d675da83286b1cce702)
Start importing Assets/STYLIZED Desert Kingdom/Prefabs/Buildings/SM_Minaret_05 1.prefab using Guid(cef2ef4507f3d00438206f9b0aa7e1be) Importer(2089858483,192608db42251d675da83286b1cce702) (ScriptedImporter) -> (artifact id: 'c81b01c39a1959bfc5acaf36e39188bc') in 0.1452726 seconds
Number of updated asset objects reloaded before import = 0Number of asset objects unloaded after import = 26

========================================================================
Received Import Request.
  Time since last request: 0.000048 seconds.
  path: Assets/STYLIZED Desert Kingdom/Materials/Materials/M_ivy_leaves 5.mat
  artifactKey: Guid(aa18922da43aaf3408a67333d2d94c9e) Importer(2089858483,192608db42251d675da83286b1cce702)
Start importing Assets/STYLIZED Desert Kingdom/Materials/Materials/M_ivy_leaves 5.mat using Guid(aa18922da43aaf3408a67333d2d94c9e) Importer(2089858483,192608db42251d675da83286b1cce702) (ScriptedImporter) -> (artifact id: '4bfd568800329a9a619eb7887dfa4cbb') in 0.1557038 seconds
Number of updated asset objects reloaded before import = 0Number of asset objects unloaded after import = 2

========================================================================
Received Import Request.
  Time since last request: 0.000049 seconds.
  path: Assets/STYLIZED Desert Kingdom/Meshes/Props/new/SM_basket_03.fbx
  artifactKey: Guid(3185a23a72a42cb4abe4890530ef3450) Importer(2089858483,192608db42251d675da83286b1cce702)
Start importing Assets/STYLIZED Desert Kingdom/Meshes/Props/new/SM_basket_03.fbx using Guid(3185a23a72a42cb4abe4890530ef3450) Importer(2089858483,192608db42251d675da83286b1cce702) (ScriptedImporter) -> (artifact id: '3d65534d8179405b911e6cb34e977400') in 0.0655579 seconds
Number of updated asset objects reloaded before import = 0Number of asset objects unloaded after import = 12

========================================================================
Received Import Request.
  Time since last request: 0.000035 seconds.
  path: Assets/STYLIZED Desert Kingdom/Meshes/Modular Elements/SM_roof_cresting_03.fbx
  artifactKey: Guid(30ca11593acb8dc4d98d33d7d8935aac) Importer(2089858483,192608db42251d675da83286b1cce702)
Start importing Assets/STYLIZED Desert Kingdom/Meshes/Modular Elements/SM_roof_cresting_03.fbx using Guid(30ca11593acb8dc4d98d33d7d8935aac) Importer(2089858483,192608db42251d675da83286b1cce702) (ScriptedImporter) -> (artifact id: 'a03a4b16bd08681e73d39005db883041') in 0.0491763 seconds
Number of updated asset objects reloaded before import = 0Number of asset objects unloaded after import = 12

========================================================================
Received Import Request.
  Time since last request: 0.000056 seconds.
  path: Assets/STYLIZED Desert Kingdom/Meshes/Nature/SM_plant_desert_shrub.fbx
  artifactKey: Guid(c70c7a15eaf9b8c468cb80f1158ca9a1) Importer(2089858483,192608db42251d675da83286b1cce702)
Start importing Assets/STYLIZED Desert Kingdom/Meshes/Nature/SM_plant_desert_shrub.fbx using Guid(c70c7a15eaf9b8c468cb80f1158ca9a1) Importer(2089858483,192608db42251d675da83286b1cce702) (ScriptedImporter) -> (artifact id: '8edceae595c35cdba02e9a421bf6b856') in 0.0615496 seconds
Number of updated asset objects reloaded before import = 0Number of asset objects unloaded after import = 12

========================================================================
Received Import Request.
  Time since last request: 0.000076 seconds.
  path: Assets/STYLIZED Desert Kingdom/Prefabs/Buildings/SM_minaret_03 (1).prefab
  artifactKey: Guid(9f1338245e893654aa99bba5b3162667) Importer(2089858483,192608db42251d675da83286b1cce702)
Start importing Assets/STYLIZED Desert Kingdom/Prefabs/Buildings/SM_minaret_03 (1).prefab using Guid(9f1338245e893654aa99bba5b3162667) Importer(2089858483,192608db42251d675da83286b1cce702) (ScriptedImporter) -> (artifact id: 'ce285f9e358218e460a408d9b7c3aa89') in 0.0966985 seconds
Number of updated asset objects reloaded before import = 0Number of asset objects unloaded after import = 17

========================================================================
Received Import Request.
  Time since last request: 0.000045 seconds.
  path: Assets/STYLIZED Desert Kingdom/Materials/Textures/M_fireplaces_MaskMap.png
  artifactKey: Guid(e5b0acc20df22264aa23e642d7e39265) Importer(2089858483,192608db42251d675da83286b1cce702)
Start importing Assets/STYLIZED Desert Kingdom/Materials/Textures/M_fireplaces_MaskMap.png using Guid(e5b0acc20df22264aa23e642d7e39265) Importer(2089858483,192608db42251d675da83286b1cce702) (ScriptedImporter) -> (artifact id: '4707bf919b2a094692b42273c6ff85e9') in 0.0475308 seconds
Number of updated asset objects reloaded before import = 0Number of asset objects unloaded after import = 1

========================================================================
Received Import Request.
  Time since last request: 0.000039 seconds.
  path: Assets/STYLIZED Desert Kingdom/Meshes/Props/new/SM_carpet_03.fbx
  artifactKey: Guid(c620966f438e3e34eb52d6f529b71f47) Importer(2089858483,192608db42251d675da83286b1cce702)
Start importing Assets/STYLIZED Desert Kingdom/Meshes/Props/new/SM_carpet_03.fbx using Guid(c620966f438e3e34eb52d6f529b71f47) Importer(2089858483,192608db42251d675da83286b1cce702) (ScriptedImporter) -> (artifact id: 'edd6b7e39dc208c72ea24bc6449447c9') in 0.0591482 seconds
Number of updated asset objects reloaded before import = 0Number of asset objects unloaded after import = 12

========================================================================
Received Import Request.
  Time since last request: 0.000055 seconds.
  path: Assets/STYLIZED Desert Kingdom/Materials/Textures/M_pattern_02_BaseMap.png
  artifactKey: Guid(b55c411126d188c459b87ba1ae89479d) Importer(2089858483,192608db42251d675da83286b1cce702)
Start importing Assets/STYLIZED Desert Kingdom/Materials/Textures/M_pattern_02_BaseMap.png using Guid(b55c411126d188c459b87ba1ae89479d) Importer(2089858483,192608db42251d675da83286b1cce702) (ScriptedImporter) -> (artifact id: 'f49682727346dd63596a0d60ec34f8be') in 0.0645641 seconds
Number of updated asset objects reloaded before import = 0Number of asset objects unloaded after import = 1

========================================================================
Received Import Request.
  Time since last request: 0.000035 seconds.
  path: Assets/STYLIZED Desert Kingdom/Meshes/Buildings/New Folder/SM_rooftop_dome.fbx
  artifactKey: Guid(edebcf41505da8540b86b30eaae2e668) Importer(2089858483,192608db42251d675da83286b1cce702)
Start importing Assets/STYLIZED Desert Kingdom/Meshes/Buildings/New Folder/SM_rooftop_dome.fbx using Guid(edebcf41505da8540b86b30eaae2e668) Importer(2089858483,192608db42251d675da83286b1cce702) (ScriptedImporter) -> (artifact id: '480a86ca2b6f53bca137b25cba5b45a8') in 0.0529099 seconds
Number of updated asset objects reloaded before import = 0Number of asset objects unloaded after import = 14

========================================================================
Received Import Request.
  Time since last request: 0.000038 seconds.
  path: Assets/STYLIZED Desert Kingdom/Prefabs/Modular Elements/SM_railing_sandstone_01.prefab
  artifactKey: Guid(5316cfe365e022141b17ecf2948be9e6) Importer(2089858483,192608db42251d675da83286b1cce702)
Start importing Assets/STYLIZED Desert Kingdom/Prefabs/Modular Elements/SM_railing_sandstone_01.prefab using Guid(5316cfe365e022141b17ecf2948be9e6) Importer(2089858483,192608db42251d675da83286b1cce702) (ScriptedImporter) -> (artifact id: '90eac2ec30470fb74926246205941641') in 0.0779284 seconds
Number of updated asset objects reloaded before import = 0Number of asset objects unloaded after import = 15

========================================================================
Received Import Request.
  Time since last request: 0.000050 seconds.
  path: Assets/STYLIZED Desert Kingdom/Materials/Materials/M_groundtiles_desert.mat
  artifactKey: Guid(277f57d3664ee2b45a35619e6562b5d6) Importer(2089858483,192608db42251d675da83286b1cce702)
Start importing Assets/STYLIZED Desert Kingdom/Materials/Materials/M_groundtiles_desert.mat using Guid(277f57d3664ee2b45a35619e6562b5d6) Importer(2089858483,192608db42251d675da83286b1cce702) (ScriptedImporter) -> (artifact id: '5e56e0c6ea7a8888d6106ce5ec5b8a60') in 0.0490872 seconds
Number of updated asset objects reloaded before import = 0Number of asset objects unloaded after import = 4

========================================================================
Received Import Request.
  Time since last request: 0.000068 seconds.
  path: Assets/STYLIZED Desert Kingdom/Materials/Textures/M_corners_BaseMap.png
  artifactKey: Guid(df6406f55575bf242b64a034b2e758b4) Importer(2089858483,192608db42251d675da83286b1cce702)
Start importing Assets/STYLIZED Desert Kingdom/Materials/Textures/M_corners_BaseMap.png using Guid(df6406f55575bf242b64a034b2e758b4) Importer(2089858483,192608db42251d675da83286b1cce702) (ScriptedImporter) -> (artifact id: '078b817238153dc6c4efe17cb3dc4243') in 0.0946507 seconds
Number of updated asset objects reloaded before import = 0Number of asset objects unloaded after import = 1

========================================================================
Received Import Request.
  Time since last request: 0.000050 seconds.
  path: Assets/STYLIZED Desert Kingdom/Meshes/Props/SM_lamp_hanging_01.fbx
  artifactKey: Guid(6188fb461c688ec4a846c2140f3c0a54) Importer(2089858483,192608db42251d675da83286b1cce702)
Start importing Assets/STYLIZED Desert Kingdom/Meshes/Props/SM_lamp_hanging_01.fbx using Guid(6188fb461c688ec4a846c2140f3c0a54) Importer(2089858483,192608db42251d675da83286b1cce702) (ScriptedImporter) -> (artifact id: '10fd0d5e7275cc8376cb3abaa84f1423') in 0.1081171 seconds
Number of updated asset objects reloaded before import = 0Number of asset objects unloaded after import = 12

========================================================================
Received Import Request.
  Time since last request: 0.000067 seconds.
  path: Assets/STYLIZED Desert Kingdom/Prefabs/Props/SM_cart_preset_04.prefab
  artifactKey: Guid(0ea78b657a37edb42a82c3ab09623a66) Importer(2089858483,192608db42251d675da83286b1cce702)
Start importing Assets/STYLIZED Desert Kingdom/Prefabs/Props/SM_cart_preset_04.prefab using Guid(0ea78b657a37edb42a82c3ab09623a66) Importer(2089858483,192608db42251d675da83286b1cce702) (ScriptedImporter) -> (artifact id: 'a844f316a11c99d96eb0ee1224068699') in 0.0724435 seconds
Number of updated asset objects reloaded before import = 0Number of asset objects unloaded after import = 16

========================================================================
Received Import Request.
  Time since last request: 0.000040 seconds.
  path: Assets/STYLIZED Desert Kingdom/Materials/Textures/M_leaf_palm_01.png
  artifactKey: Guid(3f77a09618555274998d627941bdae99) Importer(2089858483,192608db42251d675da83286b1cce702)
Start importing Assets/STYLIZED Desert Kingdom/Materials/Textures/M_leaf_palm_01.png using Guid(3f77a09618555274998d627941bdae99) Importer(2089858483,192608db42251d675da83286b1cce702) (ScriptedImporter) -> (artifact id: '2ccae5ebb6f3fa0382697489d078e71e') in 0.0636043 seconds
Number of updated asset objects reloaded before import = 0Number of asset objects unloaded after import = 1

========================================================================
Received Import Request.
  Time since last request: 0.000034 seconds.
  path: Assets/STYLIZED Desert Kingdom/Meshes/Props/new03/SM_cart_preset_01.fbx
  artifactKey: Guid(2a1fe4fb9eab873429699442f3462efb) Importer(2089858483,192608db42251d675da83286b1cce702)
Start importing Assets/STYLIZED Desert Kingdom/Meshes/Props/new03/SM_cart_preset_01.fbx using Guid(2a1fe4fb9eab873429699442f3462efb) Importer(2089858483,192608db42251d675da83286b1cce702) (ScriptedImporter) -> (artifact id: '9a9b62bc6ede95142faf2221a6c2dbff') in 0.0835889 seconds
Number of updated asset objects reloaded before import = 0Number of asset objects unloaded after import = 14

========================================================================
Received Import Request.
  Time since last request: 0.000052 seconds.
  path: Assets/STYLIZED Desert Kingdom/Materials/Terrain/Sand 02.terrainlayer
  artifactKey: Guid(c74a2517058c096498479e65f764e3c7) Importer(2089858483,192608db42251d675da83286b1cce702)
Start importing Assets/STYLIZED Desert Kingdom/Materials/Terrain/Sand 02.terrainlayer using Guid(c74a2517058c096498479e65f764e3c7) Importer(2089858483,192608db42251d675da83286b1cce702) (ScriptedImporter) -> (artifact id: 'bcd0b500402e04dd0433e308bac4fb76') in 0.0819759 seconds
Number of updated asset objects reloaded before import = 0Number of asset objects unloaded after import = 3

========================================================================
Received Import Request.
  Time since last request: 0.000051 seconds.
  path: Assets/STYLIZED Desert Kingdom/Materials/Materials/M_trees_palm.mat
  artifactKey: Guid(963593431a79b704c81bb7c797abc157) Importer(2089858483,192608db42251d675da83286b1cce702)
Start importing Assets/STYLIZED Desert Kingdom/Materials/Materials/M_trees_palm.mat using Guid(963593431a79b704c81bb7c797abc157) Importer(2089858483,192608db42251d675da83286b1cce702) (ScriptedImporter) -> (artifact id: 'da636c778efd2039edbfec81a4d1881f') in 0.1922493 seconds
Number of updated asset objects reloaded before import = 0Number of asset objects unloaded after import = 4

========================================================================
Received Import Request.
  Time since last request: 0.000040 seconds.
  path: Assets/STYLIZED Desert Kingdom/Prefabs/Props/SM_marketstand_01.prefab
  artifactKey: Guid(263aac79587e20a4896e2b7e1a489883) Importer(2089858483,192608db42251d675da83286b1cce702)
Start importing Assets/STYLIZED Desert Kingdom/Prefabs/Props/SM_marketstand_01.prefab using Guid(263aac79587e20a4896e2b7e1a489883) Importer(2089858483,192608db42251d675da83286b1cce702) (ScriptedImporter) -> (artifact id: '64c3dd5b5cc357f7e9c3dd8b6dc50350') in 0.1224878 seconds
Number of updated asset objects reloaded before import = 0Number of asset objects unloaded after import = 16

========================================================================
Received Import Request.
  Time since last request: 0.000052 seconds.
  path: Assets/STYLIZED Desert Kingdom/Prefabs/Traps/Anim/Swinging.anim
  artifactKey: Guid(5106ba0ce39f58f4985454a54d640e9d) Importer(2089858483,192608db42251d675da83286b1cce702)
Start importing Assets/STYLIZED Desert Kingdom/Prefabs/Traps/Anim/Swinging.anim using Guid(5106ba0ce39f58f4985454a54d640e9d) Importer(2089858483,192608db42251d675da83286b1cce702) (ScriptedImporter) -> (artifact id: '4e4e4ae5924951250d6a282d004fe6f2') in 0.0424742 seconds
Number of updated asset objects reloaded before import = 0Number of asset objects unloaded after import = 1

========================================================================
Received Import Request.
  Time since last request: 0.000033 seconds.
  path: Assets/STYLIZED Desert Kingdom/Prefabs/Props/SM_basket_01.prefab
  artifactKey: Guid(80df96585fe74f341ae21b152d6b1d99) Importer(2089858483,192608db42251d675da83286b1cce702)
Start importing Assets/STYLIZED Desert Kingdom/Prefabs/Props/SM_basket_01.prefab using Guid(80df96585fe74f341ae21b152d6b1d99) Importer(2089858483,192608db42251d675da83286b1cce702) (ScriptedImporter) -> (artifact id: '5362585e6a12e634df27d55656d553ab') in 0.1095153 seconds
Number of updated asset objects reloaded before import = 0Number of asset objects unloaded after import = 15

========================================================================
Received Import Request.
  Time since last request: 0.000044 seconds.
  path: Assets/STYLIZED Desert Kingdom/Prefabs/Props/SM_bread_loaf.prefab
  artifactKey: Guid(88339c9fe64245742a7ab75a68eebfaa) Importer(2089858483,192608db42251d675da83286b1cce702)
Start importing Assets/STYLIZED Desert Kingdom/Prefabs/Props/SM_bread_loaf.prefab using Guid(88339c9fe64245742a7ab75a68eebfaa) Importer(2089858483,192608db42251d675da83286b1cce702) (ScriptedImporter) -> (artifact id: 'fba02be224717f26f779cb4b9b9e815a') in 0.1022788 seconds
Number of updated asset objects reloaded before import = 0Number of asset objects unloaded after import = 15

========================================================================
Received Import Request.
  Time since last request: 0.000052 seconds.
  path: Assets/STYLIZED Desert Kingdom/Prefabs/Modular Elements/SM_column_01.prefab
  artifactKey: Guid(957e50ed3a5effe4eae34692c5324ac2) Importer(2089858483,192608db42251d675da83286b1cce702)
Start importing Assets/STYLIZED Desert Kingdom/Prefabs/Modular Elements/SM_column_01.prefab using Guid(957e50ed3a5effe4eae34692c5324ac2) Importer(2089858483,192608db42251d675da83286b1cce702) (ScriptedImporter) -> (artifact id: '61cd896a726e2697608f63a869665c10') in 0.0763735 seconds
Number of updated asset objects reloaded before import = 0Number of asset objects unloaded after import = 16

========================================================================
Received Import Request.
  Time since last request: 0.000068 seconds.
  path: Assets/STYLIZED Desert Kingdom/Meshes/Modular Elements/SM_floor_01.fbx
  artifactKey: Guid(51247676a5cd1af4187d576f680d83e5) Importer(2089858483,192608db42251d675da83286b1cce702)
Start importing Assets/STYLIZED Desert Kingdom/Meshes/Modular Elements/SM_floor_01.fbx using Guid(51247676a5cd1af4187d576f680d83e5) Importer(2089858483,192608db42251d675da83286b1cce702) (ScriptedImporter) -> (artifact id: 'b4c1fbafa4b1c01fdcab8f1411a426bd') in 0.0564565 seconds
Number of updated asset objects reloaded before import = 0Number of asset objects unloaded after import = 14

========================================================================
Received Import Request.
  Time since last request: 0.000068 seconds.
  path: Assets/STYLIZED Desert Kingdom/Materials/Textures/M_windows_Normal.png
  artifactKey: Guid(5f76b898b6d9bf64e929dbac7a664301) Importer(2089858483,192608db42251d675da83286b1cce702)
Start importing Assets/STYLIZED Desert Kingdom/Materials/Textures/M_windows_Normal.png using Guid(5f76b898b6d9bf64e929dbac7a664301) Importer(2089858483,192608db42251d675da83286b1cce702) (ScriptedImporter) -> (artifact id: '317d2c00f7655e238b8cd8c1052c94d6') in 0.0754313 seconds
Number of updated asset objects reloaded before import = 0Number of asset objects unloaded after import = 1

========================================================================
Received Import Request.
  Time since last request: 0.000060 seconds.
  path: Assets/STYLIZED Desert Kingdom/Materials/Textures/M_plant_shrub_desert.png
  artifactKey: Guid(daf728a83fa1c2e4c847764c622d3a77) Importer(2089858483,192608db42251d675da83286b1cce702)
Start importing Assets/STYLIZED Desert Kingdom/Materials/Textures/M_plant_shrub_desert.png using Guid(daf728a83fa1c2e4c847764c622d3a77) Importer(2089858483,192608db42251d675da83286b1cce702) (ScriptedImporter) -> (artifact id: '387657b6084c3aac1548960a147901b4') in 0.0644675 seconds
Number of updated asset objects reloaded before import = 0Number of asset objects unloaded after import = 1

========================================================================
Received Import Request.
  Time since last request: 0.000045 seconds.
  path: Assets/STYLIZED Desert Kingdom/Meshes/Nature/SM_cliff_desert_01.fbx
  artifactKey: Guid(57ee3ed71dc3d7f429a76ce670d97262) Importer(2089858483,192608db42251d675da83286b1cce702)
Start importing Assets/STYLIZED Desert Kingdom/Meshes/Nature/SM_cliff_desert_01.fbx using Guid(57ee3ed71dc3d7f429a76ce670d97262) Importer(2089858483,192608db42251d675da83286b1cce702) (ScriptedImporter) -> (artifact id: '13a11b0e7c96b0d0713a47b8e3af820f') in 0.0702784 seconds
Number of updated asset objects reloaded before import = 0Number of asset objects unloaded after import = 12

========================================================================
Received Import Request.
  Time since last request: 0.000038 seconds.
  path: Assets/STYLIZED Desert Kingdom/Materials/Materials/M_statue_scholar 1.mat
  artifactKey: Guid(7bfb97fe71cc4e849a1cb2be506de937) Importer(2089858483,192608db42251d675da83286b1cce702)
Start importing Assets/STYLIZED Desert Kingdom/Materials/Materials/M_statue_scholar 1.mat using Guid(7bfb97fe71cc4e849a1cb2be506de937) Importer(2089858483,192608db42251d675da83286b1cce702) (ScriptedImporter) -> (artifact id: '5fd10b0d7fa9faf5be889342d767551e') in 0.0888915 seconds
Number of updated asset objects reloaded before import = 0Number of asset objects unloaded after import = 4

========================================================================
Received Import Request.
  Time since last request: 0.000068 seconds.
  path: Assets/STYLIZED Desert Kingdom/Materials/Textures/M_corners_Normal.png
  artifactKey: Guid(72c713412689b934d8926bc977f887a7) Importer(2089858483,192608db42251d675da83286b1cce702)
Start importing Assets/STYLIZED Desert Kingdom/Materials/Textures/M_corners_Normal.png using Guid(72c713412689b934d8926bc977f887a7) Importer(2089858483,192608db42251d675da83286b1cce702) (ScriptedImporter) -> (artifact id: 'c7483151aa727dbe18a9dff2daa786a1') in 0.0789142 seconds
Number of updated asset objects reloaded before import = 0Number of asset objects unloaded after import = 1

========================================================================
Received Import Request.
  Time since last request: 0.000030 seconds.
  path: Assets/STYLIZED Desert Kingdom/Materials/Materials/M_water.mat
  artifactKey: Guid(dd2a45f2e92cebd4db16b88887cb090f) Importer(2089858483,192608db42251d675da83286b1cce702)
Start importing Assets/STYLIZED Desert Kingdom/Materials/Materials/M_water.mat using Guid(dd2a45f2e92cebd4db16b88887cb090f) Importer(2089858483,192608db42251d675da83286b1cce702) (ScriptedImporter) -> (artifact id: '336d804a6b8c39052bce51072f09bc5a') in 0.0489283 seconds
Number of updated asset objects reloaded before import = 0Number of asset objects unloaded after import = 2

========================================================================
Received Import Request.
  Time since last request: 0.000058 seconds.
  path: Assets/STYLIZED Desert Kingdom/Meshes/Modular Elements/SM_wall_large_02.fbx
  artifactKey: Guid(e43906acd87be8b458afa59eeb5e0f77) Importer(2089858483,192608db42251d675da83286b1cce702)
Start importing Assets/STYLIZED Desert Kingdom/Meshes/Modular Elements/SM_wall_large_02.fbx using Guid(e43906acd87be8b458afa59eeb5e0f77) Importer(2089858483,192608db42251d675da83286b1cce702) (ScriptedImporter) -> (artifact id: '108080d755e5939ccb1d7887ab6703be') in 0.201447 seconds
Number of updated asset objects reloaded before import = 0Number of asset objects unloaded after import = 20

========================================================================
Received Import Request.
  Time since last request: 0.000052 seconds.
  path: Assets/STYLIZED Desert Kingdom/Meshes/Buildings/New Folder/SM_house_desert_small_02.fbx
  artifactKey: Guid(b4024a1cf6f54264abb4e2339135eab6) Importer(2089858483,192608db42251d675da83286b1cce702)
Start importing Assets/STYLIZED Desert Kingdom/Meshes/Buildings/New Folder/SM_house_desert_small_02.fbx using Guid(b4024a1cf6f54264abb4e2339135eab6) Importer(2089858483,192608db42251d675da83286b1cce702) (ScriptedImporter) -> (artifact id: 'c0f9ee95b9ef4d409ed408782a18659d') in 0.101174 seconds
Number of updated asset objects reloaded before import = 0Number of asset objects unloaded after import = 22

========================================================================
Received Import Request.
  Time since last request: 0.000039 seconds.
  path: Assets/STYLIZED Desert Kingdom/Materials/Textures/M_railing_desert_Normal.png
  artifactKey: Guid(942e282a82648474297b64b92163cdea) Importer(2089858483,192608db42251d675da83286b1cce702)
Start importing Assets/STYLIZED Desert Kingdom/Materials/Textures/M_railing_desert_Normal.png using Guid(942e282a82648474297b64b92163cdea) Importer(2089858483,192608db42251d675da83286b1cce702) (ScriptedImporter) -> (artifact id: '63b5f695d9ed0bc9687f34ba67334165') in 0.0670471 seconds
Number of updated asset objects reloaded before import = 0Number of asset objects unloaded after import = 1

========================================================================
Received Import Request.
  Time since last request: 0.000038 seconds.
  path: Assets/Blink/Art/Weapons/LowPoly/FreeRPGWeapons/Wand/Wand_Textures/Wand_Medium.mat
  artifactKey: Guid(01adec13b5bee0a4fa62209d4664b7eb) Importer(2089858483,192608db42251d675da83286b1cce702)
Start importing Assets/Blink/Art/Weapons/LowPoly/FreeRPGWeapons/Wand/Wand_Textures/Wand_Medium.mat using Guid(01adec13b5bee0a4fa62209d4664b7eb) Importer(2089858483,192608db42251d675da83286b1cce702) (ScriptedImporter) -> (artifact id: '19d9179fef083d34da22d2cb74591328') in 0.1596625 seconds
Number of updated asset objects reloaded before import = 0Number of asset objects unloaded after import = 4

========================================================================
Received Import Request.
  Time since last request: 0.000059 seconds.
  path: Assets/Settings/UniversalRenderPipelineGlobalSettings.asset
  artifactKey: Guid(18dc0cd2c080841dea60987a38ce93fa) Importer(2089858483,192608db42251d675da83286b1cce702)
Start importing Assets/Settings/UniversalRenderPipelineGlobalSettings.asset using Guid(18dc0cd2c080841dea60987a38ce93fa) Importer(2089858483,192608db42251d675da83286b1cce702) (ScriptedImporter) -> (artifact id: 'fd16d4be716e4e14cd26c08af12efaa4') in 2.1272628 seconds
Number of updated asset objects reloaded before import = 0Number of asset objects unloaded after import = 0

========================================================================
Received Import Request.
  Time since last request: 0.000069 seconds.
  path: Assets/Blink/Art/Weapons/LowPoly/FreeRPGWeapons/Axes/Axe_1H_Textures/Axe1H_Medium_MetallicSmoothness.png
  artifactKey: Guid(70cee07f138ddea429db1b0b75cce20b) Importer(2089858483,192608db42251d675da83286b1cce702)
Start importing Assets/Blink/Art/Weapons/LowPoly/FreeRPGWeapons/Axes/Axe_1H_Textures/Axe1H_Medium_MetallicSmoothness.png using Guid(70cee07f138ddea429db1b0b75cce20b) Importer(2089858483,192608db42251d675da83286b1cce702) (ScriptedImporter) -> (artifact id: 'f55762e336b238a0d889c3548c8e2d00') in 0.0647008 seconds
Number of updated asset objects reloaded before import = 0Number of asset objects unloaded after import = 1

========================================================================
Received Import Request.
  Time since last request: 0.000098 seconds.
  path: Assets/Blink/Art/Weapons/LowPoly/FreeRPGWeapons/_PREFABS/Spear1H_Epic.prefab
  artifactKey: Guid(c8f328ffdc9cd3646ab8b4c340edbbba) Importer(2089858483,192608db42251d675da83286b1cce702)
Start importing Assets/Blink/Art/Weapons/LowPoly/FreeRPGWeapons/_PREFABS/Spear1H_Epic.prefab using Guid(c8f328ffdc9cd3646ab8b4c340edbbba) Importer(2089858483,192608db42251d675da83286b1cce702) (ScriptedImporter) -> (artifact id: '98eadb8bb5348ef668e4ab50de104a75') in 0.1075074 seconds
Number of updated asset objects reloaded before import = 0Number of asset objects unloaded after import = 8

========================================================================
Received Import Request.
  Time since last request: 0.000030 seconds.
  path: Assets/STYLIZED Desert Kingdom/Materials/Textures/M_wood_beams_new_Normal.png
  artifactKey: Guid(09a19b4c535c2844299c6c51f87f158d) Importer(2089858483,192608db42251d675da83286b1cce702)
Start importing Assets/STYLIZED Desert Kingdom/Materials/Textures/M_wood_beams_new_Normal.png using Guid(09a19b4c535c2844299c6c51f87f158d) Importer(2089858483,192608db42251d675da83286b1cce702) (ScriptedImporter) -> (artifact id: '4ce72900a7eda9bdd10ff219d3f5a8cc') in 0.0543665 seconds
Number of updated asset objects reloaded before import = 0Number of asset objects unloaded after import = 1

========================================================================
Received Import Request.
  Time since last request: 0.000032 seconds.
  path: Assets/STYLIZED Desert Kingdom/Prefabs/Modular Elements/SM_gate_metal_01.prefab
  artifactKey: Guid(2c37a8790977a784e9d77f0153611b84) Importer(2089858483,192608db42251d675da83286b1cce702)
Start importing Assets/STYLIZED Desert Kingdom/Prefabs/Modular Elements/SM_gate_metal_01.prefab using Guid(2c37a8790977a784e9d77f0153611b84) Importer(2089858483,192608db42251d675da83286b1cce702) (ScriptedImporter) -> (artifact id: 'f29958128fb29241ce3c3e6f4014f3dd') in 0.0783007 seconds
Number of updated asset objects reloaded before import = 0Number of asset objects unloaded after import = 15

========================================================================
Received Import Request.
  Time since last request: 0.000072 seconds.
  path: Assets/Blink/Art/Weapons/LowPoly/FreeRPGWeapons/Maces/Mace_1H_Textures/Mace1H_Basic_MetallicSmoothness.png
  artifactKey: Guid(6fdb37838a5d5c449a7915040e9f42ea) Importer(2089858483,192608db42251d675da83286b1cce702)
Start importing Assets/Blink/Art/Weapons/LowPoly/FreeRPGWeapons/Maces/Mace_1H_Textures/Mace1H_Basic_MetallicSmoothness.png using Guid(6fdb37838a5d5c449a7915040e9f42ea) Importer(2089858483,192608db42251d675da83286b1cce702) (ScriptedImporter) -> (artifact id: '7335a8d4454327aa4b87e465975310b4') in 0.0435581 seconds
Number of updated asset objects reloaded before import = 0Number of asset objects unloaded after import = 1

========================================================================
Received Import Request.
  Time since last request: 0.000030 seconds.
  path: Assets/STYLIZED Desert Kingdom/Materials/Materials/M_cables.mat
  artifactKey: Guid(2d1f7c7eb9c5c684fa9d2a9063e46b26) Importer(2089858483,192608db42251d675da83286b1cce702)
Start importing Assets/STYLIZED Desert Kingdom/Materials/Materials/M_cables.mat using Guid(2d1f7c7eb9c5c684fa9d2a9063e46b26) Importer(2089858483,192608db42251d675da83286b1cce702) (ScriptedImporter) -> (artifact id: '91024e3bef8533759518d60e51cb3d58') in 0.0635589 seconds
Number of updated asset objects reloaded before import = 0Number of asset objects unloaded after import = 1

========================================================================
Received Import Request.
  Time since last request: 0.000106 seconds.
  path: Assets/STYLIZED Desert Kingdom/Meshes/Modular Elements/SM_wall_door_04.fbx
  artifactKey: Guid(49b91c208fb678442bc56aa1200818ca) Importer(2089858483,192608db42251d675da83286b1cce702)
Start importing Assets/STYLIZED Desert Kingdom/Meshes/Modular Elements/SM_wall_door_04.fbx using Guid(49b91c208fb678442bc56aa1200818ca) Importer(2089858483,192608db42251d675da83286b1cce702) (ScriptedImporter) -> (artifact id: '3ed744d7f5751517da6f43b1282ed16c') in 0.0770937 seconds
Number of updated asset objects reloaded before import = 0Number of asset objects unloaded after import = 15

========================================================================
Received Import Request.
  Time since last request: 0.000091 seconds.
  path: Assets/STYLIZED Desert Kingdom/Meshes/Buildings/New Folder/SM_minaret_02.fbx
  artifactKey: Guid(ed2fb2313813dfa428f90a6673d35833) Importer(2089858483,192608db42251d675da83286b1cce702)
Start importing Assets/STYLIZED Desert Kingdom/Meshes/Buildings/New Folder/SM_minaret_02.fbx using Guid(ed2fb2313813dfa428f90a6673d35833) Importer(2089858483,192608db42251d675da83286b1cce702) (ScriptedImporter) -> (artifact id: 'ddaa752c96b74f68c3267ed4804a361c') in 0.2175465 seconds
Number of updated asset objects reloaded before import = 0Number of asset objects unloaded after import = 23

========================================================================
Received Import Request.
  Time since last request: 0.000032 seconds.
  path: Assets/STYLIZED Desert Kingdom/Prefabs/Modular Elements/SM_railing_pillar_01.prefab
  artifactKey: Guid(fca30c3e7816b0c4c97147dc560094c0) Importer(2089858483,192608db42251d675da83286b1cce702)
Start importing Assets/STYLIZED Desert Kingdom/Prefabs/Modular Elements/SM_railing_pillar_01.prefab using Guid(fca30c3e7816b0c4c97147dc560094c0) Importer(2089858483,192608db42251d675da83286b1cce702) (ScriptedImporter) -> (artifact id: '4834531bc60d9c4bdf6e4e3f431727f8') in 0.0774808 seconds
Number of updated asset objects reloaded before import = 0Number of asset objects unloaded after import = 15

========================================================================
Received Import Request.
  Time since last request: 0.000563 seconds.
  path: Assets/Blink/Art/Weapons/LowPoly/FreeRPGWeapons/Bow/Bow_Textures
  artifactKey: Guid(afa6a5731e7b2dc4bb231bb1fa5ad9b2) Importer(2089858483,192608db42251d675da83286b1cce702)
Start importing Assets/Blink/Art/Weapons/LowPoly/FreeRPGWeapons/Bow/Bow_Textures using Guid(afa6a5731e7b2dc4bb231bb1fa5ad9b2) Importer(2089858483,192608db42251d675da83286b1cce702) (ScriptedImporter) -> (artifact id: '89c97cb216b62ed56c0a459769c7b497') in 0.1127049 seconds
Number of updated asset objects reloaded before import = 0Number of asset objects unloaded after import = 1

========================================================================
Received Import Request.
  Time since last request: 0.000027 seconds.
  path: Assets/Blink/Art/Weapons/LowPoly/FreeRPGWeapons/Spears/Spear_1H_Textures/Spear1H_Epic2_Normal.png
  artifactKey: Guid(ac3e333cfe088e44fb016ca8c6244c97) Importer(2089858483,192608db42251d675da83286b1cce702)
Start importing Assets/Blink/Art/Weapons/LowPoly/FreeRPGWeapons/Spears/Spear_1H_Textures/Spear1H_Epic2_Normal.png using Guid(ac3e333cfe088e44fb016ca8c6244c97) Importer(2089858483,192608db42251d675da83286b1cce702) (ScriptedImporter) -> (artifact id: 'b8825c1875df3fd8c672e7fac3582dd6') in 0.152787 seconds
Number of updated asset objects reloaded before import = 0Number of asset objects unloaded after import = 1

========================================================================
Received Import Request.
  Time since last request: 0.000056 seconds.
  path: Assets/Blink/Art/Weapons/LowPoly/FreeRPGWeapons/_PREFABS/Axe1H_Epic.prefab
  artifactKey: Guid(992bb947a6df6634487686c2fe6330bc) Importer(2089858483,192608db42251d675da83286b1cce702)
Start importing Assets/Blink/Art/Weapons/LowPoly/FreeRPGWeapons/_PREFABS/Axe1H_Epic.prefab using Guid(992bb947a6df6634487686c2fe6330bc) Importer(2089858483,192608db42251d675da83286b1cce702) (ScriptedImporter) -> (artifact id: '8950629204d9b0415e1d7719bc587781') in 0.1190151 seconds
Number of updated asset objects reloaded before import = 0Number of asset objects unloaded after import = 8

========================================================================
Received Import Request.
  Time since last request: 0.000081 seconds.
  path: Assets/Blink/Art/Weapons/LowPoly/FreeRPGWeapons/Wand/Wand_Textures/Wand_Epic_BaseColor.png
  artifactKey: Guid(b5c6d5f5b75924844b342f4a31d95866) Importer(2089858483,192608db42251d675da83286b1cce702)
Start importing Assets/Blink/Art/Weapons/LowPoly/FreeRPGWeapons/Wand/Wand_Textures/Wand_Epic_BaseColor.png using Guid(b5c6d5f5b75924844b342f4a31d95866) Importer(2089858483,192608db42251d675da83286b1cce702) (ScriptedImporter) -> (artifact id: '46f3470decf0c98618bf1b76fa907b1c') in 0.089601 seconds
Number of updated asset objects reloaded before import = 0Number of asset objects unloaded after import = 1

========================================================================
Received Import Request.
  Time since last request: 0.000039 seconds.
  path: Assets/Blink/Art/Weapons/LowPoly/FreeRPGWeapons/Maces/Mace_2H_Textures/Mace2H_Basic_BaseColor.png
  artifactKey: Guid(86acb5ab9bd2f8a4bad613e0d375988c) Importer(2089858483,192608db42251d675da83286b1cce702)
Start importing Assets/Blink/Art/Weapons/LowPoly/FreeRPGWeapons/Maces/Mace_2H_Textures/Mace2H_Basic_BaseColor.png using Guid(86acb5ab9bd2f8a4bad613e0d375988c) Importer(2089858483,192608db42251d675da83286b1cce702) (ScriptedImporter) -> (artifact id: 'b2e3bda94c9bee792ceee67da4ba68de') in 0.0710046 seconds
Number of updated asset objects reloaded before import = 0Number of asset objects unloaded after import = 1

========================================================================
Received Import Request.
  Time since last request: 0.000035 seconds.
  path: Assets/Blink/Art/Weapons/LowPoly/FreeRPGWeapons/Staff/Staff.fbx
  artifactKey: Guid(acd76795deeadd846a39bed2115bcc9b) Importer(2089858483,192608db42251d675da83286b1cce702)
Start importing Assets/Blink/Art/Weapons/LowPoly/FreeRPGWeapons/Staff/Staff.fbx using Guid(acd76795deeadd846a39bed2115bcc9b) Importer(2089858483,192608db42251d675da83286b1cce702) (ScriptedImporter) -> (artifact id: '342ed8207f23330fc60d949a3bf1e70f') in 0.0542099 seconds
Number of updated asset objects reloaded before import = 0Number of asset objects unloaded after import = 8

========================================================================
Received Import Request.
  Time since last request: 0.000052 seconds.
  path: Assets/Blink/Art/Weapons/LowPoly/FreeRPGWeapons/Bow/Bow_Textures/Bow_Epic_Emission.png
  artifactKey: Guid(ab8874a1e89bb3b47bad1ebd3012b6fa) Importer(2089858483,192608db42251d675da83286b1cce702)
Start importing Assets/Blink/Art/Weapons/LowPoly/FreeRPGWeapons/Bow/Bow_Textures/Bow_Epic_Emission.png using Guid(ab8874a1e89bb3b47bad1ebd3012b6fa) Importer(2089858483,192608db42251d675da83286b1cce702) (ScriptedImporter) -> (artifact id: '547608bd0a77cff6fd2859385bff6325') in 0.0392969 seconds
Number of updated asset objects reloaded before import = 0Number of asset objects unloaded after import = 1

========================================================================
Received Import Request.
  Time since last request: 0.000041 seconds.
  path: Assets/Blink/Art/Weapons/LowPoly/FreeRPGWeapons/Staff/Staff_Textures
  artifactKey: Guid(8f89b053ecef2b04cb0e06c4ad989890) Importer(2089858483,192608db42251d675da83286b1cce702)
Start importing Assets/Blink/Art/Weapons/LowPoly/FreeRPGWeapons/Staff/Staff_Textures using Guid(8f89b053ecef2b04cb0e06c4ad989890) Importer(2089858483,192608db42251d675da83286b1cce702) (ScriptedImporter) -> (artifact id: 'f9ec90eef7291c19877c9b7f3e77cc3c') in 0.0250266 seconds
Number of updated asset objects reloaded before import = 0Number of asset objects unloaded after import = 1

========================================================================
Received Import Request.
  Time since last request: 0.000033 seconds.
  path: Assets/Blink/Art/Weapons/LowPoly/FreeRPGWeapons/Maces/Mace_2H_Textures/Mace2H_Medium_MetallicSmoothness.png
  artifactKey: Guid(6970d9c55b825224597870f903fbf78a) Importer(2089858483,192608db42251d675da83286b1cce702)
Start importing Assets/Blink/Art/Weapons/LowPoly/FreeRPGWeapons/Maces/Mace_2H_Textures/Mace2H_Medium_MetallicSmoothness.png using Guid(6970d9c55b825224597870f903fbf78a) Importer(2089858483,192608db42251d675da83286b1cce702) (ScriptedImporter) -> (artifact id: '1db2074a1d0128671896e05aaf8bac62') in 0.0925094 seconds
Number of updated asset objects reloaded before import = 0Number of asset objects unloaded after import = 1

========================================================================
Received Import Request.
  Time since last request: 0.000051 seconds.
  path: Assets/Blink/Art/Weapons/LowPoly/FreeRPGWeapons/_PREFABS/Spear2H_Medium.prefab
  artifactKey: Guid(623b347c8f6a87e44abd622ce171e13d) Importer(2089858483,192608db42251d675da83286b1cce702)
Start importing Assets/Blink/Art/Weapons/LowPoly/FreeRPGWeapons/_PREFABS/Spear2H_Medium.prefab using Guid(623b347c8f6a87e44abd622ce171e13d) Importer(2089858483,192608db42251d675da83286b1cce702) (ScriptedImporter) -> (artifact id: 'ea87b8a6fd91f87efed7efd9bbae2c5b') in 0.098851 seconds
Number of updated asset objects reloaded before import = 0Number of asset objects unloaded after import = 8

========================================================================
Received Import Request.
  Time since last request: 0.000049 seconds.
  path: Assets/Blink/Art/Weapons/LowPoly/FreeRPGWeapons/Maces/Mace_2H_Textures/Mace2H_Epic_Emission2.png
  artifactKey: Guid(6cce51424ac5b4b4fb55d1f5478dc1b1) Importer(2089858483,192608db42251d675da83286b1cce702)
Start importing Assets/Blink/Art/Weapons/LowPoly/FreeRPGWeapons/Maces/Mace_2H_Textures/Mace2H_Epic_Emission2.png using Guid(6cce51424ac5b4b4fb55d1f5478dc1b1) Importer(2089858483,192608db42251d675da83286b1cce702) (ScriptedImporter) -> (artifact id: '5f064edab2b6cdd620366afd4c14793e') in 0.0759263 seconds
Number of updated asset objects reloaded before import = 0Number of asset objects unloaded after import = 1

========================================================================
Received Import Request.
  Time since last request: 0.000051 seconds.
  path: Assets/Blink/Art/Weapons/LowPoly/FreeRPGWeapons/Shield/Shields_Textures
  artifactKey: Guid(34a70ba32292fc1429c5e7ead40621c5) Importer(2089858483,192608db42251d675da83286b1cce702)
Start importing Assets/Blink/Art/Weapons/LowPoly/FreeRPGWeapons/Shield/Shields_Textures using Guid(34a70ba32292fc1429c5e7ead40621c5) Importer(2089858483,192608db42251d675da83286b1cce702) (ScriptedImporter) -> (artifact id: '5d07ee27eac2396dbb511e45d07f11be') in 0.0239187 seconds
Number of updated asset objects reloaded before import = 0Number of asset objects unloaded after import = 1

========================================================================
Received Import Request.
  Time since last request: 0.000068 seconds.
  path: Assets/Training_dummy/Prefab
  artifactKey: Guid(d85268b8eb4b56a409b7fc812ac78fbb) Importer(2089858483,192608db42251d675da83286b1cce702)
Start importing Assets/Training_dummy/Prefab using Guid(d85268b8eb4b56a409b7fc812ac78fbb) Importer(2089858483,192608db42251d675da83286b1cce702) (ScriptedImporter) -> (artifact id: '6ac2bbbc32919380bb8ddf18727ef3ad') in 0.029307 seconds
Number of updated asset objects reloaded before import = 0Number of asset objects unloaded after import = 1

========================================================================
Received Import Request.
  Time since last request: 0.000048 seconds.
  path: Assets/Blink/Art/Weapons/LowPoly/FreeRPGWeapons/Maces/Mace_2H_Textures/Mace2H_Epic.mat
  artifactKey: Guid(e7ebf941b572703449f482fa0e223aea) Importer(2089858483,192608db42251d675da83286b1cce702)
Start importing Assets/Blink/Art/Weapons/LowPoly/FreeRPGWeapons/Maces/Mace_2H_Textures/Mace2H_Epic.mat using Guid(e7ebf941b572703449f482fa0e223aea) Importer(2089858483,192608db42251d675da83286b1cce702) (ScriptedImporter) -> (artifact id: '6745d2810162492cd87db0a3e94b1d2c') in 0.0873281 seconds
Number of updated asset objects reloaded before import = 0Number of asset objects unloaded after import = 5

========================================================================
Received Import Request.
  Time since last request: 0.000041 seconds.
  path: Assets/Blink/Art/Weapons/LowPoly/FreeRPGWeapons/Spears/Spear_1H_Textures/Spear1H_Medium_BaseColor.png
  artifactKey: Guid(87d1b1e6cc58d5746ad776811a7cdc5e) Importer(2089858483,192608db42251d675da83286b1cce702)
Start importing Assets/Blink/Art/Weapons/LowPoly/FreeRPGWeapons/Spears/Spear_1H_Textures/Spear1H_Medium_BaseColor.png using Guid(87d1b1e6cc58d5746ad776811a7cdc5e) Importer(2089858483,192608db42251d675da83286b1cce702) (ScriptedImporter) -> (artifact id: '20ab5e8e60a450ee83782fef930ce2c5') in 0.0479262 seconds
Number of updated asset objects reloaded before import = 0Number of asset objects unloaded after import = 1

========================================================================
Received Import Request.
  Time since last request: 0.000053 seconds.
  path: Assets/Blink/Art/Weapons/LowPoly/FreeRPGWeapons/Maces/Mace_1H_Textures/Mace1H_Basic_BaseColor.png
  artifactKey: Guid(e526f48cd526d354ebdff80dd702d1d3) Importer(2089858483,192608db42251d675da83286b1cce702)
Start importing Assets/Blink/Art/Weapons/LowPoly/FreeRPGWeapons/Maces/Mace_1H_Textures/Mace1H_Basic_BaseColor.png using Guid(e526f48cd526d354ebdff80dd702d1d3) Importer(2089858483,192608db42251d675da83286b1cce702) (ScriptedImporter) -> (artifact id: '62e169cac69cc240d493395b964230d5') in 0.0502911 seconds
Number of updated asset objects reloaded before import = 0Number of asset objects unloaded after import = 1

========================================================================
Received Import Request.
  Time since last request: 0.000043 seconds.
  path: Assets/Blink/Art/Weapons/LowPoly/FreeRPGWeapons/Shield
  artifactKey: Guid(5687487c6997d8848beedbf67228159b) Importer(2089858483,192608db42251d675da83286b1cce702)
Start importing Assets/Blink/Art/Weapons/LowPoly/FreeRPGWeapons/Shield using Guid(5687487c6997d8848beedbf67228159b) Importer(2089858483,192608db42251d675da83286b1cce702) (ScriptedImporter) -> (artifact id: '9ac74af8d2eaae3443e45c66aa0af81b') in 0.0263227 seconds
Number of updated asset objects reloaded before import = 0Number of asset objects unloaded after import = 1

========================================================================
Received Import Request.
  Time since last request: 0.000053 seconds.
  path: Assets/Blink/Art/Weapons/LowPoly/FreeRPGWeapons/Axes/Axe_1H_Textures/Axe1H_Medium_BaseColor.png
  artifactKey: Guid(dc385569b22b069408c516bdbba017d8) Importer(2089858483,192608db42251d675da83286b1cce702)
Start importing Assets/Blink/Art/Weapons/LowPoly/FreeRPGWeapons/Axes/Axe_1H_Textures/Axe1H_Medium_BaseColor.png using Guid(dc385569b22b069408c516bdbba017d8) Importer(2089858483,192608db42251d675da83286b1cce702) (ScriptedImporter) -> (artifact id: 'c251ece322bcb50c46a9111f09ac1b0c') in 0.0773872 seconds
Number of updated asset objects reloaded before import = 0Number of asset objects unloaded after import = 1

========================================================================
Received Import Request.
  Time since last request: 0.000083 seconds.
  path: Assets/Cartoon_Farm_Crops/Prefabs/Standard/Carrot_Plant.prefab
  artifactKey: Guid(56b36da289d9a9e4cb37c5f588e23748) Importer(2089858483,192608db42251d675da83286b1cce702)
Start importing Assets/Cartoon_Farm_Crops/Prefabs/Standard/Carrot_Plant.prefab using Guid(56b36da289d9a9e4cb37c5f588e23748) Importer(2089858483,192608db42251d675da83286b1cce702) (ScriptedImporter) -> (artifact id: '4d8a09ccde1baf5fd33c33fb9675197a') in 0.0870725 seconds
Number of updated asset objects reloaded before import = 0Number of asset objects unloaded after import = 9

========================================================================
Received Import Request.
  Time since last request: 0.000073 seconds.
  path: Assets/Cartoon_Farm_Crops/Prefabs/Mobile/Carrot_Plant.prefab
  artifactKey: Guid(20a97bb13c3ef18478cf9c86535b1e9b) Importer(2089858483,192608db42251d675da83286b1cce702)
Start importing Assets/Cartoon_Farm_Crops/Prefabs/Mobile/Carrot_Plant.prefab using Guid(20a97bb13c3ef18478cf9c86535b1e9b) Importer(2089858483,192608db42251d675da83286b1cce702) (ScriptedImporter) -> (artifact id: '104f0982ce87deec49a04518d5ad9dba') in 0.0902994 seconds
Number of updated asset objects reloaded before import = 0Number of asset objects unloaded after import = 9

========================================================================
Received Import Request.
  Time since last request: 0.000037 seconds.
  path: Assets/Training_dummy
  artifactKey: Guid(f8a1621481e80164fb5e8b55986d3c92) Importer(2089858483,192608db42251d675da83286b1cce702)
Start importing Assets/Training_dummy using Guid(f8a1621481e80164fb5e8b55986d3c92) Importer(2089858483,192608db42251d675da83286b1cce702) (ScriptedImporter) -> (artifact id: 'c0d91bc2b63bff7c3de17b8eff10f354') in 0.0413818 seconds
Number of updated asset objects reloaded before import = 0Number of asset objects unloaded after import = 1

========================================================================
Received Import Request.
  Time since last request: 0.000046 seconds.
  path: Assets/Training_dummy/Scene
  artifactKey: Guid(7f7ab1a778b6ea24b9f0e94f94c6d111) Importer(2089858483,192608db42251d675da83286b1cce702)
Start importing Assets/Training_dummy/Scene using Guid(7f7ab1a778b6ea24b9f0e94f94c6d111) Importer(2089858483,192608db42251d675da83286b1cce702) (ScriptedImporter) -> (artifact id: 'b2c531d8c86158008966088c11658d78') in 0.0306261 seconds
Number of updated asset objects reloaded before import = 0Number of asset objects unloaded after import = 1

========================================================================
Received Import Request.
  Time since last request: 0.000037 seconds.
  path: Assets/Cartoon_Farm_Crops/Scenes
  artifactKey: Guid(2d31bdbebf440f642822ffc9caace8df) Importer(2089858483,192608db42251d675da83286b1cce702)
Start importing Assets/Cartoon_Farm_Crops/Scenes using Guid(2d31bdbebf440f642822ffc9caace8df) Importer(2089858483,192608db42251d675da83286b1cce702) (ScriptedImporter) -> (artifact id: 'eb36f4c9fbdda722459b5d4a54f21b65') in 0.0276478 seconds
Number of updated asset objects reloaded before import = 0Number of asset objects unloaded after import = 1

========================================================================
Received Import Request.
  Time since last request: 0.000042 seconds.
  path: Assets/Cartoon_Farm_Crops/Prefabs/Mobile/Corn_Fruit.prefab
  artifactKey: Guid(525cdbe33e2709049b014f3e3748e15a) Importer(2089858483,192608db42251d675da83286b1cce702)
Start importing Assets/Cartoon_Farm_Crops/Prefabs/Mobile/Corn_Fruit.prefab using Guid(525cdbe33e2709049b014f3e3748e15a) Importer(2089858483,192608db42251d675da83286b1cce702) (ScriptedImporter) -> (artifact id: '440c445fa865a287f7c227037af6be9c') in 0.0848747 seconds
Number of updated asset objects reloaded before import = 0Number of asset objects unloaded after import = 9

========================================================================
Received Import Request.
  Time since last request: 0.000065 seconds.
  path: Assets/GhostCharacter_Free/Documents/readme_txt.txt
  artifactKey: Guid(474d2bc7d6ba8464bbb0a405f391156b) Importer(2089858483,192608db42251d675da83286b1cce702)
Start importing Assets/GhostCharacter_Free/Documents/readme_txt.txt using Guid(474d2bc7d6ba8464bbb0a405f391156b) Importer(2089858483,192608db42251d675da83286b1cce702) (ScriptedImporter) -> (artifact id: 'dbf65214d5fb4ae812aac9c7f883460f') in 0.0494383 seconds
Number of updated asset objects reloaded before import = 0Number of asset objects unloaded after import = 1

========================================================================
Received Import Request.
  Time since last request: 0.000029 seconds.
  path: Assets/GhostCharacter_Free/Documents
  artifactKey: Guid(6b3930b2eeda84d159a8966d9bd3e206) Importer(2089858483,192608db42251d675da83286b1cce702)
Start importing Assets/GhostCharacter_Free/Documents using Guid(6b3930b2eeda84d159a8966d9bd3e206) Importer(2089858483,192608db42251d675da83286b1cce702) (ScriptedImporter) -> (artifact id: '07624720d512bd23eb270b460b950b90') in 0.0303069 seconds
Number of updated asset objects reloaded before import = 0Number of asset objects unloaded after import = 1

========================================================================
Received Import Request.
  Time since last request: 0.000104 seconds.
  path: Assets/GhostCharacter_Free/Scripts
  artifactKey: Guid(9979cb5b0069d43c08515df44fac8b63) Importer(2089858483,192608db42251d675da83286b1cce702)
Start importing Assets/GhostCharacter_Free/Scripts using Guid(9979cb5b0069d43c08515df44fac8b63) Importer(2089858483,192608db42251d675da83286b1cce702) (ScriptedImporter) -> (artifact id: 'bdda8db69e474be014c7eeb77137ad0b') in 0.0307855 seconds
Number of updated asset objects reloaded before import = 0Number of asset objects unloaded after import = 1

========================================================================
Received Import Request.
  Time since last request: 0.000328 seconds.
  path: Assets/Cartoon_Farm_Crops/Materials/Turnip_Plant.mat
  artifactKey: Guid(ee377534d2cf3e243ab8ce782be8b5ed) Importer(2089858483,192608db42251d675da83286b1cce702)
Start importing Assets/Cartoon_Farm_Crops/Materials/Turnip_Plant.mat using Guid(ee377534d2cf3e243ab8ce782be8b5ed) Importer(2089858483,192608db42251d675da83286b1cce702) (ScriptedImporter) -> (artifact id: 'a08debdf172f16f84a51e238feb4a1a0') in 0.0343162 seconds
Number of updated asset objects reloaded before import = 0Number of asset objects unloaded after import = 1

========================================================================
Received Import Request.
  Time since last request: 0.000035 seconds.
  path: Assets/GhostCharacter_Free/Prefabs
  artifactKey: Guid(4b6a0d72258224a0dac17e9c3b6269e0) Importer(2089858483,192608db42251d675da83286b1cce702)
Start importing Assets/GhostCharacter_Free/Prefabs using Guid(4b6a0d72258224a0dac17e9c3b6269e0) Importer(2089858483,192608db42251d675da83286b1cce702) (ScriptedImporter) -> (artifact id: 'c3d01b98356613241020899d3b1067f2') in 0.0302965 seconds
Number of updated asset objects reloaded before import = 0Number of asset objects unloaded after import = 1

========================================================================
Received Import Request.
  Time since last request: 0.000043 seconds.
  path: Assets/GhostCharacter_Free/Materials/ShaderBlock.shadergraph
  artifactKey: Guid(f4e17be1ee0ff49138214f104cc0a3fb) Importer(2089858483,192608db42251d675da83286b1cce702)
Start importing Assets/GhostCharacter_Free/Materials/ShaderBlock.shadergraph using Guid(f4e17be1ee0ff49138214f104cc0a3fb) Importer(2089858483,192608db42251d675da83286b1cce702) (ScriptedImporter) -> (artifact id: 'c70b320a171170d3520d70e3b3e6c0ce') in 0.0974832 seconds
Number of updated asset objects reloaded before import = 0Number of asset objects unloaded after import = 5

========================================================================
Received Import Request.
  Time since last request: 0.000054 seconds.
  path: Assets/GhostCharacter_Free/AnimationClips
  artifactKey: Guid(1d280af23b966485fabbdfea3b330115) Importer(2089858483,192608db42251d675da83286b1cce702)
Start importing Assets/GhostCharacter_Free/AnimationClips using Guid(1d280af23b966485fabbdfea3b330115) Importer(2089858483,192608db42251d675da83286b1cce702) (ScriptedImporter) -> (artifact id: '0a0a7671109b30052ff20d7733923902') in 0.0285558 seconds
Number of updated asset objects reloaded before import = 0Number of asset objects unloaded after import = 1

========================================================================
Received Import Request.
  Time since last request: 0.000032 seconds.
  path: Assets/GhostCharacter_Free/Scenes
  artifactKey: Guid(88ee970f24eb24815beb3808830582b3) Importer(2089858483,192608db42251d675da83286b1cce702)
Start importing Assets/GhostCharacter_Free/Scenes using Guid(88ee970f24eb24815beb3808830582b3) Importer(2089858483,192608db42251d675da83286b1cce702) (ScriptedImporter) -> (artifact id: '0c598b83aac697558739dac63f92b74f') in 0.0254897 seconds
Number of updated asset objects reloaded before import = 0Number of asset objects unloaded after import = 1

========================================================================
Received Import Request.
  Time since last request: 0.000028 seconds.
  path: Assets/TutorialInfo/Scripts/Editor/ReadmeEditor.cs
  artifactKey: Guid(5a0178ed636e0364e8ca30ae2f5b721d) Importer(2089858483,192608db42251d675da83286b1cce702)
Start importing Assets/TutorialInfo/Scripts/Editor/ReadmeEditor.cs using Guid(5a0178ed636e0364e8ca30ae2f5b721d) Importer(2089858483,192608db42251d675da83286b1cce702) (ScriptedImporter) -> (artifact id: '1691fa4cd1942605d6060d93fb818a09') in 0.1000089 seconds
Number of updated asset objects reloaded before import = 0Number of asset objects unloaded after import = 0

========================================================================
Received Import Request.
  Time since last request: 0.000044 seconds.
  path: Assets/Fantasy Wooden GUI  Free/normal_ui_set A/TextBTN_New-Start_Pressed.png
  artifactKey: Guid(2e5f47e2f71128f4282c0a4a67288751) Importer(2089858483,192608db42251d675da83286b1cce702)
Start importing Assets/Fantasy Wooden GUI  Free/normal_ui_set A/TextBTN_New-Start_Pressed.png using Guid(2e5f47e2f71128f4282c0a4a67288751) Importer(2089858483,192608db42251d675da83286b1cce702) (ScriptedImporter) -> (artifact id: 'a1996d3bd472548a903cf9b536a0dd0b') in 0.1765406 seconds
Number of updated asset objects reloaded before import = 0Number of asset objects unloaded after import = 3

========================================================================
Received Import Request.
  Time since last request: 0.000080 seconds.
  path: Assets/Fantasy Wooden GUI  Free/normal_ui_set A/UI board Large stone.png
  artifactKey: Guid(7066e0747291df44fa5c2bf93bee3a6e) Importer(2089858483,192608db42251d675da83286b1cce702)
Start importing Assets/Fantasy Wooden GUI  Free/normal_ui_set A/UI board Large stone.png using Guid(7066e0747291df44fa5c2bf93bee3a6e) Importer(2089858483,192608db42251d675da83286b1cce702) (ScriptedImporter) -> (artifact id: '167ac8df37513907934ea77648729c13') in 0.0855609 seconds
Number of updated asset objects reloaded before import = 0Number of asset objects unloaded after import = 3

========================================================================
Received Import Request.
  Time since last request: 0.000035 seconds.
  path: Assets/Fantasy Wooden GUI  Free/normal_ui_set A/Close Button.png
  artifactKey: Guid(11277a3f23988ec47908362d708edaa8) Importer(2089858483,192608db42251d675da83286b1cce702)
Start importing Assets/Fantasy Wooden GUI  Free/normal_ui_set A/Close Button.png using Guid(11277a3f23988ec47908362d708edaa8) Importer(2089858483,192608db42251d675da83286b1cce702) (ScriptedImporter) -> (artifact id: '1a97ffe80c85d86c1801c6d0bdb72c6a') in 0.0678378 seconds
Number of updated asset objects reloaded before import = 0Number of asset objects unloaded after import = 3

========================================================================
Received Import Request.
  Time since last request: 0.000359 seconds.
  path: Assets/Fantasy Wooden GUI  Free/normal_ui_set A/UI board Medium stone.png
  artifactKey: Guid(9a6560e5bacb40847bb1b879ede354fb) Importer(2089858483,192608db42251d675da83286b1cce702)
Start importing Assets/Fantasy Wooden GUI  Free/normal_ui_set A/UI board Medium stone.png using Guid(9a6560e5bacb40847bb1b879ede354fb) Importer(2089858483,192608db42251d675da83286b1cce702) (ScriptedImporter) -> (artifact id: '461a3616c065409b9ece86dbd59cc310') in 0.0778904 seconds
Number of updated asset objects reloaded before import = 0Number of asset objects unloaded after import = 3

========================================================================
Received Import Request.
  Time since last request: 0.000052 seconds.
  path: Assets/Settings/DefaultVolumeProfile.asset
  artifactKey: Guid(ab09877e2e707104187f6f83e2f62510) Importer(2089858483,192608db42251d675da83286b1cce702)
Start importing Assets/Settings/DefaultVolumeProfile.asset using Guid(ab09877e2e707104187f6f83e2f62510) Importer(2089858483,192608db42251d675da83286b1cce702) (ScriptedImporter) -> (artifact id: '5bf05b3422fe5d84ab733cb44dde0033') in 0.0458972 seconds
Number of updated asset objects reloaded before import = 0Number of asset objects unloaded after import = 0

========================================================================
Received Import Request.
  Time since last request: 0.000031 seconds.
  path: Assets/TextMesh Pro/Resources/Fonts & Materials/LiberationSans SDF - Drop Shadow.mat
  artifactKey: Guid(e73a58f6e2794ae7b1b7e50b7fb811b0) Importer(2089858483,192608db42251d675da83286b1cce702)
Start importing Assets/TextMesh Pro/Resources/Fonts & Materials/LiberationSans SDF - Drop Shadow.mat using Guid(e73a58f6e2794ae7b1b7e50b7fb811b0) Importer(2089858483,192608db42251d675da83286b1cce702) (ScriptedImporter) -> (artifact id: '17fe682735ae2f0285668c81c915251f') in 0.1627386 seconds
Number of updated asset objects reloaded before import = 0Number of asset objects unloaded after import = 2

========================================================================
Received Import Request.
  Time since last request: 0.000058 seconds.
  path: Assets/TextMesh Pro/Shaders/TMPro.cginc
  artifactKey: Guid(407bc68d299748449bbf7f48ee690f8d) Importer(2089858483,192608db42251d675da83286b1cce702)
Start importing Assets/TextMesh Pro/Shaders/TMPro.cginc using Guid(407bc68d299748449bbf7f48ee690f8d) Importer(2089858483,192608db42251d675da83286b1cce702) (ScriptedImporter) -> (artifact id: '60156e84651664374fec3c15797f9a62') in 0.0519656 seconds
Number of updated asset objects reloaded before import = 0Number of asset objects unloaded after import = 1

========================================================================
Received Import Request.
  Time since last request: 0.000098 seconds.
  path: Assets/TextMesh Pro/Shaders/TMP_SDF-Mobile SSD.shader
  artifactKey: Guid(c8d12adcee749c344b8117cf7c7eb912) Importer(2089858483,192608db42251d675da83286b1cce702)
Start importing Assets/TextMesh Pro/Shaders/TMP_SDF-Mobile SSD.shader using Guid(c8d12adcee749c344b8117cf7c7eb912) Importer(2089858483,192608db42251d675da83286b1cce702) (ScriptedImporter) -> (artifact id: 'bc31bcffd805321ebc96767e5aeae5a8') in 0.131758 seconds
Number of updated asset objects reloaded before import = 0Number of asset objects unloaded after import = 1

========================================================================
Received Import Request.
  Time since last request: 0.000055 seconds.
  path: Assets/TextMesh Pro/Shaders/SDFFunctions.hlsl
  artifactKey: Guid(96de908384869cd409c75efa351d5edf) Importer(2089858483,192608db42251d675da83286b1cce702)
Start importing Assets/TextMesh Pro/Shaders/SDFFunctions.hlsl using Guid(96de908384869cd409c75efa351d5edf) Importer(2089858483,192608db42251d675da83286b1cce702) (ScriptedImporter) -> (artifact id: '536c90b693b69c2de8e1adb38c71295b') in 0.0739687 seconds
Number of updated asset objects reloaded before import = 0Number of asset objects unloaded after import = 1

========================================================================
Received Import Request.
  Time since last request: 0.000222 seconds.
  path: Assets/TextMesh Pro/Shaders/TMP_Bitmap.shader
  artifactKey: Guid(128e987d567d4e2c824d754223b3f3b0) Importer(2089858483,192608db42251d675da83286b1cce702)
Start importing Assets/TextMesh Pro/Shaders/TMP_Bitmap.shader using Guid(128e987d567d4e2c824d754223b3f3b0) Importer(2089858483,192608db42251d675da83286b1cce702) (ScriptedImporter) -> (artifact id: '9d6052069880d8ee12ac9da0c2dfdb64') in 0.0674697 seconds
Number of updated asset objects reloaded before import = 0Number of asset objects unloaded after import = 1

========================================================================
Received Import Request.
  Time since last request: 0.000046 seconds.
  path: Assets/TextMesh Pro
  artifactKey: Guid(f54d1bd14bd3ca042bd867b519fee8cc) Importer(2089858483,192608db42251d675da83286b1cce702)
Start importing Assets/TextMesh Pro using Guid(f54d1bd14bd3ca042bd867b519fee8cc) Importer(2089858483,192608db42251d675da83286b1cce702) (ScriptedImporter) -> (artifact id: '3752a9587b9f69bb78c1956a734f2ef3') in 0.0380789 seconds
Number of updated asset objects reloaded before import = 0Number of asset objects unloaded after import = 1

========================================================================
Received Import Request.
  Time since last request: 0.000079 seconds.
  path: Assets/TextMesh Pro/Shaders/TMPro_Properties.cginc
  artifactKey: Guid(3997e2241185407d80309a82f9148466) Importer(2089858483,192608db42251d675da83286b1cce702)
Start importing Assets/TextMesh Pro/Shaders/TMPro_Properties.cginc using Guid(3997e2241185407d80309a82f9148466) Importer(2089858483,192608db42251d675da83286b1cce702) (ScriptedImporter) -> (artifact id: 'c328483a69abc8c6e63312aeea529037') in 0.0478759 seconds
Number of updated asset objects reloaded before import = 0Number of asset objects unloaded after import = 1

========================================================================
Received Import Request.
  Time since last request: 0.000041 seconds.
  path: Assets/TextMesh Pro/Shaders/TMP_Bitmap-Mobile.shader
  artifactKey: Guid(1e3b057af24249748ff873be7fafee47) Importer(2089858483,192608db42251d675da83286b1cce702)
Start importing Assets/TextMesh Pro/Shaders/TMP_Bitmap-Mobile.shader using Guid(1e3b057af24249748ff873be7fafee47) Importer(2089858483,192608db42251d675da83286b1cce702) (ScriptedImporter) -> (artifact id: '583c74b980cb3934533c58998a814067') in 0.0404668 seconds
Number of updated asset objects reloaded before import = 0Number of asset objects unloaded after import = 1

========================================================================
Received Import Request.
  Time since last request: 0.000042 seconds.
  path: Assets/Fantasy Wooden GUI  Free/normal_ui_set A/TextBTN_Cancel.png
  artifactKey: Guid(480144379cc9c7d47a8e19f58b0e6ee3) Importer(2089858483,192608db42251d675da83286b1cce702)
Start importing Assets/Fantasy Wooden GUI  Free/normal_ui_set A/TextBTN_Cancel.png using Guid(480144379cc9c7d47a8e19f58b0e6ee3) Importer(2089858483,192608db42251d675da83286b1cce702) (ScriptedImporter) -> (artifact id: '4953606c437947adf3fd21a4010a9d50') in 0.1072281 seconds
Number of updated asset objects reloaded before import = 0Number of asset objects unloaded after import = 3

========================================================================
Received Import Request.
  Time since last request: 0.000116 seconds.
  path: Assets/TextMesh Pro/Examples & Extras/Resources/Sprite Assets
  artifactKey: Guid(3ac6db30e75b49b282a3564110579f27) Importer(2089858483,192608db42251d675da83286b1cce702)
Start importing Assets/TextMesh Pro/Examples & Extras/Resources/Sprite Assets using Guid(3ac6db30e75b49b282a3564110579f27) Importer(2089858483,192608db42251d675da83286b1cce702) (ScriptedImporter) -> (artifact id: '41be01e66d9db70ce77298291fa99f2d') in 0.0711306 seconds
Number of updated asset objects reloaded before import = 0Number of asset objects unloaded after import = 1

========================================================================
Received Import Request.
  Time since last request: 0.000115 seconds.
  path: Assets/TextMesh Pro/Resources/Fonts & Materials/LiberationSans SDF.asset
  artifactKey: Guid(8f586378b4e144a9851e7b34d9b748ee) Importer(2089858483,192608db42251d675da83286b1cce702)
Start importing Assets/TextMesh Pro/Resources/Fonts & Materials/LiberationSans SDF.asset using Guid(8f586378b4e144a9851e7b34d9b748ee) Importer(2089858483,192608db42251d675da83286b1cce702) (ScriptedImporter) -> (artifact id: 'e4741e97b1ddfea833124897f5daccfb') in 0.8877029 seconds
Number of updated asset objects reloaded before import = 0Number of asset objects unloaded after import = 8

========================================================================
Received Import Request.
  Time since last request: 0.000064 seconds.
  path: Assets/TextMesh Pro/Examples & Extras/Resources/Sprite Assets/Default Sprite Asset.asset
  artifactKey: Guid(fbef3c704dce48f08a44612d6c856c8d) Importer(2089858483,192608db42251d675da83286b1cce702)
Start importing Assets/TextMesh Pro/Examples & Extras/Resources/Sprite Assets/Default Sprite Asset.asset using Guid(fbef3c704dce48f08a44612d6c856c8d) Importer(2089858483,192608db42251d675da83286b1cce702) (ScriptedImporter) -> (artifact id: '2eaf6ffbe04ae8fb49b28b4005defab2') in 0.1483801 seconds
Number of updated asset objects reloaded before import = 0Number of asset objects unloaded after import = 3

========================================================================
Received Import Request.
  Time since last request: 0.000087 seconds.
  path: Assets/TextMesh Pro/Examples & Extras/Resources/Fonts & Materials/Bangers SDF Glow.mat
  artifactKey: Guid(d75b8f41e959450c84ac6e967084d3e1) Importer(2089858483,192608db42251d675da83286b1cce702)
Start importing Assets/TextMesh Pro/Examples & Extras/Resources/Fonts & Materials/Bangers SDF Glow.mat using Guid(d75b8f41e959450c84ac6e967084d3e1) Importer(2089858483,192608db42251d675da83286b1cce702) (ScriptedImporter) -> (artifact id: 'c73e22cd1e8bb3691f825d276795c67f') in 0.1259628 seconds
Number of updated asset objects reloaded before import = 0Number of asset objects unloaded after import = 3

========================================================================
Received Import Request.
  Time since last request: 0.000100 seconds.
  path: Assets/TextMesh Pro/Examples & Extras/Materials/Ground - Logo Scene.mat
  artifactKey: Guid(c719e38f25a9480abd2480ab621a2949) Importer(2089858483,192608db42251d675da83286b1cce702)
Start importing Assets/TextMesh Pro/Examples & Extras/Materials/Ground - Logo Scene.mat using Guid(c719e38f25a9480abd2480ab621a2949) Importer(2089858483,192608db42251d675da83286b1cce702) (ScriptedImporter) -> (artifact id: 'f1f3af5935f8c10fc76f027f7ccf2627') in 0.2292309 seconds
Number of updated asset objects reloaded before import = 0Number of asset objects unloaded after import = 2

========================================================================
Received Import Request.
  Time since last request: 0.000052 seconds.
  path: Assets/TextMesh Pro/Examples & Extras/Materials/Small Crate_diffuse.mat
  artifactKey: Guid(22262639920f43d6be32430e4e58350d) Importer(2089858483,192608db42251d675da83286b1cce702)
Start importing Assets/TextMesh Pro/Examples & Extras/Materials/Small Crate_diffuse.mat using Guid(22262639920f43d6be32430e4e58350d) Importer(2089858483,192608db42251d675da83286b1cce702) (ScriptedImporter) -> (artifact id: '5773a1102ea0ea06f8ea1cb273858e55') in 0.1267501 seconds
Number of updated asset objects reloaded before import = 0Number of asset objects unloaded after import = 3

========================================================================
Received Import Request.
  Time since last request: 0.000065 seconds.
  path: Assets/TextMesh Pro/Examples & Extras/Scripts/TMP_UiFrameRateCounter.cs
  artifactKey: Guid(24b0dc2d1d494adbbec1f4db26b4cf83) Importer(2089858483,192608db42251d675da83286b1cce702)
Start importing Assets/TextMesh Pro/Examples & Extras/Scripts/TMP_UiFrameRateCounter.cs using Guid(24b0dc2d1d494adbbec1f4db26b4cf83) Importer(2089858483,192608db42251d675da83286b1cce702) (ScriptedImporter) -> (artifact id: '89e962aa0831ee51d4bb491068566721') in 0.0356398 seconds
Number of updated asset objects reloaded before import = 0Number of asset objects unloaded after import = 0

========================================================================
Received Import Request.
  Time since last request: 0.000038 seconds.
  path: Assets/TextMesh Pro/Examples & Extras/Scripts/TMP_TextSelector_A.cs
  artifactKey: Guid(103e0a6a1d404693b9fb1a5173e0e979) Importer(2089858483,192608db42251d675da83286b1cce702)
Start importing Assets/TextMesh Pro/Examples & Extras/Scripts/TMP_TextSelector_A.cs using Guid(103e0a6a1d404693b9fb1a5173e0e979) Importer(2089858483,192608db42251d675da83286b1cce702) (ScriptedImporter) -> (artifact id: '3dbefa10dfa73c3f8793089bb1da6d8e') in 0.0392857 seconds
Number of updated asset objects reloaded before import = 0Number of asset objects unloaded after import = 0

========================================================================
Received Import Request.
  Time since last request: 0.000040 seconds.
  path: Assets/TextMesh Pro/Examples & Extras/Scenes/07 - Superscript & Subscript Example.unity
  artifactKey: Guid(03ec435d4b7140e9b2d87f79136d8374) Importer(2089858483,192608db42251d675da83286b1cce702)
Start importing Assets/TextMesh Pro/Examples & Extras/Scenes/07 - Superscript & Subscript Example.unity using Guid(03ec435d4b7140e9b2d87f79136d8374) Importer(2089858483,192608db42251d675da83286b1cce702) (ScriptedImporter) -> (artifact id: '9108ac3f46476a006c990bb891a046cd') in 0.0679982 seconds
Number of updated asset objects reloaded before import = 0Number of asset objects unloaded after import = 1

========================================================================
Received Import Request.
  Time since last request: 0.000067 seconds.
  path: Assets/TextMesh Pro/Resources/Style Sheets
  artifactKey: Guid(4aecb92fff08436c8303b10eab8da368) Importer(2089858483,192608db42251d675da83286b1cce702)
Start importing Assets/TextMesh Pro/Resources/Style Sheets using Guid(4aecb92fff08436c8303b10eab8da368) Importer(2089858483,192608db42251d675da83286b1cce702) (ScriptedImporter) -> (artifact id: '941d9f39da7006a087a27ca328c02634') in 0.0290545 seconds
Number of updated asset objects reloaded before import = 0Number of asset objects unloaded after import = 1

========================================================================
Received Import Request.
  Time since last request: 0.000078 seconds.
  path: Assets/TextMesh Pro/Examples & Extras/Textures/Floor Tiles 1 - diffuse.jpg
  artifactKey: Guid(85ac55597b97403c82fc6601a93cf241) Importer(2089858483,192608db42251d675da83286b1cce702)
Start importing Assets/TextMesh Pro/Examples & Extras/Textures/Floor Tiles 1 - diffuse.jpg using Guid(85ac55597b97403c82fc6601a93cf241) Importer(2089858483,192608db42251d675da83286b1cce702) (ScriptedImporter) -> (artifact id: 'dc9cf6cfa98c8b04b11fba653d15836f') in 0.1197214 seconds
Number of updated asset objects reloaded before import = 0Number of asset objects unloaded after import = 1

========================================================================
Received Import Request.
  Time since last request: 0.000069 seconds.
  path: Assets/TextMesh Pro/Examples & Extras/Resources/Fonts & Materials/Bangers SDF - Outline.mat
  artifactKey: Guid(f629c6e43dba4bf38cb74d8860150664) Importer(2089858483,192608db42251d675da83286b1cce702)
Start importing Assets/TextMesh Pro/Examples & Extras/Resources/Fonts & Materials/Bangers SDF - Outline.mat using Guid(f629c6e43dba4bf38cb74d8860150664) Importer(2089858483,192608db42251d675da83286b1cce702) (ScriptedImporter) -> (artifact id: '33dfd2e84b486bff5ccd3fc65015989c') in 0.0903405 seconds
Number of updated asset objects reloaded before import = 0Number of asset objects unloaded after import = 2

========================================================================
Received Import Request.
  Time since last request: 0.000102 seconds.
  path: Assets/TextMesh Pro/Examples & Extras/Fonts/Unity.ttf
  artifactKey: Guid(f4eec857a4fdf2f43be0e9f3d1a984e7) Importer(2089858483,192608db42251d675da83286b1cce702)
Start importing Assets/TextMesh Pro/Examples & Extras/Fonts/Unity.ttf using Guid(f4eec857a4fdf2f43be0e9f3d1a984e7) Importer(2089858483,192608db42251d675da83286b1cce702) (ScriptedImporter) -> (artifact id: '8adacd13224e5d7241617ea903421a2b') in 0.2471396 seconds
Number of updated asset objects reloaded before import = 0Number of asset objects unloaded after import = 3

========================================================================
Received Import Request.
  Time since last request: 0.000062 seconds.
  path: Assets/TextMesh Pro/Examples & Extras/Resources/Fonts & Materials/Roboto-Bold SDF - Drop Shadow.mat
  artifactKey: Guid(b246c4190f4e46ec9352fe15a7b09ce0) Importer(2089858483,192608db42251d675da83286b1cce702)
Start importing Assets/TextMesh Pro/Examples & Extras/Resources/Fonts & Materials/Roboto-Bold SDF - Drop Shadow.mat using Guid(b246c4190f4e46ec9352fe15a7b09ce0) Importer(2089858483,192608db42251d675da83286b1cce702) (ScriptedImporter) -> (artifact id: 'af3d953682988d0fde1ed81b5cec1b1b') in 0.0828047 seconds
Number of updated asset objects reloaded before import = 0Number of asset objects unloaded after import = 2

========================================================================
Received Import Request.
  Time since last request: 0.000219 seconds.
  path: Assets/TextMesh Pro/Examples & Extras/Fonts/Electronic Highway Sign.TTF
  artifactKey: Guid(8a2b9e2a607dd2143b58c44bc32410b4) Importer(2089858483,192608db42251d675da83286b1cce702)
Start importing Assets/TextMesh Pro/Examples & Extras/Fonts/Electronic Highway Sign.TTF using Guid(8a2b9e2a607dd2143b58c44bc32410b4) Importer(2089858483,192608db42251d675da83286b1cce702) (ScriptedImporter) -> (artifact id: 'dd6e6f2222460d923bf49caabc0856d3') in 0.0646658 seconds
Number of updated asset objects reloaded before import = 0Number of asset objects unloaded after import = 3

========================================================================
Received Import Request.
  Time since last request: 0.000043 seconds.
  path: Assets/TextMesh Pro/Examples & Extras/Scripts/SimpleScript.cs
  artifactKey: Guid(9eff140b25d64601aabc6ba32245d099) Importer(2089858483,192608db42251d675da83286b1cce702)
Start importing Assets/TextMesh Pro/Examples & Extras/Scripts/SimpleScript.cs using Guid(9eff140b25d64601aabc6ba32245d099) Importer(2089858483,192608db42251d675da83286b1cce702) (ScriptedImporter) -> (artifact id: '40fbbf476cdffc93aa9a530efd1458c5') in 0.0613642 seconds
Number of updated asset objects reloaded before import = 0Number of asset objects unloaded after import = 0

========================================================================
Received Import Request.
  Time since last request: 0.000058 seconds.
  path: Assets/TextMesh Pro/Examples & Extras/Scenes/23 - Animating Vertex Attributes.unity
  artifactKey: Guid(54e994244b4b467e8583cf2da6dcc716) Importer(2089858483,192608db42251d675da83286b1cce702)
Start importing Assets/TextMesh Pro/Examples & Extras/Scenes/23 - Animating Vertex Attributes.unity using Guid(54e994244b4b467e8583cf2da6dcc716) Importer(2089858483,192608db42251d675da83286b1cce702) (ScriptedImporter) -> (artifact id: 'fbd81edecf5f37e8779ebea1e2eff849') in 0.1064287 seconds
Number of updated asset objects reloaded before import = 0Number of asset objects unloaded after import = 1

========================================================================
Received Import Request.
  Time since last request: 0.000027 seconds.
  path: Assets/TextMesh Pro/Examples & Extras/Scenes/20 - Input Field with Scrollbar.unity
  artifactKey: Guid(337f92480dd24675aae9e79210fb1ad9) Importer(2089858483,192608db42251d675da83286b1cce702)
Start importing Assets/TextMesh Pro/Examples & Extras/Scenes/20 - Input Field with Scrollbar.unity using Guid(337f92480dd24675aae9e79210fb1ad9) Importer(2089858483,192608db42251d675da83286b1cce702) (ScriptedImporter) -> (artifact id: '0b6b4a21e11c75e26e58c3c1e04e8028') in 0.0741905 seconds
Number of updated asset objects reloaded before import = 0Number of asset objects unloaded after import = 1

========================================================================
Received Import Request.
  Time since last request: 0.000059 seconds.
  path: Assets/TextMesh Pro/Examples & Extras/Resources/Color Gradient Presets
  artifactKey: Guid(7f422cd1388b01047a58cd07c7a23d9d) Importer(2089858483,192608db42251d675da83286b1cce702)
Start importing Assets/TextMesh Pro/Examples & Extras/Resources/Color Gradient Presets using Guid(7f422cd1388b01047a58cd07c7a23d9d) Importer(2089858483,192608db42251d675da83286b1cce702) (ScriptedImporter) -> (artifact id: '6a098b9ca98ba50f96e16e64c24f2cd4') in 0.0304443 seconds
Number of updated asset objects reloaded before import = 0Number of asset objects unloaded after import = 1

========================================================================
Received Import Request.
  Time since last request: 0.000060 seconds.
  path: Assets/TextMesh Pro/Shaders/TMP_SDF Overlay.shader
  artifactKey: Guid(dd89cf5b9246416f84610a006f916af7) Importer(2089858483,192608db42251d675da83286b1cce702)
Start importing Assets/TextMesh Pro/Shaders/TMP_SDF Overlay.shader using Guid(dd89cf5b9246416f84610a006f916af7) Importer(2089858483,192608db42251d675da83286b1cce702) (ScriptedImporter) -> (artifact id: 'f8c9d5623f511ad44c2e564b3d2e971f') in 0.0536161 seconds
Number of updated asset objects reloaded before import = 0Number of asset objects unloaded after import = 1

========================================================================
Received Import Request.
  Time since last request: 0.000044 seconds.
  path: Assets/TextMesh Pro/Examples & Extras/Scenes/Benchmark (Floating Text).unity
  artifactKey: Guid(16177da2e3254cee91944756d5f8ddd3) Importer(2089858483,192608db42251d675da83286b1cce702)
Start importing Assets/TextMesh Pro/Examples & Extras/Scenes/Benchmark (Floating Text).unity using Guid(16177da2e3254cee91944756d5f8ddd3) Importer(2089858483,192608db42251d675da83286b1cce702) (ScriptedImporter) -> (artifact id: 'c5b6d5942c16589a2a1f8ad444ba6364') in 0.1163703 seconds
Number of updated asset objects reloaded before import = 0Number of asset objects unloaded after import = 1

========================================================================
Received Import Request.
  Time since last request: 0.000045 seconds.
  path: Assets/TextMesh Pro/Examples & Extras/Resources/Fonts & Materials/Roboto-Bold SDF - HDRP Unlit.mat
  artifactKey: Guid(2ddca8f46aa0838419d568affb0ca6b4) Importer(2089858483,192608db42251d675da83286b1cce702)
Start importing Assets/TextMesh Pro/Examples & Extras/Resources/Fonts & Materials/Roboto-Bold SDF - HDRP Unlit.mat using Guid(2ddca8f46aa0838419d568affb0ca6b4) Importer(2089858483,192608db42251d675da83286b1cce702) (ScriptedImporter) -> (artifact id: 'c47cfe74006bd120d1bfb3d64d4ad480') in 0.0960142 seconds
Number of updated asset objects reloaded before import = 0Number of asset objects unloaded after import = 4

========================================================================
Received Import Request.
  Time since last request: 0.000069 seconds.
  path: Assets/TextMesh Pro/Examples & Extras/Scripts/TMP_TextEventCheck.cs
  artifactKey: Guid(d736ce056cf444ca96e424f4d9c42b76) Importer(2089858483,192608db42251d675da83286b1cce702)
Start importing Assets/TextMesh Pro/Examples & Extras/Scripts/TMP_TextEventCheck.cs using Guid(d736ce056cf444ca96e424f4d9c42b76) Importer(2089858483,192608db42251d675da83286b1cce702) (ScriptedImporter) -> (artifact id: 'c9420e4028de5c7b25768e01f74bc6c1') in 0.2445854 seconds
Number of updated asset objects reloaded before import = 0Number of asset objects unloaded after import = 0

========================================================================
Received Import Request.
  Time since last request: 0.000656 seconds.
  path: Assets/TextMesh Pro/Examples & Extras/Scripts
  artifactKey: Guid(3979ce59e55144c89a2b3b3f8dcf7fd3) Importer(2089858483,192608db42251d675da83286b1cce702)
Start importing Assets/TextMesh Pro/Examples & Extras/Scripts using Guid(3979ce59e55144c89a2b3b3f8dcf7fd3) Importer(2089858483,192608db42251d675da83286b1cce702) (ScriptedImporter) -> (artifact id: '4cdbd37644f6a2fb03574f402b74d535') in 0.0355645 seconds
Number of updated asset objects reloaded before import = 0Number of asset objects unloaded after import = 1

========================================================================
Received Import Request.
  Time since last request: 0.000177 seconds.
  path: Assets/TextMesh Pro/Examples & Extras/Scenes/08 - Improved Text Alignment.unity
  artifactKey: Guid(5fe2257128d9401fad0790f581dc8a6f) Importer(2089858483,192608db42251d675da83286b1cce702)
Start importing Assets/TextMesh Pro/Examples & Extras/Scenes/08 - Improved Text Alignment.unity using Guid(5fe2257128d9401fad0790f581dc8a6f) Importer(2089858483,192608db42251d675da83286b1cce702) (ScriptedImporter) -> (artifact id: 'cc2d08d15a9966adad434ed897abdbdf') in 0.0704244 seconds
Number of updated asset objects reloaded before import = 0Number of asset objects unloaded after import = 1

========================================================================
Received Import Request.
  Time since last request: 0.000074 seconds.
  path: Assets/TextMesh Pro/Examples & Extras/Scripts/TMP_TextSelector_B.cs
  artifactKey: Guid(a05dcd8be7ec4ccbb35c26219884aa37) Importer(2089858483,192608db42251d675da83286b1cce702)
Start importing Assets/TextMesh Pro/Examples & Extras/Scripts/TMP_TextSelector_B.cs using Guid(a05dcd8be7ec4ccbb35c26219884aa37) Importer(2089858483,192608db42251d675da83286b1cce702) (ScriptedImporter) -> (artifact id: '5def9a01c5b9f7d2d04e3ff28f405512') in 0.0551428 seconds
Number of updated asset objects reloaded before import = 0Number of asset objects unloaded after import = 0

========================================================================
Received Import Request.
  Time since last request: 0.000073 seconds.
  path: Assets/TextMesh Pro/Examples & Extras/Materials/Ground - Surface Shader Scene.mat
  artifactKey: Guid(aadd5a709a48466c887296bb5b1b8110) Importer(2089858483,192608db42251d675da83286b1cce702)
Start importing Assets/TextMesh Pro/Examples & Extras/Materials/Ground - Surface Shader Scene.mat using Guid(aadd5a709a48466c887296bb5b1b8110) Importer(2089858483,192608db42251d675da83286b1cce702) (ScriptedImporter) -> (artifact id: 'ec6294251b9228d3fd877dec2344d923') in 0.1086667 seconds
Number of updated asset objects reloaded before import = 0Number of asset objects unloaded after import = 2

========================================================================
Received Import Request.
  Time since last request: 0.000079 seconds.
  path: Assets/TextMesh Pro/Examples & Extras/Scenes/24 - Surface Shader Example URP.unity
  artifactKey: Guid(57694ed9d1cd1e340a4924c0f2eac8e3) Importer(2089858483,192608db42251d675da83286b1cce702)
Start importing Assets/TextMesh Pro/Examples & Extras/Scenes/24 - Surface Shader Example URP.unity using Guid(57694ed9d1cd1e340a4924c0f2eac8e3) Importer(2089858483,192608db42251d675da83286b1cce702) (ScriptedImporter) -> (artifact id: '3786d564428af7e79a8a3c873f12fa44') in 0.1299998 seconds
Number of updated asset objects reloaded before import = 0Number of asset objects unloaded after import = 1

========================================================================
Received Import Request.
  Time since last request: 0.000054 seconds.
  path: Assets/Scripts/EnemyColorChanger.cs
  artifactKey: Guid(87dbe11d669d0c741a74a0e15622e5a5) Importer(2089858483,192608db42251d675da83286b1cce702)
Start importing Assets/Scripts/EnemyColorChanger.cs using Guid(87dbe11d669d0c741a74a0e15622e5a5) Importer(2089858483,192608db42251d675da83286b1cce702) (ScriptedImporter) -> (artifact id: '9ab619e092d80890dda17f16b6e0e025') in 0.0646034 seconds
Number of updated asset objects reloaded before import = 0Number of asset objects unloaded after import = 0

========================================================================
Received Import Request.
  Time since last request: 0.000622 seconds.
  path: Assets/HealthBar/Health Bar/Assets/ExampleAssets/Materials/OBS_Mat.mat
  artifactKey: Guid(c438e5c679f1be040a135443008e2fce) Importer(2089858483,192608db42251d675da83286b1cce702)
Start importing Assets/HealthBar/Health Bar/Assets/ExampleAssets/Materials/OBS_Mat.mat using Guid(c438e5c679f1be040a135443008e2fce) Importer(2089858483,192608db42251d675da83286b1cce702) (ScriptedImporter) -> (artifact id: '34f7dc5b6f7beaf83404230766c563ee') in 0.7467833 seconds
Number of updated asset objects reloaded before import = 0Number of asset objects unloaded after import = 4

========================================================================
Received Import Request.
  Time since last request: 0.000150 seconds.
  path: Assets/HealthBar/Health Bar/Assets/Presets/Defaults/AudioDecompressOnLoad.preset
  artifactKey: Guid(e7689051185d12f4298e1ebb2693a29f) Importer(2089858483,192608db42251d675da83286b1cce702)
Start importing Assets/HealthBar/Health Bar/Assets/Presets/Defaults/AudioDecompressOnLoad.preset using Guid(e7689051185d12f4298e1ebb2693a29f) Importer(2089858483,192608db42251d675da83286b1cce702) (ScriptedImporter) -> (artifact id: '61ae055b287dedd6ab15a791463a4792') in 0.5061776 seconds
Number of updated asset objects reloaded before import = 0Number of asset objects unloaded after import = 1

========================================================================
Received Import Request.
  Time since last request: 0.000038 seconds.
  path: Assets/HealthBar/Health Bar/Assets/ExampleAssets/Textures/Props/Paint/Paint1G_MetallicOcculusionRoughness.tif
  artifactKey: Guid(ca084ebab0cef7c4ba746cdb442f9c1e) Importer(2089858483,192608db42251d675da83286b1cce702)
Start importing Assets/HealthBar/Health Bar/Assets/ExampleAssets/Textures/Props/Paint/Paint1G_MetallicOcculusionRoughness.tif using Guid(ca084ebab0cef7c4ba746cdb442f9c1e) Importer(2089858483,192608db42251d675da83286b1cce702) (ScriptedImporter) -> (artifact id: '140618f84e78f4e94e8a0418b74a33ea') in 0.0746011 seconds
Number of updated asset objects reloaded before import = 0Number of asset objects unloaded after import = 1

========================================================================
Received Import Request.
  Time since last request: 0.000082 seconds.
  path: Assets/HealthBar/Health Bar/Assets/ExampleAssets/Materials/Strap_Mat.mat
  artifactKey: Guid(81c1860e7800e5340bf8a54c565ba9ea) Importer(2089858483,192608db42251d675da83286b1cce702)
Start importing Assets/HealthBar/Health Bar/Assets/ExampleAssets/Materials/Strap_Mat.mat using Guid(81c1860e7800e5340bf8a54c565ba9ea) Importer(2089858483,192608db42251d675da83286b1cce702) (ScriptedImporter) -> (artifact id: '59008594f8f062c4343cd9b5a7aac591') in 0.1588795 seconds
Number of updated asset objects reloaded before import = 0Number of asset objects unloaded after import = 4

========================================================================
Received Import Request.
  Time since last request: 0.000042 seconds.
  path: Assets/HealthBar/Health Bar/Assets/ExampleAssets/Models/jigsaw_low.fbx
  artifactKey: Guid(8b73e8872ca76104bbca4ee2b704a1b4) Importer(2089858483,192608db42251d675da83286b1cce702)
Start importing Assets/HealthBar/Health Bar/Assets/ExampleAssets/Models/jigsaw_low.fbx using Guid(8b73e8872ca76104bbca4ee2b704a1b4) Importer(2089858483,192608db42251d675da83286b1cce702) (ScriptedImporter) -> (artifact id: '06c7a8fb9acd47c4381b8533a10c325e') in 0.1707998 seconds
Number of updated asset objects reloaded before import = 0Number of asset objects unloaded after import = 9

========================================================================
Received Import Request.
  Time since last request: 0.000064 seconds.
  path: Assets/HealthBar/Health Bar/Assets/TutorialInfo/Icons/Help_Icon.png
  artifactKey: Guid(34f556d724b1bbf4097ca6220db2c581) Importer(2089858483,192608db42251d675da83286b1cce702)
Start importing Assets/HealthBar/Health Bar/Assets/TutorialInfo/Icons/Help_Icon.png using Guid(34f556d724b1bbf4097ca6220db2c581) Importer(2089858483,192608db42251d675da83286b1cce702) (ScriptedImporter) -> (artifact id: '39d06c9c04d683df2521f606166bb6cd') in 0.0843716 seconds
Number of updated asset objects reloaded before import = 0Number of asset objects unloaded after import = 1

========================================================================
Received Import Request.
  Time since last request: 0.000332 seconds.
  path: Assets/HealthBar/Health Bar/Assets/Materials/Red.mat
  artifactKey: Guid(8eb7f49f8068a434280ad3be037994f6) Importer(2089858483,192608db42251d675da83286b1cce702)
Start importing Assets/HealthBar/Health Bar/Assets/Materials/Red.mat using Guid(8eb7f49f8068a434280ad3be037994f6) Importer(2089858483,192608db42251d675da83286b1cce702) (ScriptedImporter) -> (artifact id: 'c42366bbea6d7afedf035c4be1b3ecba') in 0.0777546 seconds
Number of updated asset objects reloaded before import = 0Number of asset objects unloaded after import = 1

========================================================================
Received Import Request.
  Time since last request: 0.000047 seconds.
  path: Assets/HealthBar/Health Bar/Assets/TutorialInfo/Scripts
  artifactKey: Guid(b79f6204acb26bb4aa3524a6b1e5d2ed) Importer(2089858483,192608db42251d675da83286b1cce702)
Start importing Assets/HealthBar/Health Bar/Assets/TutorialInfo/Scripts using Guid(b79f6204acb26bb4aa3524a6b1e5d2ed) Importer(2089858483,192608db42251d675da83286b1cce702) (ScriptedImporter) -> (artifact id: '4867237f81e0449f9506abf3af7f03aa') in 0.0354952 seconds
Number of updated asset objects reloaded before import = 0Number of asset objects unloaded after import = 1

========================================================================
Received Import Request.
  Time since last request: 0.000075 seconds.
  path: Assets/HealthBar/Health Bar/Assets/ExampleAssets/Prefabs/Workshop Set.prefab
  artifactKey: Guid(a87f0180d46fd334b9025d0314a0dc70) Importer(2089858483,192608db42251d675da83286b1cce702)
Start importing Assets/HealthBar/Health Bar/Assets/ExampleAssets/Prefabs/Workshop Set.prefab using Guid(a87f0180d46fd334b9025d0314a0dc70) Importer(2089858483,192608db42251d675da83286b1cce702) (ScriptedImporter) -> (artifact id: 'c8524703cd46b3d85b516f011d3a7c35') in 0.1209705 seconds
Number of updated asset objects reloaded before import = 0Number of asset objects unloaded after import = 30

========================================================================
Received Import Request.
  Time since last request: 0.000052 seconds.
  path: Assets/HealthBar/Health Bar/Assets/ExampleAssets/Textures/Wood/OBS_Normal.tif
  artifactKey: Guid(fcce267dfc966b6408dc2ebe0cfb60ed) Importer(2089858483,192608db42251d675da83286b1cce702)
Start importing Assets/HealthBar/Health Bar/Assets/ExampleAssets/Textures/Wood/OBS_Normal.tif using Guid(fcce267dfc966b6408dc2ebe0cfb60ed) Importer(2089858483,192608db42251d675da83286b1cce702) (ScriptedImporter) -> (artifact id: 'c43e2098f0d34b49a183b6496586d6aa') in 0.2122259 seconds
Number of updated asset objects reloaded before import = 0Number of asset objects unloaded after import = 1

========================================================================
Received Import Request.
  Time since last request: 0.000103 seconds.
  path: Assets/HealthBar/Health Bar/Assets/Presets/Defaults/AlbedoTexture_Default.preset
  artifactKey: Guid(e8537455c6c08bd4e8bf0be3707da685) Importer(2089858483,192608db42251d675da83286b1cce702)
Start importing Assets/HealthBar/Health Bar/Assets/Presets/Defaults/AlbedoTexture_Default.preset using Guid(e8537455c6c08bd4e8bf0be3707da685) Importer(2089858483,192608db42251d675da83286b1cce702) (ScriptedImporter) -> (artifact id: '4b7e338f4620b6c9c741440848b4072b') in 0.085895 seconds
Number of updated asset objects reloaded before import = 0Number of asset objects unloaded after import = 1

========================================================================
Received Import Request.
  Time since last request: 0.000036 seconds.
  path: Assets/HealthBar/Health Bar/Assets/ExampleAssets/Textures/Concrete/Ground_Albedo.tif
  artifactKey: Guid(87ce03bd447ccce48bbff87ac0d8355f) Importer(2089858483,192608db42251d675da83286b1cce702)
Start importing Assets/HealthBar/Health Bar/Assets/ExampleAssets/Textures/Concrete/Ground_Albedo.tif using Guid(87ce03bd447ccce48bbff87ac0d8355f) Importer(2089858483,192608db42251d675da83286b1cce702) (ScriptedImporter) -> (artifact id: 'e18c51f33dcd0078e5d9d81b85a12b1a') in 0.065856 seconds
Number of updated asset objects reloaded before import = 0Number of asset objects unloaded after import = 1

========================================================================
Received Import Request.
  Time since last request: 0.000044 seconds.
  path: Assets/HealthBar/Health Bar/Assets/ExampleAssets/Materials/Jigsaw_Mat.mat
  artifactKey: Guid(801db2d997a562b4ea333aa4593ce0f0) Importer(2089858483,192608db42251d675da83286b1cce702)
Start importing Assets/HealthBar/Health Bar/Assets/ExampleAssets/Materials/Jigsaw_Mat.mat using Guid(801db2d997a562b4ea333aa4593ce0f0) Importer(2089858483,192608db42251d675da83286b1cce702) (ScriptedImporter) -> (artifact id: '2151b393033210fee83fc2644e8d32ff') in 0.0939987 seconds
Number of updated asset objects reloaded before import = 0Number of asset objects unloaded after import = 4

========================================================================
Received Import Request.
  Time since last request: 0.000056 seconds.
  path: Assets/HealthBar/Health Bar/Assets/ExampleAssets/Textures
  artifactKey: Guid(1cc500c8cdb999142b9017ebf0cf407d) Importer(2089858483,192608db42251d675da83286b1cce702)
Start importing Assets/HealthBar/Health Bar/Assets/ExampleAssets/Textures using Guid(1cc500c8cdb999142b9017ebf0cf407d) Importer(2089858483,192608db42251d675da83286b1cce702) (ScriptedImporter) -> (artifact id: 'afb499f4333d819302c3d0fc4ba8de75') in 0.034236 seconds
Number of updated asset objects reloaded before import = 0Number of asset objects unloaded after import = 1

========================================================================
Received Import Request.
  Time since last request: 0.000065 seconds.
  path: Assets/HealthBar/Health Bar/Assets/ExampleAssets/Materials/Plastic_Black_Mat.mat
  artifactKey: Guid(e745492728544aa488aa0429b6068e71) Importer(2089858483,192608db42251d675da83286b1cce702)
Start importing Assets/HealthBar/Health Bar/Assets/ExampleAssets/Materials/Plastic_Black_Mat.mat using Guid(e745492728544aa488aa0429b6068e71) Importer(2089858483,192608db42251d675da83286b1cce702) (ScriptedImporter) -> (artifact id: 'eaae18cb528a95f927f721eb9250a0fe') in 0.0924038 seconds
Number of updated asset objects reloaded before import = 0Number of asset objects unloaded after import = 3

========================================================================
Received Import Request.
  Time since last request: 0.000046 seconds.
  path: Assets/HealthBar/Health Bar/Assets/ExampleAssets/Models
  artifactKey: Guid(aa97895f3852bd44399ef0893bec4f5e) Importer(2089858483,192608db42251d675da83286b1cce702)
Start importing Assets/HealthBar/Health Bar/Assets/ExampleAssets/Models using Guid(aa97895f3852bd44399ef0893bec4f5e) Importer(2089858483,192608db42251d675da83286b1cce702) (ScriptedImporter) -> (artifact id: 'dd9b652829d990bf51177f2781f83f2b') in 0.0289915 seconds
Number of updated asset objects reloaded before import = 0Number of asset objects unloaded after import = 1

========================================================================
Received Import Request.
  Time since last request: 0.000199 seconds.
  path: Assets/HealthBar/Health Bar/Assets/Settings/UniversalRP-HighQuality.asset
  artifactKey: Guid(19ba41d7c0026c3459d37c2fe90c55a0) Importer(2089858483,192608db42251d675da83286b1cce702)
Start importing Assets/HealthBar/Health Bar/Assets/Settings/UniversalRP-HighQuality.asset using Guid(19ba41d7c0026c3459d37c2fe90c55a0) Importer(2089858483,192608db42251d675da83286b1cce702) (ScriptedImporter) -> (artifact id: 'f5fb969bed90202f8b6ff15df40a4b47') in 0.6683338 seconds
Number of updated asset objects reloaded before import = 0Number of asset objects unloaded after import = 2

========================================================================
Received Import Request.
  Time since last request: 0.000154 seconds.
  path: Assets/HealthBar/Health Bar/Assets/ExampleAssets/Textures/Props/Hammer/Hammer_Albedo.tif
  artifactKey: Guid(59c8de363dc14c54986d0751c2c38342) Importer(2089858483,192608db42251d675da83286b1cce702)
Start importing Assets/HealthBar/Health Bar/Assets/ExampleAssets/Textures/Props/Hammer/Hammer_Albedo.tif using Guid(59c8de363dc14c54986d0751c2c38342) Importer(2089858483,192608db42251d675da83286b1cce702) (ScriptedImporter) -> (artifact id: 'f4d6c389403167a5790d81edff72142b') in 0.2736308 seconds
Number of updated asset objects reloaded before import = 0Number of asset objects unloaded after import = 1

========================================================================
Received Import Request.
  Time since last request: 0.000271 seconds.
  path: Assets/HealthBar/Health Bar/Assets/ExampleAssets/Prefabs/Workbench_LOD0.prefab
  artifactKey: Guid(c0adcaeba3022437293536832628fdf8) Importer(2089858483,192608db42251d675da83286b1cce702)
Start importing Assets/HealthBar/Health Bar/Assets/ExampleAssets/Prefabs/Workbench_LOD0.prefab using Guid(c0adcaeba3022437293536832628fdf8) Importer(2089858483,192608db42251d675da83286b1cce702) (ScriptedImporter) -> (artifact id: '9f9bebcffa658404aafc267bf3fc8d0f') in 0.2632079 seconds
Number of updated asset objects reloaded before import = 0Number of asset objects unloaded after import = 29

========================================================================
Received Import Request.
  Time since last request: 0.000150 seconds.
  path: Assets/HealthBar/Health Bar/Assets/ExampleAssets/Textures/Props/Paint/Paintbrush_Normal.tif
  artifactKey: Guid(09e745bf0b8ff6a4bb5785d14168289a) Importer(2089858483,192608db42251d675da83286b1cce702)
Start importing Assets/HealthBar/Health Bar/Assets/ExampleAssets/Textures/Props/Paint/Paintbrush_Normal.tif using Guid(09e745bf0b8ff6a4bb5785d14168289a) Importer(2089858483,192608db42251d675da83286b1cce702) (ScriptedImporter) -> (artifact id: '0f977e66d4fdcec7592477bf19a53b6f') in 0.6608452 seconds
Number of updated asset objects reloaded before import = 0Number of asset objects unloaded after import = 1

========================================================================
Received Import Request.
  Time since last request: 0.000488 seconds.
  path: Assets/HealthBar/Health Bar/Assets/Presets/AudioCompressedInMemory.preset
  artifactKey: Guid(2dd802e4d37c65149922028d3e973832) Importer(2089858483,192608db42251d675da83286b1cce702)
Start importing Assets/HealthBar/Health Bar/Assets/Presets/AudioCompressedInMemory.preset using Guid(2dd802e4d37c65149922028d3e973832) Importer(2089858483,192608db42251d675da83286b1cce702) (ScriptedImporter) -> (artifact id: '23e9ed8900448135a1798575c6105c3b') in 0.2045675 seconds
Number of updated asset objects reloaded before import = 0Number of asset objects unloaded after import = 1

========================================================================
Received Import Request.
  Time since last request: 0.000543 seconds.
  path: Assets/HealthBar/Health Bar/Assets/Presets/UtilityTexture.preset
  artifactKey: Guid(45f7b2e3c78185248b3adbb14429c2ab) Importer(2089858483,192608db42251d675da83286b1cce702)
Start importing Assets/HealthBar/Health Bar/Assets/Presets/UtilityTexture.preset using Guid(45f7b2e3c78185248b3adbb14429c2ab) Importer(2089858483,192608db42251d675da83286b1cce702) (ScriptedImporter) -> (artifact id: 'fb076163db8ce77bae2784408dd140b2') in 0.1369267 seconds
Number of updated asset objects reloaded before import = 0Number of asset objects unloaded after import = 1

========================================================================
Received Import Request.
  Time since last request: 0.000121 seconds.
  path: Assets/HealthBar/Health Bar/Assets/ExampleAssets/Textures/Props/Construction_Light
  artifactKey: Guid(fa8e348df46f41a40866e1358c46c58a) Importer(2089858483,192608db42251d675da83286b1cce702)
Start importing Assets/HealthBar/Health Bar/Assets/ExampleAssets/Textures/Props/Construction_Light using Guid(fa8e348df46f41a40866e1358c46c58a) Importer(2089858483,192608db42251d675da83286b1cce702) (ScriptedImporter) -> (artifact id: 'ceb9a1187d3bd65a9a15617a33fbf631') in 0.218968 seconds
Number of updated asset objects reloaded before import = 0Number of asset objects unloaded after import = 1

========================================================================
Received Import Request.
  Time since last request: 0.000433 seconds.
  path: Assets/HealthBar/Health Bar/Assets/ExampleAssets/Models/safetyhat_low.fbx
  artifactKey: Guid(9d0d902f71acfe646a46cb625f815a49) Importer(2089858483,192608db42251d675da83286b1cce702)
Start importing Assets/HealthBar/Health Bar/Assets/ExampleAssets/Models/safetyhat_low.fbx using Guid(9d0d902f71acfe646a46cb625f815a49) Importer(2089858483,192608db42251d675da83286b1cce702) (ScriptedImporter) -> (artifact id: '93622d10986c6a038eb12e4635abfd48') in 0.4301295 seconds
Number of updated asset objects reloaded before import = 0Number of asset objects unloaded after import = 8

========================================================================
Received Import Request.
  Time since last request: 0.000287 seconds.
  path: Assets/Cartoon_Farm_Crops/Materials/Tomato_Fruit.mat
  artifactKey: Guid(388986c9e8f85524db50964a7d9d5052) Importer(2089858483,192608db42251d675da83286b1cce702)
Start importing Assets/Cartoon_Farm_Crops/Materials/Tomato_Fruit.mat using Guid(388986c9e8f85524db50964a7d9d5052) Importer(2089858483,192608db42251d675da83286b1cce702) (ScriptedImporter) -> (artifact id: '2e81d00cc8f44ae42cd0eb77f5a1ab5b') in 0.1545674 seconds
Number of updated asset objects reloaded before import = 0Number of asset objects unloaded after import = 1

========================================================================
Received Import Request.
  Time since last request: 0.000066 seconds.
  path: Assets/HealthBar/Health Bar/Assets/Materials
  artifactKey: Guid(d0234ba368eeec9418390da711bfdad0) Importer(2089858483,192608db42251d675da83286b1cce702)
Start importing Assets/HealthBar/Health Bar/Assets/Materials using Guid(d0234ba368eeec9418390da711bfdad0) Importer(2089858483,192608db42251d675da83286b1cce702) (ScriptedImporter) -> (artifact id: 'ba566f0ba8b9b68161fad041b1420d08') in 0.0352638 seconds
Number of updated asset objects reloaded before import = 0Number of asset objects unloaded after import = 1

========================================================================
Received Import Request.
  Time since last request: 0.000061 seconds.
  path: Assets/HealthBar/Health Bar/Assets/ExampleAssets/Materials/Hammer_Mat.mat
  artifactKey: Guid(4efcffd7ae23f1e41943fd914b18da10) Importer(2089858483,192608db42251d675da83286b1cce702)
Start importing Assets/HealthBar/Health Bar/Assets/ExampleAssets/Materials/Hammer_Mat.mat using Guid(4efcffd7ae23f1e41943fd914b18da10) Importer(2089858483,192608db42251d675da83286b1cce702) (ScriptedImporter) -> (artifact id: '05d18ba8f77c0aecfad5201adabce70e') in 0.1245007 seconds
Number of updated asset objects reloaded before import = 0Number of asset objects unloaded after import = 4

========================================================================
Received Import Request.
  Time since last request: 0.000064 seconds.
  path: Assets/HealthBar/Health Bar/Assets/ExampleAssets/Materials/Plastic_Yellow_Mat.mat
  artifactKey: Guid(bd2d742ee2ce7a740ae0cf992a38be74) Importer(2089858483,192608db42251d675da83286b1cce702)
Start importing Assets/HealthBar/Health Bar/Assets/ExampleAssets/Materials/Plastic_Yellow_Mat.mat using Guid(bd2d742ee2ce7a740ae0cf992a38be74) Importer(2089858483,192608db42251d675da83286b1cce702) (ScriptedImporter) -> (artifact id: '31a87123fcc4aa5f05bf8b9f4920a7f4') in 0.0937209 seconds
Number of updated asset objects reloaded before import = 0Number of asset objects unloaded after import = 3

========================================================================
Received Import Request.
  Time since last request: 0.000143 seconds.
  path: Assets/HealthBar/Health Bar/Assets/Scenes/Example Game.unity
  artifactKey: Guid(f3d1e8c3cbf4a104993b0a6d823c4a3e) Importer(2089858483,192608db42251d675da83286b1cce702)
Start importing Assets/HealthBar/Health Bar/Assets/Scenes/Example Game.unity using Guid(f3d1e8c3cbf4a104993b0a6d823c4a3e) Importer(2089858483,192608db42251d675da83286b1cce702) (ScriptedImporter) -> (artifact id: '21690249f686019e1605d41b4b09ed23') in 0.2684476 seconds
Number of updated asset objects reloaded before import = 0Number of asset objects unloaded after import = 1

========================================================================
Received Import Request.
  Time since last request: 0.000400 seconds.
  path: Assets/Scripts/Brackey
  artifactKey: Guid(bc3cce2b3a60805489fb02435fcf572a) Importer(2089858483,192608db42251d675da83286b1cce702)
Start importing Assets/Scripts/Brackey using Guid(bc3cce2b3a60805489fb02435fcf572a) Importer(2089858483,192608db42251d675da83286b1cce702) (ScriptedImporter) -> (artifact id: '4f50fb604a0812596654d1fa8d5404e0') in 0.7554717 seconds
Number of updated asset objects reloaded before import = 0Number of asset objects unloaded after import = 1

========================================================================
Received Import Request.
  Time since last request: 0.001503 seconds.
  path: Assets/Cartoon_Farm_Crops/Materials/Eggplant_Plant.mat
  artifactKey: Guid(3ab8b27d5c162cf48b0c8ad6ed2e1496) Importer(2089858483,192608db42251d675da83286b1cce702)
Start importing Assets/Cartoon_Farm_Crops/Materials/Eggplant_Plant.mat using Guid(3ab8b27d5c162cf48b0c8ad6ed2e1496) Importer(2089858483,192608db42251d675da83286b1cce702) (ScriptedImporter) -> (artifact id: '964e54778d1e00cd2cda65750fc97314') in 0.318207 seconds
Number of updated asset objects reloaded before import = 0Number of asset objects unloaded after import = 1

========================================================================
Received Import Request.
  Time since last request: 0.000272 seconds.
  path: Assets/TextMesh Pro/Examples & Extras/Scripts/TMP_FrameRateCounter.cs
  artifactKey: Guid(686ec78b56aa445795335fbadafcfaa4) Importer(2089858483,192608db42251d675da83286b1cce702)
Start importing Assets/TextMesh Pro/Examples & Extras/Scripts/TMP_FrameRateCounter.cs using Guid(686ec78b56aa445795335fbadafcfaa4) Importer(2089858483,192608db42251d675da83286b1cce702) (ScriptedImporter) -> (artifact id: '67824daac550a748e6c36f84e8e5dc1b') in 0.070967 seconds
Number of updated asset objects reloaded before import = 0Number of asset objects unloaded after import = 0

========================================================================
Received Import Request.
  Time since last request: 0.000093 seconds.
  path: Assets/Blink/Art/Weapons/LowPoly/FreeRPGWeapons/Maces/Mace_2H_Textures/Mace2H_Medium_BaseColor.png
  artifactKey: Guid(f9de4933bf4f6a34a840bcbd219475ed) Importer(2089858483,192608db42251d675da83286b1cce702)
Start importing Assets/Blink/Art/Weapons/LowPoly/FreeRPGWeapons/Maces/Mace_2H_Textures/Mace2H_Medium_BaseColor.png using Guid(f9de4933bf4f6a34a840bcbd219475ed) Importer(2089858483,192608db42251d675da83286b1cce702) (ScriptedImporter) -> (artifact id: 'c9d951a175c74c1fe01abebb888f4d14') in 0.1651636 seconds
Number of updated asset objects reloaded before import = 0Number of asset objects unloaded after import = 1

========================================================================
Received Import Request.
  Time since last request: 0.000057 seconds.
  path: Assets/Cartoon_Farm_Crops/Prefabs/Standard
  artifactKey: Guid(0f43114e13e8f10469e2aa034cbd874b) Importer(2089858483,192608db42251d675da83286b1cce702)
Start importing Assets/Cartoon_Farm_Crops/Prefabs/Standard using Guid(0f43114e13e8f10469e2aa034cbd874b) Importer(2089858483,192608db42251d675da83286b1cce702) (ScriptedImporter) -> (artifact id: 'cb2d65a653d0f3c328fd0288587bd7a2') in 0.0363543 seconds
Number of updated asset objects reloaded before import = 0Number of asset objects unloaded after import = 1

========================================================================
Received Import Request.
  Time since last request: 0.000222 seconds.
  path: Assets/TextMesh Pro/Examples & Extras/Scripts/TextMeshSpawner.cs
  artifactKey: Guid(76c11bbcfddf44e0ba17d6c2751c8d84) Importer(2089858483,192608db42251d675da83286b1cce702)
Start importing Assets/TextMesh Pro/Examples & Extras/Scripts/TextMeshSpawner.cs using Guid(76c11bbcfddf44e0ba17d6c2751c8d84) Importer(2089858483,192608db42251d675da83286b1cce702) (ScriptedImporter) -> (artifact id: 'e067a1f1578e43a1fdd90b253285a29a') in 0.0362658 seconds
Number of updated asset objects reloaded before import = 0Number of asset objects unloaded after import = 0

========================================================================
Received Import Request.
  Time since last request: 0.000036 seconds.
  path: Assets/TextMesh Pro/Examples & Extras/Resources/Fonts & Materials/Bangers SDF.asset
  artifactKey: Guid(125cb55b44b24c4393181402bc6200e6) Importer(2089858483,192608db42251d675da83286b1cce702)
Start importing Assets/TextMesh Pro/Examples & Extras/Resources/Fonts & Materials/Bangers SDF.asset using Guid(125cb55b44b24c4393181402bc6200e6) Importer(2089858483,192608db42251d675da83286b1cce702) (ScriptedImporter) -> (artifact id: '393a9c864d7b7e12e444de29569b2ec2') in 0.5020263 seconds
Number of updated asset objects reloaded before import = 0Number of asset objects unloaded after import = 5

========================================================================
Received Import Request.
  Time since last request: 0.000078 seconds.
  path: Assets/HealthBar/Health Bar/Assets/ExampleAssets/Textures/Props/Paint/Paint5G_AlbedoSmoothness.tif
  artifactKey: Guid(5d25a5cd577a4c54e94fdf9cc6f1a631) Importer(2089858483,192608db42251d675da83286b1cce702)
Start importing Assets/HealthBar/Health Bar/Assets/ExampleAssets/Textures/Props/Paint/Paint5G_AlbedoSmoothness.tif using Guid(5d25a5cd577a4c54e94fdf9cc6f1a631) Importer(2089858483,192608db42251d675da83286b1cce702) (ScriptedImporter) -> (artifact id: '0d98319ebc31b19a4d1210508201f340') in 0.0914388 seconds
Number of updated asset objects reloaded before import = 0Number of asset objects unloaded after import = 1

========================================================================
Received Import Request.
  Time since last request: 0.000076 seconds.
  path: Assets/STYLIZED Desert Kingdom/Materials/Materials/M_mosaic_pattern_02.mat
  artifactKey: Guid(7e6f009a4f4f7cc459ccdb8e593ed70c) Importer(2089858483,192608db42251d675da83286b1cce702)
Start importing Assets/STYLIZED Desert Kingdom/Materials/Materials/M_mosaic_pattern_02.mat using Guid(7e6f009a4f4f7cc459ccdb8e593ed70c) Importer(2089858483,192608db42251d675da83286b1cce702) (ScriptedImporter) -> (artifact id: 'abd3e49eb1ead495862896f879228914') in 0.1014452 seconds
Number of updated asset objects reloaded before import = 0Number of asset objects unloaded after import = 3

========================================================================
Received Import Request.
  Time since last request: 0.000040 seconds.
  path: Assets/STYLIZED Desert Kingdom/Materials/Textures/M_blocks_stone_BaseMap.png
  artifactKey: Guid(198a9d2b641721c439aa7a4a3e1bf9b0) Importer(2089858483,192608db42251d675da83286b1cce702)
Start importing Assets/STYLIZED Desert Kingdom/Materials/Textures/M_blocks_stone_BaseMap.png using Guid(198a9d2b641721c439aa7a4a3e1bf9b0) Importer(2089858483,192608db42251d675da83286b1cce702) (ScriptedImporter) -> (artifact id: 'e35e662d2b2dc30491f8d99da840d2d2') in 0.0804849 seconds
Number of updated asset objects reloaded before import = 0Number of asset objects unloaded after import = 1

========================================================================
Received Import Request.
  Time since last request: 0.000059 seconds.
  path: Assets/STYLIZED Desert Kingdom/Materials/Materials/M_grass 1.mat
  artifactKey: Guid(867705e1e55793442b2caa38817c3ad6) Importer(2089858483,192608db42251d675da83286b1cce702)
Start importing Assets/STYLIZED Desert Kingdom/Materials/Materials/M_grass 1.mat using Guid(867705e1e55793442b2caa38817c3ad6) Importer(2089858483,192608db42251d675da83286b1cce702) (ScriptedImporter) -> (artifact id: '7b146d3033e87c9d78fcc7cddef2f1ae') in 0.0768643 seconds
Number of updated asset objects reloaded before import = 0Number of asset objects unloaded after import = 1

========================================================================
Received Import Request.
  Time since last request: 0.000039 seconds.
  path: Assets/STYLIZED Desert Kingdom/Prefabs/Props/SM_claypot_01.prefab
  artifactKey: Guid(9b3483a92c321c6489854e969afe8668) Importer(2089858483,192608db42251d675da83286b1cce702)
Start importing Assets/STYLIZED Desert Kingdom/Prefabs/Props/SM_claypot_01.prefab using Guid(9b3483a92c321c6489854e969afe8668) Importer(2089858483,192608db42251d675da83286b1cce702) (ScriptedImporter) -> (artifact id: 'fcff142ed613823e5c5d07d2c2b05429') in 0.1537891 seconds
Number of updated asset objects reloaded before import = 0Number of asset objects unloaded after import = 15

========================================================================
Received Import Request.
  Time since last request: 0.000062 seconds.
  path: Assets/STYLIZED Desert Kingdom/Meshes/Props/new03/SM_carpet_rolled_02.fbx
  artifactKey: Guid(db74fe0d4010f3e4ca4801bcfd217fad) Importer(2089858483,192608db42251d675da83286b1cce702)
Start importing Assets/STYLIZED Desert Kingdom/Meshes/Props/new03/SM_carpet_rolled_02.fbx using Guid(db74fe0d4010f3e4ca4801bcfd217fad) Importer(2089858483,192608db42251d675da83286b1cce702) (ScriptedImporter) -> (artifact id: 'dc11834a8805849f3af14197dda94163') in 0.116578 seconds
Number of updated asset objects reloaded before import = 0Number of asset objects unloaded after import = 12

========================================================================
Received Import Request.
  Time since last request: 0.000084 seconds.
  path: Assets/STYLIZED Desert Kingdom/Materials/Textures/M_marketassets_Normal.png
  artifactKey: Guid(f336e94e7ed000f429f57364ace9f85d) Importer(2089858483,192608db42251d675da83286b1cce702)
Start importing Assets/STYLIZED Desert Kingdom/Materials/Textures/M_marketassets_Normal.png using Guid(f336e94e7ed000f429f57364ace9f85d) Importer(2089858483,192608db42251d675da83286b1cce702) (ScriptedImporter) -> (artifact id: '55df7e25e5020e2db576b9b51fed0c40') in 0.0843362 seconds
Number of updated asset objects reloaded before import = 0Number of asset objects unloaded after import = 1

========================================================================
Received Import Request.
  Time since last request: 0.000038 seconds.
  path: Assets/STYLIZED Desert Kingdom/Meshes/Props/new03
  artifactKey: Guid(5c07f9a6abcad814e84bd260dab00612) Importer(2089858483,192608db42251d675da83286b1cce702)
Start importing Assets/STYLIZED Desert Kingdom/Meshes/Props/new03 using Guid(5c07f9a6abcad814e84bd260dab00612) Importer(2089858483,192608db42251d675da83286b1cce702) (ScriptedImporter) -> (artifact id: '71ded471462a3a022108e331259ed9b0') in 0.0365665 seconds
Number of updated asset objects reloaded before import = 0Number of asset objects unloaded after import = 1

========================================================================
Received Import Request.
  Time since last request: 0.000091 seconds.
  path: Assets/Blink/Art/Weapons/LowPoly/FreeRPGWeapons/Maces/Mace_2H_Textures/Mace2H_Epic_MetallicSmoothness.png
  artifactKey: Guid(597576a17b35ce54b9377022e0d774fa) Importer(2089858483,192608db42251d675da83286b1cce702)
Start importing Assets/Blink/Art/Weapons/LowPoly/FreeRPGWeapons/Maces/Mace_2H_Textures/Mace2H_Epic_MetallicSmoothness.png using Guid(597576a17b35ce54b9377022e0d774fa) Importer(2089858483,192608db42251d675da83286b1cce702) (ScriptedImporter) -> (artifact id: '481a8c1b8a42ead99796658eaf4d68f7') in 0.152016 seconds
Number of updated asset objects reloaded before import = 0Number of asset objects unloaded after import = 1

========================================================================
Received Import Request.
  Time since last request: 0.000089 seconds.
  path: Assets/Fantasy Wooden GUI  Free/normal_ui_set A/TextBTN_Cancel_Pressed.png
  artifactKey: Guid(9494e936ef153d148aaddfa6db5fb773) Importer(2089858483,192608db42251d675da83286b1cce702)
Start importing Assets/Fantasy Wooden GUI  Free/normal_ui_set A/TextBTN_Cancel_Pressed.png using Guid(9494e936ef153d148aaddfa6db5fb773) Importer(2089858483,192608db42251d675da83286b1cce702) (ScriptedImporter) -> (artifact id: '5521dd64734dbbb7a2c32be120a4f621') in 0.1030688 seconds
Number of updated asset objects reloaded before import = 0Number of asset objects unloaded after import = 3

========================================================================
Received Import Request.
  Time since last request: 0.000106 seconds.
  path: Assets/Training_dummy/Material/training_dummy.mat
  artifactKey: Guid(53405847abfaac84cb45cd7eb52dce90) Importer(2089858483,192608db42251d675da83286b1cce702)
Start importing Assets/Training_dummy/Material/training_dummy.mat using Guid(53405847abfaac84cb45cd7eb52dce90) Importer(2089858483,192608db42251d675da83286b1cce702) (ScriptedImporter) -> (artifact id: 'd3f3e1900ddaef95c6be027fe3660d19') in 0.0681981 seconds
Number of updated asset objects reloaded before import = 0Number of asset objects unloaded after import = 2

========================================================================
Received Import Request.
  Time since last request: 0.000041 seconds.
  path: Assets/TextMesh Pro/Examples & Extras/Scenes/14 - Multi Font & Sprites.unity
  artifactKey: Guid(22a2fba786ad4c40ac0ba09f0b933100) Importer(2089858483,192608db42251d675da83286b1cce702)
Start importing Assets/TextMesh Pro/Examples & Extras/Scenes/14 - Multi Font & Sprites.unity using Guid(22a2fba786ad4c40ac0ba09f0b933100) Importer(2089858483,192608db42251d675da83286b1cce702) (ScriptedImporter) -> (artifact id: '2bf97b529e1fa6280fc64b20222073c4') in 0.0900951 seconds
Number of updated asset objects reloaded before import = 0Number of asset objects unloaded after import = 1

========================================================================
Received Import Request.
  Time since last request: 0.000062 seconds.
  path: Assets/STYLIZED Desert Kingdom/Meshes/Nature/SM_palm_tree_desert_05.fbx
  artifactKey: Guid(fc118c21333931b408dc71a610b57f0f) Importer(2089858483,192608db42251d675da83286b1cce702)
Start importing Assets/STYLIZED Desert Kingdom/Meshes/Nature/SM_palm_tree_desert_05.fbx using Guid(fc118c21333931b408dc71a610b57f0f) Importer(2089858483,192608db42251d675da83286b1cce702) (ScriptedImporter) -> (artifact id: '4498124dfddbcf91b0e3462002cb2b5b') in 0.1452276 seconds
Number of updated asset objects reloaded before import = 0Number of asset objects unloaded after import = 15

========================================================================
Received Import Request.
  Time since last request: 0.000073 seconds.
  path: Assets/STYLIZED Desert Kingdom/Prefabs/Modular Elements/SM_wall_standard.prefab
  artifactKey: Guid(7dd885c386e5d094aa3686ddb107c4f8) Importer(2089858483,192608db42251d675da83286b1cce702)
Start importing Assets/STYLIZED Desert Kingdom/Prefabs/Modular Elements/SM_wall_standard.prefab using Guid(7dd885c386e5d094aa3686ddb107c4f8) Importer(2089858483,192608db42251d675da83286b1cce702) (ScriptedImporter) -> (artifact id: 'b265f73324670156526bc5652c65987c') in 0.1730347 seconds
Number of updated asset objects reloaded before import = 0Number of asset objects unloaded after import = 15

========================================================================
Received Import Request.
  Time since last request: 0.000048 seconds.
  path: Assets/HealthBar/Health Bar/Assets/Sprites
  artifactKey: Guid(c77fecbfa8d9e47478fa41c600289ad8) Importer(2089858483,192608db42251d675da83286b1cce702)
Start importing Assets/HealthBar/Health Bar/Assets/Sprites using Guid(c77fecbfa8d9e47478fa41c600289ad8) Importer(2089858483,192608db42251d675da83286b1cce702) (ScriptedImporter) -> (artifact id: 'c9f2b69c77b6377561b29f26364d9486') in 0.0367931 seconds
Number of updated asset objects reloaded before import = 0Number of asset objects unloaded after import = 1

========================================================================
Received Import Request.
  Time since last request: 0.000094 seconds.
  path: Assets/STYLIZED Desert Kingdom/Prefabs/Modular Elements/SM_wall_c_door.prefab
  artifactKey: Guid(0772ddd92ddc30544ae48a0757b3d3c6) Importer(2089858483,192608db42251d675da83286b1cce702)
Start importing Assets/STYLIZED Desert Kingdom/Prefabs/Modular Elements/SM_wall_c_door.prefab using Guid(0772ddd92ddc30544ae48a0757b3d3c6) Importer(2089858483,192608db42251d675da83286b1cce702) (ScriptedImporter) -> (artifact id: '94ce3d4e2cbbbb28657e28861be2fa3e') in 0.2673989 seconds
Number of updated asset objects reloaded before import = 0Number of asset objects unloaded after import = 18

========================================================================
Received Import Request.
  Time since last request: 0.000070 seconds.
  path: Assets/STYLIZED Desert Kingdom/Materials/Materials/M_streetlamps.mat
  artifactKey: Guid(60cf86562006c5a4ca6f7f7b4cdc3b8e) Importer(2089858483,192608db42251d675da83286b1cce702)
Start importing Assets/STYLIZED Desert Kingdom/Materials/Materials/M_streetlamps.mat using Guid(60cf86562006c5a4ca6f7f7b4cdc3b8e) Importer(2089858483,192608db42251d675da83286b1cce702) (ScriptedImporter) -> (artifact id: '72e0cb124f0648e1fc3ebbdf279d03a3') in 0.4216405 seconds
Number of updated asset objects reloaded before import = 0Number of asset objects unloaded after import = 5

========================================================================
Received Import Request.
  Time since last request: 0.000296 seconds.
  path: Assets/STYLIZED Desert Kingdom/Prefabs/Modular Elements/SM_door_wooden_03.prefab
  artifactKey: Guid(900a01d638613714895cce3f790e1ce7) Importer(2089858483,192608db42251d675da83286b1cce702)
Start importing Assets/STYLIZED Desert Kingdom/Prefabs/Modular Elements/SM_door_wooden_03.prefab using Guid(900a01d638613714895cce3f790e1ce7) Importer(2089858483,192608db42251d675da83286b1cce702) (ScriptedImporter) -> (artifact id: '0f307b4f8f19785e204bb102e6d12146') in 0.1629326 seconds
Number of updated asset objects reloaded before import = 0Number of asset objects unloaded after import = 16

========================================================================
Received Import Request.
  Time since last request: 0.000054 seconds.
  path: Assets/STYLIZED Desert Kingdom/Materials/Textures/M_plant_leaves.png
  artifactKey: Guid(db7fc795e089d2e469fb86194e715900) Importer(2089858483,192608db42251d675da83286b1cce702)
Start importing Assets/STYLIZED Desert Kingdom/Materials/Textures/M_plant_leaves.png using Guid(db7fc795e089d2e469fb86194e715900) Importer(2089858483,192608db42251d675da83286b1cce702) (ScriptedImporter) -> (artifact id: '94a0f39f7aef745d96342a044dc173fb') in 0.0876922 seconds
Number of updated asset objects reloaded before import = 0Number of asset objects unloaded after import = 1

========================================================================
Received Import Request.
  Time since last request: 0.000075 seconds.
  path: Assets/STYLIZED Desert Kingdom/Materials/Materials/M_tiles_floor.mat
  artifactKey: Guid(905ca64fec6f170409c812846b181d27) Importer(2089858483,192608db42251d675da83286b1cce702)
Start importing Assets/STYLIZED Desert Kingdom/Materials/Materials/M_tiles_floor.mat using Guid(905ca64fec6f170409c812846b181d27) Importer(2089858483,192608db42251d675da83286b1cce702) (ScriptedImporter) -> (artifact id: '8df692c1073d0fbc6a30a0c451155bd9') in 0.5229243 seconds
Number of updated asset objects reloaded before import = 0Number of asset objects unloaded after import = 5

========================================================================
Received Import Request.
  Time since last request: 0.000078 seconds.
  path: Assets/STYLIZED Desert Kingdom/Meshes/Modular Elements/SM_wall_standard.fbx
  artifactKey: Guid(668c0d0883f98904693a4fa0b8eb60da) Importer(2089858483,192608db42251d675da83286b1cce702)
Start importing Assets/STYLIZED Desert Kingdom/Meshes/Modular Elements/SM_wall_standard.fbx using Guid(668c0d0883f98904693a4fa0b8eb60da) Importer(2089858483,192608db42251d675da83286b1cce702) (ScriptedImporter) -> (artifact id: '42a380d3941c7a33a1879837b960b7c0') in 0.1327687 seconds
Number of updated asset objects reloaded before import = 0Number of asset objects unloaded after import = 13

========================================================================
Received Import Request.
  Time since last request: 0.000072 seconds.
  path: Assets/STYLIZED Desert Kingdom/Materials/Textures/M_pattern_golden_BaseColor.png
  artifactKey: Guid(03ce6797d6fe8394b8a4b15136493f0b) Importer(2089858483,192608db42251d675da83286b1cce702)
Start importing Assets/STYLIZED Desert Kingdom/Materials/Textures/M_pattern_golden_BaseColor.png using Guid(03ce6797d6fe8394b8a4b15136493f0b) Importer(2089858483,192608db42251d675da83286b1cce702) (ScriptedImporter) -> (artifact id: 'effc7eb993855285344d2204b1660b3b') in 0.0846694 seconds
Number of updated asset objects reloaded before import = 0Number of asset objects unloaded after import = 1

========================================================================
Received Import Request.
  Time since last request: 0.000034 seconds.
  path: Assets/STYLIZED Desert Kingdom/Prefabs/Modular Elements/SM_door_ornate_03.prefab
  artifactKey: Guid(a124902c3b79b8b4bacc9ef08cab9e6c) Importer(2089858483,192608db42251d675da83286b1cce702)
Start importing Assets/STYLIZED Desert Kingdom/Prefabs/Modular Elements/SM_door_ornate_03.prefab using Guid(a124902c3b79b8b4bacc9ef08cab9e6c) Importer(2089858483,192608db42251d675da83286b1cce702) (ScriptedImporter) -> (artifact id: 'fc901506492258bd922e642eaa3c970e') in 0.775401 seconds
Number of updated asset objects reloaded before import = 0Number of asset objects unloaded after import = 15

========================================================================
Received Import Request.
  Time since last request: 0.000765 seconds.
  path: Assets/STYLIZED Desert Kingdom/Meshes/Props/SM_marketstand_03.fbx
  artifactKey: Guid(fa5c7976b18e75e41985233ab9d35b16) Importer(2089858483,192608db42251d675da83286b1cce702)
Start importing Assets/STYLIZED Desert Kingdom/Meshes/Props/SM_marketstand_03.fbx using Guid(fa5c7976b18e75e41985233ab9d35b16) Importer(2089858483,192608db42251d675da83286b1cce702) (ScriptedImporter) -> (artifact id: '7ed00ca192f278a4a5429c07f47ab7a1') in 0.1289206 seconds
Number of updated asset objects reloaded before import = 0Number of asset objects unloaded after import = 13

========================================================================
Received Import Request.
  Time since last request: 0.000252 seconds.
  path: Assets/Hovl Studio/Magic effects pack/Prefabs/Sparks/Sparks flashing yellow.prefab
  artifactKey: Guid(44a5acc7be8b9294ab3e52ef93fa09df) Importer(2089858483,192608db42251d675da83286b1cce702)
Start importing Assets/Hovl Studio/Magic effects pack/Prefabs/Sparks/Sparks flashing yellow.prefab using Guid(44a5acc7be8b9294ab3e52ef93fa09df) Importer(2089858483,192608db42251d675da83286b1cce702) (ScriptedImporter) -> (artifact id: 'd510589f134cfc4b638c379e0a45758a') in 0.373924 seconds
Number of updated asset objects reloaded before import = 0Number of asset objects unloaded after import = 7

========================================================================
Received Import Request.
  Time since last request: 0.000130 seconds.
  path: Assets/Hovl Studio/Magic effects pack/Prefabs/Sparks/Sparks flashing blue.prefab
  artifactKey: Guid(fb66a85d95aa25e439cb3c7792564804) Importer(2089858483,192608db42251d675da83286b1cce702)
Start importing Assets/Hovl Studio/Magic effects pack/Prefabs/Sparks/Sparks flashing blue.prefab using Guid(fb66a85d95aa25e439cb3c7792564804) Importer(2089858483,192608db42251d675da83286b1cce702) (ScriptedImporter) -> (artifact id: '22cf105fdc17d8db1f25177f6a7726fb') in 0.1690318 seconds
Number of updated asset objects reloaded before import = 0Number of asset objects unloaded after import = 7

========================================================================
Received Import Request.
  Time since last request: 0.000044 seconds.
  path: Assets/STYLIZED Desert Kingdom/Materials/Materials/M_corners_clay.mat
  artifactKey: Guid(ca8cc8480eda5f74b8500a53480b1c9b) Importer(2089858483,192608db42251d675da83286b1cce702)
Start importing Assets/STYLIZED Desert Kingdom/Materials/Materials/M_corners_clay.mat using Guid(ca8cc8480eda5f74b8500a53480b1c9b) Importer(2089858483,192608db42251d675da83286b1cce702) (ScriptedImporter) -> (artifact id: '9d4ebd75c2b08f651d28d7c0c5035fab') in 0.1717774 seconds
Number of updated asset objects reloaded before import = 0Number of asset objects unloaded after import = 4

========================================================================
Received Import Request.
  Time since last request: 0.000074 seconds.
  path: Assets/Matthew Guz/Slash Effects FREE/Materials/Multiple Slash/Slash.mat
  artifactKey: Guid(e78c0a1c0c4671d438e94e461fedebbb) Importer(2089858483,192608db42251d675da83286b1cce702)
Start importing Assets/Matthew Guz/Slash Effects FREE/Materials/Multiple Slash/Slash.mat using Guid(e78c0a1c0c4671d438e94e461fedebbb) Importer(2089858483,192608db42251d675da83286b1cce702) (ScriptedImporter) -> (artifact id: 'e2b31cde39bd47424a78b02ed692d4ef') in 0.4502869 seconds
Number of updated asset objects reloaded before import = 0Number of asset objects unloaded after import = 2

========================================================================
Received Import Request.
  Time since last request: 0.000314 seconds.
  path: Assets/Toon Deserted Temples/Models/TFD_Palm_Tree_03B.fbx
  artifactKey: Guid(f976c08d190efcf46ba6cd89bd6b57df) Importer(2089858483,192608db42251d675da83286b1cce702)
Start importing Assets/Toon Deserted Temples/Models/TFD_Palm_Tree_03B.fbx using Guid(f976c08d190efcf46ba6cd89bd6b57df) Importer(2089858483,192608db42251d675da83286b1cce702) (ScriptedImporter) -> (artifact id: '0fdc1a0c082d567d33079a440f7b9f31') in 2.0175106 seconds
Number of updated asset objects reloaded before import = 0Number of asset objects unloaded after import = 30

========================================================================
Received Import Request.
  Time since last request: 0.004852 seconds.
  path: Assets/STYLIZED Desert Kingdom/Materials/Textures/M_ground_dirt_stylized_Normal.png
  artifactKey: Guid(dc1d19e1210542b4c9762e2ca97c2504) Importer(2089858483,192608db42251d675da83286b1cce702)
Start importing Assets/STYLIZED Desert Kingdom/Materials/Textures/M_ground_dirt_stylized_Normal.png using Guid(dc1d19e1210542b4c9762e2ca97c2504) Importer(2089858483,192608db42251d675da83286b1cce702) (ScriptedImporter) -> (artifact id: '5ac9fca1dabd4b0e04bc3a1f26f230e7') in 0.2840569 seconds
Number of updated asset objects reloaded before import = 0Number of asset objects unloaded after import = 1

========================================================================
Received Import Request.
  Time since last request: 0.000045 seconds.
  path: Assets/Toon Deserted Temples/Animations/TFD_Candle_09C_Idle3.controller
  artifactKey: Guid(061c9723894dabd4a9bfde9e930976a2) Importer(2089858483,192608db42251d675da83286b1cce702)
Start importing Assets/Toon Deserted Temples/Animations/TFD_Candle_09C_Idle3.controller using Guid(061c9723894dabd4a9bfde9e930976a2) Importer(2089858483,192608db42251d675da83286b1cce702) (ScriptedImporter) -> (artifact id: 'cb6cfe673ee652f59a24329cd6983e3f') in 0.2006304 seconds
Number of updated asset objects reloaded before import = 0Number of asset objects unloaded after import = 8

========================================================================
Received Import Request.
  Time since last request: 0.000119 seconds.
  path: Assets/STYLIZED Desert Kingdom/Materials/Textures/M_traps_kit_Normal.png
  artifactKey: Guid(61c82d6e266180d4a9250ad88c8ba717) Importer(2089858483,192608db42251d675da83286b1cce702)
Start importing Assets/STYLIZED Desert Kingdom/Materials/Textures/M_traps_kit_Normal.png using Guid(61c82d6e266180d4a9250ad88c8ba717) Importer(2089858483,192608db42251d675da83286b1cce702) (ScriptedImporter) -> (artifact id: 'e5efc9aac0d3395521114751e7ca3457') in 0.4039662 seconds
Number of updated asset objects reloaded before import = 0Number of asset objects unloaded after import = 1

Editor requested this worker to shutdown with reason: Scaling down because of idle timeout
AssetImportWorkerClient::OnTransportError - code=2 error=End of file
AssetImportWorker is now disconnected from the server
Process exiting
Exiting without the bug reporter. Application will terminate with return code 0