Using pre-set license
Built from '6000.0/staging' branch; Version is '6000.0.41f1 (46e447368a18) revision 4645959'; Using compiler version '193933523'; Build Type 'Release'
OS: 'Windows 11  (10.0.22631) 64bit Core' Language: 'en' Physical Memory: 7551 MB
BatchMode: 1, IsHumanControllingUs: 0, StartBugReporterOnCrash: 0, Is64bit: 1, IsPro: 1

COMMAND LINE ARGUMENTS:
C:\Program Files\Unity\Hub\Editor\6000.0.41f1\Editor\Unity.exe
-adb2
-batchMode
-noUpm
-name
AssetImportWorker8
-projectPath
C:/Users/jayal/OneDrive/Documents/GitHub/MajaanGame
-logFile
Logs/AssetImportWorker8.log
-srvPort
56737
-job-worker-count
8
-background-job-worker-count
8
-gc-helper-count
1
Successfully changed project path to: C:/Users/jayal/OneDrive/Documents/GitHub/MajaanGame
C:/Users/jayal/OneDrive/Documents/GitHub/MajaanGame
[UnityMemory] Configuration Parameters - Can be set up in boot.config
    "memorysetup-bucket-allocator-granularity=16"
    "memorysetup-bucket-allocator-bucket-count=8"
    "memorysetup-bucket-allocator-block-size=33554432"
    "memorysetup-bucket-allocator-block-count=8"
    "memorysetup-main-allocator-block-size=16777216"
    "memorysetup-thread-allocator-block-size=16777216"
    "memorysetup-gfx-main-allocator-block-size=16777216"
    "memorysetup-gfx-thread-allocator-block-size=16777216"
    "memorysetup-cache-allocator-block-size=4194304"
    "memorysetup-typetree-allocator-block-size=2097152"
    "memorysetup-profiler-bucket-allocator-granularity=16"
    "memorysetup-profiler-bucket-allocator-bucket-count=8"
    "memorysetup-profiler-bucket-allocator-block-size=33554432"
    "memorysetup-profiler-bucket-allocator-block-count=8"
    "memorysetup-profiler-allocator-block-size=16777216"
    "memorysetup-profiler-editor-allocator-block-size=1048576"
    "memorysetup-temp-allocator-size-main=16777216"
    "memorysetup-job-temp-allocator-block-size=2097152"
    "memorysetup-job-temp-allocator-block-size-background=1048576"
    "memorysetup-job-temp-allocator-reduction-small-platforms=262144"
    "memorysetup-allocator-temp-initial-block-size-main=262144"
    "memorysetup-allocator-temp-initial-block-size-worker=262144"
    "memorysetup-temp-allocator-size-background-worker=32768"
    "memorysetup-temp-allocator-size-job-worker=262144"
    "memorysetup-temp-allocator-size-preload-manager=33554432"
    "memorysetup-temp-allocator-size-nav-mesh-worker=65536"
    "memorysetup-temp-allocator-size-audio-worker=65536"
    "memorysetup-temp-allocator-size-cloud-worker=32768"
    "memorysetup-temp-allocator-size-gi-baking-worker=262144"
    "memorysetup-temp-allocator-size-gi-baking-worker=262144"
    "memorysetup-temp-allocator-size-gi-baking-worker=262144"
    "memorysetup-temp-allocator-size-gi-baking-worker=262144"
    "memorysetup-temp-allocator-size-gi-baking-worker=262144"
    "memorysetup-temp-allocator-size-gfx=262144"
Player connection [18460]  Target information:

Player connection [18460]  * "[IP] 10.10.144.54 [Port] 0 [Flags] 2 [Guid] 2233364618 [EditorId] 2233364618 [Version] 1048832 [Id] WindowsEditor(7,JayAllenLaptop) [Debug] 1 [PackageName] WindowsEditor [ProjectName] Editor" 

Player connection [18460] Host joined multi-casting on [225.0.0.222:54997]...
Player connection [18460] Host joined alternative multi-casting on [225.0.0.222:34997]...
JobSystem: Creating JobQueue using job-worker-count value 8
Input System module state changed to: Initialized.
[Physics::Module] Initialized fallback backend.
[Physics::Module] Id: 0xdecafbad
Library Redirect Path: Library/
[Physics::Module] Selected backend.
[Physics::Module] Name: PhysX
[Physics::Module] Id: 0xf2b8ea05
[Physics::Module] SDK Version: 4.1.2
[Physics::Module] Integration Version: 1.0.0
[Physics::Module] Threading Mode: Multi-Threaded
Refreshing native plugins compatible for Editor in 30.53 ms, found 3 plugins.
Preloading 0 native plugins for Editor in 0.00 ms.
Initialize engine version: 6000.0.41f1 (46e447368a18)
[Subsystems] Discovering subsystems at path C:/Program Files/Unity/Hub/Editor/6000.0.41f1/Editor/Data/Resources/UnitySubsystems
[Subsystems] Discovering subsystems at path C:/Users/jayal/OneDrive/Documents/GitHub/MajaanGame/Assets
GfxDevice: creating device client; kGfxThreadingModeNonThreaded
Direct3D:
    Version:  Direct3D 11.0 [level 11.1]
    Renderer: Intel(R) Graphics (ID=0x7dd5)
    Vendor:   Intel
    VRAM:     4304 MB
    Driver:   32.0.101.6314
Initialize mono
Mono path[0] = 'C:/Program Files/Unity/Hub/Editor/6000.0.41f1/Editor/Data/Managed'
Mono path[1] = 'C:/Program Files/Unity/Hub/Editor/6000.0.41f1/Editor/Data/MonoBleedingEdge/lib/mono/unityjit-win32'
Mono config path = 'C:/Program Files/Unity/Hub/Editor/6000.0.41f1/Editor/Data/MonoBleedingEdge/etc'
Using monoOptions --debugger-agent=transport=dt_socket,embedding=1,server=y,suspend=n,address=127.0.0.1:56700
Begin MonoManager ReloadAssembly
Registering precompiled unity dll's ...
Register platform support module: C:/Program Files/Unity/Hub/Editor/6000.0.41f1/Editor/Data/PlaybackEngines/WindowsStandaloneSupport/UnityEditor.WindowsStandalone.Extensions.dll
Registered in 0.005281 seconds.
- Loaded All Assemblies, in  2.633 seconds
Native extension for WindowsStandalone target not found
Mono: successfully reloaded assembly
- Finished resetting the current domain, in  1.971 seconds
Domain Reload Profiling: 4598ms
	BeginReloadAssembly (1412ms)
		ExecutionOrderSort (1ms)
		DisableScriptedObjects (0ms)
		BackupInstance (0ms)
		ReleaseScriptingObjects (0ms)
		CreateAndSetChildDomain (11ms)
	RebuildCommonClasses (194ms)
	RebuildNativeTypeToScriptingClass (40ms)
	initialDomainReloadingComplete (265ms)
	LoadAllAssembliesAndSetupDomain (715ms)
		LoadAssemblies (1365ms)
		RebuildTransferFunctionScriptingTraits (0ms)
		AnalyzeDomain (706ms)
			TypeCache.Refresh (700ms)
				TypeCache.ScanAssembly (651ms)
			BuildScriptInfoCaches (1ms)
			ResolveRequiredComponents (2ms)
	FinalizeReload (1972ms)
		ReleaseScriptCaches (0ms)
		RebuildScriptCaches (0ms)
		SetupLoadedEditorAssemblies (1665ms)
			LogAssemblyErrors (0ms)
			InitializePlatformSupportModulesInManaged (126ms)
			SetLoadedEditorAssemblies (31ms)
			BeforeProcessingInitializeOnLoad (378ms)
			ProcessInitializeOnLoadAttributes (921ms)
			ProcessInitializeOnLoadMethodAttributes (208ms)
			AfterProcessingInitializeOnLoad (0ms)
			EditorAssembliesLoaded (0ms)
		ExecutionOrderSort2 (0ms)
		AwakeInstancesAfterBackupRestoration (0ms)
========================================================================
Worker process is ready to serve import requests
Import Worker Mode flag is 0x00
Begin MonoManager ReloadAssembly
- Loaded All Assemblies, in  6.951 seconds
Refreshing native plugins compatible for Editor in 20.63 ms, found 3 plugins.
Native extension for WindowsStandalone target not found
Mono: successfully reloaded assembly
- Finished resetting the current domain, in  5.603 seconds
Domain Reload Profiling: 12549ms
	BeginReloadAssembly (828ms)
		ExecutionOrderSort (0ms)
		DisableScriptedObjects (17ms)
		BackupInstance (0ms)
		ReleaseScriptingObjects (0ms)
		CreateAndSetChildDomain (152ms)
	RebuildCommonClasses (123ms)
	RebuildNativeTypeToScriptingClass (37ms)
	initialDomainReloadingComplete (98ms)
	LoadAllAssembliesAndSetupDomain (5857ms)
		LoadAssemblies (4833ms)
		RebuildTransferFunctionScriptingTraits (0ms)
		AnalyzeDomain (1488ms)
			TypeCache.Refresh (1192ms)
				TypeCache.ScanAssembly (905ms)
			BuildScriptInfoCaches (182ms)
			ResolveRequiredComponents (79ms)
	FinalizeReload (5606ms)
		ReleaseScriptCaches (0ms)
		RebuildScriptCaches (0ms)
		SetupLoadedEditorAssemblies (3783ms)
			LogAssemblyErrors (0ms)
			InitializePlatformSupportModulesInManaged (26ms)
			SetLoadedEditorAssemblies (66ms)
			BeforeProcessingInitializeOnLoad (1157ms)
			ProcessInitializeOnLoadAttributes (2161ms)
			ProcessInitializeOnLoadMethodAttributes (356ms)
			AfterProcessingInitializeOnLoad (13ms)
			EditorAssembliesLoaded (3ms)
		ExecutionOrderSort2 (0ms)
		AwakeInstancesAfterBackupRestoration (23ms)
Launched and connected shader compiler UnityShaderCompiler.exe after 0.23 seconds
Refreshing native plugins compatible for Editor in 22.14 ms, found 3 plugins.
Preloading 0 native plugins for Editor in 0.00 ms.
Unloading 261 Unused Serialized files (Serialized files now loaded: 0)
Unloading 6138 unused Assets / (3.9 MB). Loaded Objects now: 6885.
Memory consumption went from 221.6 MB to 217.7 MB.
Total: 436.309600 ms (FindLiveObjects: 198.441100 ms CreateObjectMapping: 12.605300 ms MarkObjects: 195.705800 ms  DeleteObjects: 29.550200 ms)

========================================================================
Received Import Request.
  Time since last request: 3297.250757 seconds.
  path: Assets/Toon Deserted Temples/Prefabs/Vegetation/Plants/TFD_Column_Vine_07A.prefab
  artifactKey: Guid(c4a7f31e48c2f254ea7cdfaff0bed636) Importer(2089858483,192608db42251d675da83286b1cce702)
Start importing Assets/Toon Deserted Temples/Prefabs/Vegetation/Plants/TFD_Column_Vine_07A.prefab using Guid(c4a7f31e48c2f254ea7cdfaff0bed636) Importer(2089858483,192608db42251d675da83286b1cce702) (ScriptedImporter) -> (artifact id: '13ec26d3390062012486f4516e0a430b') in 2.5210875 seconds
Number of updated asset objects reloaded before import = 0Number of asset objects unloaded after import = 20

========================================================================
Received Import Request.
  Time since last request: 0.000056 seconds.
  path: Assets/Toon Deserted Temples/Animations/TFD_Candle_04C_Idle3.controller
  artifactKey: Guid(092ea149857e4a24c92f27bcafce3ecf) Importer(2089858483,192608db42251d675da83286b1cce702)
Start importing Assets/Toon Deserted Temples/Animations/TFD_Candle_04C_Idle3.controller using Guid(092ea149857e4a24c92f27bcafce3ecf) Importer(2089858483,192608db42251d675da83286b1cce702) (ScriptedImporter) -> (artifact id: 'c89bb3d44c25a0925f13a1ad850e85e1') in 0.235893 seconds
Number of updated asset objects reloaded before import = 0Number of asset objects unloaded after import = 8

========================================================================
Received Import Request.
  Time since last request: 0.000054 seconds.
  path: Assets/Toon Deserted Temples/Prefabs/Props/TFD_Papyrus_03A.prefab
  artifactKey: Guid(88aad3385de593d4b9ea843d1d01390d) Importer(2089858483,192608db42251d675da83286b1cce702)
Start importing Assets/Toon Deserted Temples/Prefabs/Props/TFD_Papyrus_03A.prefab using Guid(88aad3385de593d4b9ea843d1d01390d) Importer(2089858483,192608db42251d675da83286b1cce702) (ScriptedImporter) -> (artifact id: '0a656b093c3a0f450b5d5f4718268fb9') in 0.3905598 seconds
Number of updated asset objects reloaded before import = 0Number of asset objects unloaded after import = 8

========================================================================
Received Import Request.
  Time since last request: 0.000068 seconds.
  path: Assets/Toon Deserted Temples/Models/TFD_Giant_Skeleton_Tail_01A.fbx
  artifactKey: Guid(7c6b54eea79dbaa42a518edd40a6c624) Importer(2089858483,192608db42251d675da83286b1cce702)
Start importing Assets/Toon Deserted Temples/Models/TFD_Giant_Skeleton_Tail_01A.fbx using Guid(7c6b54eea79dbaa42a518edd40a6c624) Importer(2089858483,192608db42251d675da83286b1cce702) (ScriptedImporter) -> (artifact id: '5b6735e714de30e7829115fdfd339707') in 0.29384 seconds
Number of updated asset objects reloaded before import = 0Number of asset objects unloaded after import = 25

========================================================================
Received Import Request.
  Time since last request: 0.000097 seconds.
  path: Assets/Toon Deserted Temples/Prefabs/Buildings/Runes/TFD_Rune_08A.prefab
  artifactKey: Guid(9d066b280b02a8e4793878fd3d96fa43) Importer(2089858483,192608db42251d675da83286b1cce702)
Start importing Assets/Toon Deserted Temples/Prefabs/Buildings/Runes/TFD_Rune_08A.prefab using Guid(9d066b280b02a8e4793878fd3d96fa43) Importer(2089858483,192608db42251d675da83286b1cce702) (ScriptedImporter) -> (artifact id: '1ea6d294d2eae13968c61bdc391c93f3') in 0.1327646 seconds
Number of updated asset objects reloaded before import = 0Number of asset objects unloaded after import = 28

========================================================================
Received Import Request.
  Time since last request: 0.000057 seconds.
  path: Assets/Toon Deserted Temples/Prefabs/Buildings/Building Kit/TFD_Console_04A.prefab
  artifactKey: Guid(b4c5dce9494a60a4c990e54767348be1) Importer(2089858483,192608db42251d675da83286b1cce702)
Start importing Assets/Toon Deserted Temples/Prefabs/Buildings/Building Kit/TFD_Console_04A.prefab using Guid(b4c5dce9494a60a4c990e54767348be1) Importer(2089858483,192608db42251d675da83286b1cce702) (ScriptedImporter) -> (artifact id: 'cb2e0e97c54dafbb8ce3a63895634327') in 0.1492032 seconds
Number of updated asset objects reloaded before import = 0Number of asset objects unloaded after import = 21

========================================================================
Received Import Request.
  Time since last request: 0.000436 seconds.
  path: Assets/Toon Deserted Temples/Prefabs/Rocks
  artifactKey: Guid(d55c589695d4ef741bf55bb88fd94f0e) Importer(2089858483,192608db42251d675da83286b1cce702)
Start importing Assets/Toon Deserted Temples/Prefabs/Rocks using Guid(d55c589695d4ef741bf55bb88fd94f0e) Importer(2089858483,192608db42251d675da83286b1cce702) (ScriptedImporter) -> (artifact id: '68c2c2108727561c5498b7b22f0f3856') in 0.0374942 seconds
Number of updated asset objects reloaded before import = 0Number of asset objects unloaded after import = 1

========================================================================
Received Import Request.
  Time since last request: 0.000050 seconds.
  path: Assets/Toon Deserted Temples/Models/TFD_Column_Roots_03A.fbx
  artifactKey: Guid(f1904dd518721ee42befead3b50da8db) Importer(2089858483,192608db42251d675da83286b1cce702)
Start importing Assets/Toon Deserted Temples/Models/TFD_Column_Roots_03A.fbx using Guid(f1904dd518721ee42befead3b50da8db) Importer(2089858483,192608db42251d675da83286b1cce702) (ScriptedImporter) -> (artifact id: '88b3c77fb75fa6be77a482e3fc1b355b') in 0.1793323 seconds
Number of updated asset objects reloaded before import = 0Number of asset objects unloaded after import = 22

========================================================================
Received Import Request.
  Time since last request: 0.000058 seconds.
  path: Assets/Toon Deserted Temples/Prefabs/Candles/TFD_Candle_03A.prefab
  artifactKey: Guid(4f1a3d39bde079a48bc3ee6ec2d66c4d) Importer(2089858483,192608db42251d675da83286b1cce702)
Start importing Assets/Toon Deserted Temples/Prefabs/Candles/TFD_Candle_03A.prefab using Guid(4f1a3d39bde079a48bc3ee6ec2d66c4d) Importer(2089858483,192608db42251d675da83286b1cce702) (ScriptedImporter) -> (artifact id: '1e5bb75785fdf5956067ef88830b77e9') in 0.1686852 seconds
Number of updated asset objects reloaded before import = 0Number of asset objects unloaded after import = 31

========================================================================
Received Import Request.
  Time since last request: 0.000099 seconds.
  path: Assets/Toon Deserted Temples/Particles/Materials/TFD_Fog_01D.mat
  artifactKey: Guid(56d1efdaf8244514dae3b0801d0eecdf) Importer(2089858483,192608db42251d675da83286b1cce702)
Start importing Assets/Toon Deserted Temples/Particles/Materials/TFD_Fog_01D.mat using Guid(56d1efdaf8244514dae3b0801d0eecdf) Importer(2089858483,192608db42251d675da83286b1cce702) (ScriptedImporter) -> (artifact id: 'ced9af29f7126152b541b838ef1dcc75') in 0.5392511 seconds
Number of updated asset objects reloaded before import = 0Number of asset objects unloaded after import = 2

========================================================================
Received Import Request.
  Time since last request: 0.000084 seconds.
  path: Assets/Toon Deserted Temples/Prefabs/Candles/TFD_Candles_Corner_06A.prefab
  artifactKey: Guid(1ef96435908f7224ca0571e2fedfc4ea) Importer(2089858483,192608db42251d675da83286b1cce702)
Start importing Assets/Toon Deserted Temples/Prefabs/Candles/TFD_Candles_Corner_06A.prefab using Guid(1ef96435908f7224ca0571e2fedfc4ea) Importer(2089858483,192608db42251d675da83286b1cce702) (ScriptedImporter) -> (artifact id: '61b4e7586b500f2f6318f019e5c7f83d') in 0.3079788 seconds
Number of updated asset objects reloaded before import = 0Number of asset objects unloaded after import = 244

========================================================================
Received Import Request.
  Time since last request: 0.000082 seconds.
  path: Assets/Toon Deserted Temples/Prefabs/Props/TFD_Sack_Pile_01A.prefab
  artifactKey: Guid(597e1b95eab801c4690683f2ff2e2952) Importer(2089858483,192608db42251d675da83286b1cce702)
Start importing Assets/Toon Deserted Temples/Prefabs/Props/TFD_Sack_Pile_01A.prefab using Guid(597e1b95eab801c4690683f2ff2e2952) Importer(2089858483,192608db42251d675da83286b1cce702) (ScriptedImporter) -> (artifact id: 'c6666c45408ae7a87a4d2b3a25266603') in 0.0712392 seconds
Number of updated asset objects reloaded before import = 0Number of asset objects unloaded after import = 21

========================================================================
Received Import Request.
  Time since last request: 0.000052 seconds.
  path: Assets/Toon Deserted Temples/Models/TFD_Beam_04A.fbx
  artifactKey: Guid(4dc96fd0f3c094f46bee23e26566289a) Importer(2089858483,192608db42251d675da83286b1cce702)
Start importing Assets/Toon Deserted Temples/Models/TFD_Beam_04A.fbx using Guid(4dc96fd0f3c094f46bee23e26566289a) Importer(2089858483,192608db42251d675da83286b1cce702) (ScriptedImporter) -> (artifact id: '46638e50c1f2cb8e3212215fb5922906') in 0.1064398 seconds
Number of updated asset objects reloaded before import = 0Number of asset objects unloaded after import = 27

========================================================================
Received Import Request.
  Time since last request: 0.000060 seconds.
  path: Assets/Toon Deserted Temples/Animations/TFD_Candle_11C_Idle2.controller
  artifactKey: Guid(3af7be20823a9654cb74e0911532ddf1) Importer(2089858483,192608db42251d675da83286b1cce702)
Start importing Assets/Toon Deserted Temples/Animations/TFD_Candle_11C_Idle2.controller using Guid(3af7be20823a9654cb74e0911532ddf1) Importer(2089858483,192608db42251d675da83286b1cce702) (ScriptedImporter) -> (artifact id: '38bf21728bbb7ed28ac56a68a0e5bdef') in 0.0979097 seconds
Number of updated asset objects reloaded before import = 0Number of asset objects unloaded after import = 6

========================================================================
Received Import Request.
  Time since last request: 0.000033 seconds.
  path: Assets/Toon Deserted Temples/Models/TFD_Column_01A_Module_05.fbx
  artifactKey: Guid(43d5c8bb055687b4da3be9969d0b2dc7) Importer(2089858483,192608db42251d675da83286b1cce702)
Start importing Assets/Toon Deserted Temples/Models/TFD_Column_01A_Module_05.fbx using Guid(43d5c8bb055687b4da3be9969d0b2dc7) Importer(2089858483,192608db42251d675da83286b1cce702) (ScriptedImporter) -> (artifact id: '872d4ea4360448220280c9cdb5d35d4b') in 0.0742943 seconds
Number of updated asset objects reloaded before import = 0Number of asset objects unloaded after import = 20

========================================================================
Received Import Request.
  Time since last request: 0.000041 seconds.
  path: Assets/Toon Deserted Temples/Prefabs/Candles/TFD_Wax_Drip_03C.prefab
  artifactKey: Guid(494074d18429de84fa73dcfbc1409395) Importer(2089858483,192608db42251d675da83286b1cce702)
Start importing Assets/Toon Deserted Temples/Prefabs/Candles/TFD_Wax_Drip_03C.prefab using Guid(494074d18429de84fa73dcfbc1409395) Importer(2089858483,192608db42251d675da83286b1cce702) (ScriptedImporter) -> (artifact id: 'bacd075c1fb3e9d66e584cae173a398d') in 0.1182834 seconds
Number of updated asset objects reloaded before import = 0Number of asset objects unloaded after import = 20

========================================================================
Received Import Request.
  Time since last request: 0.000063 seconds.
  path: Assets/Toon Deserted Temples/Textures/Background/TFD_BG_Dunes_01_N.png
  artifactKey: Guid(3061e1298dc8c6a43b18b20be11aece9) Importer(2089858483,192608db42251d675da83286b1cce702)
Start importing Assets/Toon Deserted Temples/Textures/Background/TFD_BG_Dunes_01_N.png using Guid(3061e1298dc8c6a43b18b20be11aece9) Importer(2089858483,192608db42251d675da83286b1cce702) (ScriptedImporter) -> (artifact id: '99e77b1127c1b7168693056b183bfbe4') in 0.4619824 seconds
Number of updated asset objects reloaded before import = 0Number of asset objects unloaded after import = 1

========================================================================
Received Import Request.
  Time since last request: 0.000050 seconds.
  path: Assets/Toon Deserted Temples/Animations/TFD_Head_Entrance_01A.controller
  artifactKey: Guid(c939067310c85034e91a3d6f12b755e6) Importer(2089858483,192608db42251d675da83286b1cce702)
Start importing Assets/Toon Deserted Temples/Animations/TFD_Head_Entrance_01A.controller using Guid(c939067310c85034e91a3d6f12b755e6) Importer(2089858483,192608db42251d675da83286b1cce702) (ScriptedImporter) -> (artifact id: '7dfe67326d1193c7408b6ffd3162e435') in 0.0732704 seconds
Number of updated asset objects reloaded before import = 0Number of asset objects unloaded after import = 4

========================================================================
Received Import Request.
  Time since last request: 0.000095 seconds.
  path: Assets/Toon Deserted Temples/Models/TFD_Railing_Vine_02A.fbx
  artifactKey: Guid(c45306ae5560f7a46820b98e40d547e4) Importer(2089858483,192608db42251d675da83286b1cce702)
Start importing Assets/Toon Deserted Temples/Models/TFD_Railing_Vine_02A.fbx using Guid(c45306ae5560f7a46820b98e40d547e4) Importer(2089858483,192608db42251d675da83286b1cce702) (ScriptedImporter) -> (artifact id: 'bb70443ebcba275ef3e81ff3c43fb5dc') in 0.1792671 seconds
Number of updated asset objects reloaded before import = 0Number of asset objects unloaded after import = 22

========================================================================
Received Import Request.
  Time since last request: 0.000081 seconds.
  path: Assets/Toon Deserted Temples/Models/TFD_Candle_10C.fbx
  artifactKey: Guid(90341ac89bc7c9941be308157d4bdfc1) Importer(2089858483,192608db42251d675da83286b1cce702)
Start importing Assets/Toon Deserted Temples/Models/TFD_Candle_10C.fbx using Guid(90341ac89bc7c9941be308157d4bdfc1) Importer(2089858483,192608db42251d675da83286b1cce702) (ScriptedImporter) -> (artifact id: '32179f11e245414b9fd69cf6fd03035e') in 0.0749063 seconds
Number of updated asset objects reloaded before import = 0Number of asset objects unloaded after import = 20

========================================================================
Received Import Request.
  Time since last request: 0.000090 seconds.
  path: Assets/Toon Deserted Temples/Models/TFD_Stone_04A.fbx
  artifactKey: Guid(86d56f134b4d3a7438b6f7833b00fe47) Importer(2089858483,192608db42251d675da83286b1cce702)
Start importing Assets/Toon Deserted Temples/Models/TFD_Stone_04A.fbx using Guid(86d56f134b4d3a7438b6f7833b00fe47) Importer(2089858483,192608db42251d675da83286b1cce702) (ScriptedImporter) -> (artifact id: '584417af016961dc9e3409cf320d399d') in 0.133607 seconds
Number of updated asset objects reloaded before import = 0Number of asset objects unloaded after import = 8

========================================================================
Received Import Request.
  Time since last request: 0.000173 seconds.
  path: Assets/Toon Deserted Temples/Prefabs/Vegetation/Plants/TFD_Plant_02A.prefab
  artifactKey: Guid(9aac29c1c9bf229428c21ddb4c7b6498) Importer(2089858483,192608db42251d675da83286b1cce702)
Start importing Assets/Toon Deserted Temples/Prefabs/Vegetation/Plants/TFD_Plant_02A.prefab using Guid(9aac29c1c9bf229428c21ddb4c7b6498) Importer(2089858483,192608db42251d675da83286b1cce702) (ScriptedImporter) -> (artifact id: '22dad14d239929f3a78698c549d3f443') in 0.1034528 seconds
Number of updated asset objects reloaded before import = 0Number of asset objects unloaded after import = 25

========================================================================
Received Import Request.
  Time since last request: 0.000077 seconds.
  path: Assets/Toon Deserted Temples/Models/TFD_Rock_Small_02A.fbx
  artifactKey: Guid(52400d5024415184ab603143d88962ed) Importer(2089858483,192608db42251d675da83286b1cce702)
Start importing Assets/Toon Deserted Temples/Models/TFD_Rock_Small_02A.fbx using Guid(52400d5024415184ab603143d88962ed) Importer(2089858483,192608db42251d675da83286b1cce702) (ScriptedImporter) -> (artifact id: '279f81606d3bb59b7447d2e8e9faf32f') in 0.2167556 seconds
Number of updated asset objects reloaded before import = 0Number of asset objects unloaded after import = 30

========================================================================
Received Import Request.
  Time since last request: 0.000062 seconds.
  path: Assets/Toon Deserted Temples/Animations/TFD_Candle_12A_Idle2.anim
  artifactKey: Guid(ad0e1fc883a412441b5777dd46d6f50a) Importer(2089858483,192608db42251d675da83286b1cce702)
Start importing Assets/Toon Deserted Temples/Animations/TFD_Candle_12A_Idle2.anim using Guid(ad0e1fc883a412441b5777dd46d6f50a) Importer(2089858483,192608db42251d675da83286b1cce702) (ScriptedImporter) -> (artifact id: 'f99a360627ccf00c7e166bebe787a8c8') in 0.0762495 seconds
Number of updated asset objects reloaded before import = 0Number of asset objects unloaded after import = 1

========================================================================
Received Import Request.
  Time since last request: 0.000130 seconds.
  path: Assets/Toon Deserted Temples/Prefabs/Vegetation/Plants/TFD_Plant_06A.prefab
  artifactKey: Guid(9ba61a84bfea6e84890f56e88e21d8a6) Importer(2089858483,192608db42251d675da83286b1cce702)
Start importing Assets/Toon Deserted Temples/Prefabs/Vegetation/Plants/TFD_Plant_06A.prefab using Guid(9ba61a84bfea6e84890f56e88e21d8a6) Importer(2089858483,192608db42251d675da83286b1cce702) (ScriptedImporter) -> (artifact id: '5e7c0f17fb7d43ad6bc4043464c0d6a8') in 0.2185596 seconds
Number of updated asset objects reloaded before import = 0Number of asset objects unloaded after import = 25

========================================================================
Received Import Request.
  Time since last request: 0.000059 seconds.
  path: Assets/Toon Deserted Temples/Models/TFD_Urn_Interactable_05A.fbx
  artifactKey: Guid(eeba29501fdcab34081dd68a1acb154a) Importer(2089858483,192608db42251d675da83286b1cce702)
Start importing Assets/Toon Deserted Temples/Models/TFD_Urn_Interactable_05A.fbx using Guid(eeba29501fdcab34081dd68a1acb154a) Importer(2089858483,192608db42251d675da83286b1cce702) (ScriptedImporter) -> (artifact id: 'cce5338a2179735ad10b8e44db379730') in 0.2838394 seconds
Number of updated asset objects reloaded before import = 0Number of asset objects unloaded after import = 34

========================================================================
Received Import Request.
  Time since last request: 0.000090 seconds.
  path: Assets/Toon Deserted Temples/Particles/Materials/TFD_Dust_01A.mat
  artifactKey: Guid(3f2fc3d11b033db43be209e09d0b5010) Importer(2089858483,192608db42251d675da83286b1cce702)
Start importing Assets/Toon Deserted Temples/Particles/Materials/TFD_Dust_01A.mat using Guid(3f2fc3d11b033db43be209e09d0b5010) Importer(2089858483,192608db42251d675da83286b1cce702) (ScriptedImporter) -> (artifact id: '34dcb7e48ea7bd90fca0e73454e72e0d') in 0.1066733 seconds
Number of updated asset objects reloaded before import = 0Number of asset objects unloaded after import = 2

========================================================================
Received Import Request.
  Time since last request: 0.000069 seconds.
  path: Assets/Toon Deserted Temples/Prefabs/Candles/TFD_Wax_Drip_07B.prefab
  artifactKey: Guid(37745cc9aeb05da46a33cb9f1810da31) Importer(2089858483,192608db42251d675da83286b1cce702)
Start importing Assets/Toon Deserted Temples/Prefabs/Candles/TFD_Wax_Drip_07B.prefab using Guid(37745cc9aeb05da46a33cb9f1810da31) Importer(2089858483,192608db42251d675da83286b1cce702) (ScriptedImporter) -> (artifact id: 'cad168b1e599f1c81ba54b4019fcc5dd') in 0.1269884 seconds
Number of updated asset objects reloaded before import = 0Number of asset objects unloaded after import = 20

========================================================================
Received Import Request.
  Time since last request: 0.000200 seconds.
  path: Assets/Toon Deserted Temples/Models/TFD_Urn_05A.fbx
  artifactKey: Guid(062a7b394b026b247aebac9d1eb7574a) Importer(2089858483,192608db42251d675da83286b1cce702)
Start importing Assets/Toon Deserted Temples/Models/TFD_Urn_05A.fbx using Guid(062a7b394b026b247aebac9d1eb7574a) Importer(2089858483,192608db42251d675da83286b1cce702) (ScriptedImporter) -> (artifact id: '2a9ac7ba3c38286d0372f5249807f68f') in 0.1017068 seconds
Number of updated asset objects reloaded before import = 0Number of asset objects unloaded after import = 20

========================================================================
Received Import Request.
  Time since last request: 0.000047 seconds.
  path: Assets/Toon Deserted Temples/Animations/TFD_Fire_01A_Idle.anim
  artifactKey: Guid(418f9ce7242c94340bd8383a2c0fb27c) Importer(2089858483,192608db42251d675da83286b1cce702)
Start importing Assets/Toon Deserted Temples/Animations/TFD_Fire_01A_Idle.anim using Guid(418f9ce7242c94340bd8383a2c0fb27c) Importer(2089858483,192608db42251d675da83286b1cce702) (ScriptedImporter) -> (artifact id: '1e2163f1e3ea0ed1b1628237378f6d6d') in 0.0736878 seconds
Number of updated asset objects reloaded before import = 0Number of asset objects unloaded after import = 1

========================================================================
Received Import Request.
  Time since last request: 0.000056 seconds.
  path: Assets/Toon Deserted Temples/Prefabs/Vegetation/Trees/TFD_Tree_03A_Dry.prefab
  artifactKey: Guid(1fdc24afa1fb1404984d1a7bf9347e1a) Importer(2089858483,192608db42251d675da83286b1cce702)
Start importing Assets/Toon Deserted Temples/Prefabs/Vegetation/Trees/TFD_Tree_03A_Dry.prefab using Guid(1fdc24afa1fb1404984d1a7bf9347e1a) Importer(2089858483,192608db42251d675da83286b1cce702) (ScriptedImporter) -> (artifact id: '4b595394f661e478079c57cdaa83a44d') in 0.1563401 seconds
Number of updated asset objects reloaded before import = 0Number of asset objects unloaded after import = 27

========================================================================
Received Import Request.
  Time since last request: 0.000060 seconds.
  path: Assets/Toon Deserted Temples/Models/TFD_Column_01A_Module_14.fbx
  artifactKey: Guid(df172efc18a85c9478e3ee9e6a6aabb4) Importer(2089858483,192608db42251d675da83286b1cce702)
Start importing Assets/Toon Deserted Temples/Models/TFD_Column_01A_Module_14.fbx using Guid(df172efc18a85c9478e3ee9e6a6aabb4) Importer(2089858483,192608db42251d675da83286b1cce702) (ScriptedImporter) -> (artifact id: '7d43d4b65e17268c384d595457d068d1') in 0.073561 seconds
Number of updated asset objects reloaded before import = 0Number of asset objects unloaded after import = 25

========================================================================
Received Import Request.
  Time since last request: 0.000067 seconds.
  path: Assets/Toon Deserted Temples/Prefabs/Props/TFD_Cloth_03A.prefab
  artifactKey: Guid(0fdebe006873af2488be8defb0052932) Importer(2089858483,192608db42251d675da83286b1cce702)
Start importing Assets/Toon Deserted Temples/Prefabs/Props/TFD_Cloth_03A.prefab using Guid(0fdebe006873af2488be8defb0052932) Importer(2089858483,192608db42251d675da83286b1cce702) (ScriptedImporter) -> (artifact id: 'fea0267bd25ddc08dd3e5371c9e8659a') in 0.0901068 seconds
Number of updated asset objects reloaded before import = 0Number of asset objects unloaded after import = 20

========================================================================
Received Import Request.
  Time since last request: 0.000042 seconds.
  path: Assets/Toon Deserted Temples/Terrain/Terrain Brushes
  artifactKey: Guid(2397563c435cc424eb7251562f04f38a) Importer(2089858483,192608db42251d675da83286b1cce702)
Start importing Assets/Toon Deserted Temples/Terrain/Terrain Brushes using Guid(2397563c435cc424eb7251562f04f38a) Importer(2089858483,192608db42251d675da83286b1cce702) (ScriptedImporter) -> (artifact id: '359ad76a1240d74b80d183c8c778f508') in 0.0389294 seconds
Number of updated asset objects reloaded before import = 0Number of asset objects unloaded after import = 1

========================================================================
Received Import Request.
  Time since last request: 0.000033 seconds.
  path: Assets/Toon Deserted Temples/Models/TFD_Cloth_04C.fbx
  artifactKey: Guid(229c11a7edb6d354698bf70872b1a56c) Importer(2089858483,192608db42251d675da83286b1cce702)
Start importing Assets/Toon Deserted Temples/Models/TFD_Cloth_04C.fbx using Guid(229c11a7edb6d354698bf70872b1a56c) Importer(2089858483,192608db42251d675da83286b1cce702) (ScriptedImporter) -> (artifact id: '21e130ed06c5e7922627e11414d4c8f9') in 0.1180302 seconds
Number of updated asset objects reloaded before import = 0Number of asset objects unloaded after import = 20

========================================================================
Received Import Request.
  Time since last request: 0.000080 seconds.
  path: Assets/Toon Deserted Temples/Models/TFD_Beam_10A.fbx
  artifactKey: Guid(97cc89baeb53a72458854b9b6e61b191) Importer(2089858483,192608db42251d675da83286b1cce702)
Start importing Assets/Toon Deserted Temples/Models/TFD_Beam_10A.fbx using Guid(97cc89baeb53a72458854b9b6e61b191) Importer(2089858483,192608db42251d675da83286b1cce702) (ScriptedImporter) -> (artifact id: '05627aee9aa00330da695d107c673dbb') in 0.1301452 seconds
Number of updated asset objects reloaded before import = 0Number of asset objects unloaded after import = 25

========================================================================
Received Import Request.
  Time since last request: 0.000056 seconds.
  path: Assets/Toon Deserted Temples/Prefabs/Buildings/Runes/TFD_Rune_07A.prefab
  artifactKey: Guid(c3eb754f068cf71449fa7765300e54a3) Importer(2089858483,192608db42251d675da83286b1cce702)
Start importing Assets/Toon Deserted Temples/Prefabs/Buildings/Runes/TFD_Rune_07A.prefab using Guid(c3eb754f068cf71449fa7765300e54a3) Importer(2089858483,192608db42251d675da83286b1cce702) (ScriptedImporter) -> (artifact id: '9015b372eaf851361e5e33791611a80e') in 0.1030669 seconds
Number of updated asset objects reloaded before import = 0Number of asset objects unloaded after import = 28

========================================================================
Received Import Request.
  Time since last request: 0.000063 seconds.
  path: Assets/Toon Deserted Temples/Models/TFD_Ceiling_01A.fbx
  artifactKey: Guid(cab2df40c0a27cb41a296196b6549148) Importer(2089858483,192608db42251d675da83286b1cce702)
Start importing Assets/Toon Deserted Temples/Models/TFD_Ceiling_01A.fbx using Guid(cab2df40c0a27cb41a296196b6549148) Importer(2089858483,192608db42251d675da83286b1cce702) (ScriptedImporter) -> (artifact id: '19d52cd7a81987a1c20b6f68d8ab5bd6') in 0.113328 seconds
Number of updated asset objects reloaded before import = 0Number of asset objects unloaded after import = 32

========================================================================
Received Import Request.
  Time since last request: 0.000043 seconds.
  path: Assets/Toon Deserted Temples/Prefabs/Candles/TFD_Wax_Drip_02C.prefab
  artifactKey: Guid(54cd7d4dd3af59f439cc8ac782c6060b) Importer(2089858483,192608db42251d675da83286b1cce702)
Start importing Assets/Toon Deserted Temples/Prefabs/Candles/TFD_Wax_Drip_02C.prefab using Guid(54cd7d4dd3af59f439cc8ac782c6060b) Importer(2089858483,192608db42251d675da83286b1cce702) (ScriptedImporter) -> (artifact id: '031c0603ebe71eab195d67a9ecac8cfa') in 0.1194927 seconds
Number of updated asset objects reloaded before import = 0Number of asset objects unloaded after import = 20

========================================================================
Received Import Request.
  Time since last request: 0.000052 seconds.
  path: Assets/Toon Deserted Temples/Prefabs/Props/TFD_Plank_02A.prefab
  artifactKey: Guid(8f91d2ac79b64384f8bbdf22b7a4599b) Importer(2089858483,192608db42251d675da83286b1cce702)
Start importing Assets/Toon Deserted Temples/Prefabs/Props/TFD_Plank_02A.prefab using Guid(8f91d2ac79b64384f8bbdf22b7a4599b) Importer(2089858483,192608db42251d675da83286b1cce702) (ScriptedImporter) -> (artifact id: '79e1e4af032af62b969afd320ed8d692') in 0.1966359 seconds
Number of updated asset objects reloaded before import = 0Number of asset objects unloaded after import = 21

========================================================================
Received Import Request.
  Time since last request: 0.000052 seconds.
  path: Assets/Toon Deserted Temples/Prefabs/Candles/TFD_Candle_06A.prefab
  artifactKey: Guid(32177ca1456f7c342a474cafcd8f8095) Importer(2089858483,192608db42251d675da83286b1cce702)
Start importing Assets/Toon Deserted Temples/Prefabs/Candles/TFD_Candle_06A.prefab using Guid(32177ca1456f7c342a474cafcd8f8095) Importer(2089858483,192608db42251d675da83286b1cce702) (ScriptedImporter) -> (artifact id: 'b7189090f147c6da9e4081ae28b587a7') in 0.2741691 seconds
Number of updated asset objects reloaded before import = 0Number of asset objects unloaded after import = 31

========================================================================
Received Import Request.
  Time since last request: 0.000066 seconds.
  path: Assets/Toon Deserted Temples/Shaders/TFD_ToonWaterRipples.shader
  artifactKey: Guid(ac6d0254eb95b5c488a858cf85980f1d) Importer(2089858483,192608db42251d675da83286b1cce702)
Start importing Assets/Toon Deserted Temples/Shaders/TFD_ToonWaterRipples.shader using Guid(ac6d0254eb95b5c488a858cf85980f1d) Importer(2089858483,192608db42251d675da83286b1cce702) (ScriptedImporter) -> (artifact id: 'b0fab342083362cbaa61db57a3747495') in 0.0652956 seconds
Number of updated asset objects reloaded before import = 0Number of asset objects unloaded after import = 1

========================================================================
Received Import Request.
  Time since last request: 0.000055 seconds.
  path: Assets/Toon Deserted Temples/Profiles/TFD_ Demo_02.asset
  artifactKey: Guid(12f457a01948b2d44a29c0fedf0b063d) Importer(2089858483,192608db42251d675da83286b1cce702)
Start importing Assets/Toon Deserted Temples/Profiles/TFD_ Demo_02.asset using Guid(12f457a01948b2d44a29c0fedf0b063d) Importer(2089858483,192608db42251d675da83286b1cce702) (ScriptedImporter) -> (artifact id: '03bae5a2b4c2be78b4b9434b317ab479') in 0.210181 seconds
Number of updated asset objects reloaded before import = 0Number of asset objects unloaded after import = 6

========================================================================
Received Import Request.
  Time since last request: 0.000058 seconds.
  path: Assets/Toon Deserted Temples/Profiles/TFD_ Demo_03.asset
  artifactKey: Guid(a60cdd7f41780414bb0d66f8ff05fb2d) Importer(2089858483,192608db42251d675da83286b1cce702)
Start importing Assets/Toon Deserted Temples/Profiles/TFD_ Demo_03.asset using Guid(a60cdd7f41780414bb0d66f8ff05fb2d) Importer(2089858483,192608db42251d675da83286b1cce702) (ScriptedImporter) -> (artifact id: '5dfa521a745b2aca9875207613273303') in 0.06577 seconds
Number of updated asset objects reloaded before import = 0Number of asset objects unloaded after import = 8

========================================================================
Received Import Request.
  Time since last request: 0.000036 seconds.
  path: Assets/Toon Deserted Temples/Animations/Dioramas_2_Animation.anim
  artifactKey: Guid(a9e1836a1372e1b4f8a035b5874b769a) Importer(2089858483,192608db42251d675da83286b1cce702)
Start importing Assets/Toon Deserted Temples/Animations/Dioramas_2_Animation.anim using Guid(a9e1836a1372e1b4f8a035b5874b769a) Importer(2089858483,192608db42251d675da83286b1cce702) (ScriptedImporter) -> (artifact id: 'b3b00321dc8d47d184b216c8fcb05893') in 0.1025129 seconds
Number of updated asset objects reloaded before import = 0Number of asset objects unloaded after import = 1

========================================================================
Received Import Request.
  Time since last request: 0.000071 seconds.
  path: Assets/Toon Deserted Temples/Models/TFD_Rune_Sides_04A.fbx
  artifactKey: Guid(f030c92609723e644a06d7929026d711) Importer(2089858483,192608db42251d675da83286b1cce702)
Start importing Assets/Toon Deserted Temples/Models/TFD_Rune_Sides_04A.fbx using Guid(f030c92609723e644a06d7929026d711) Importer(2089858483,192608db42251d675da83286b1cce702) (ScriptedImporter) -> (artifact id: 'e34e07bd84cce504dc5693a4da515446') in 0.1253405 seconds
Number of updated asset objects reloaded before import = 0Number of asset objects unloaded after import = 27

========================================================================
Received Import Request.
  Time since last request: 0.000065 seconds.
  path: Assets/Toon Deserted Temples/Prefabs/Candles/TFD_Candles_Edge_02C.prefab
  artifactKey: Guid(c1cd3bb2e04b32f4393ee27c9a0aa5fd) Importer(2089858483,192608db42251d675da83286b1cce702)
Start importing Assets/Toon Deserted Temples/Prefabs/Candles/TFD_Candles_Edge_02C.prefab using Guid(c1cd3bb2e04b32f4393ee27c9a0aa5fd) Importer(2089858483,192608db42251d675da83286b1cce702) (ScriptedImporter) -> (artifact id: 'ef5adf65711fd9fd03314e40bac0d7ec') in 0.1355283 seconds
Number of updated asset objects reloaded before import = 0Number of asset objects unloaded after import = 169

========================================================================
Received Import Request.
  Time since last request: 0.000052 seconds.
  path: Assets/Toon Deserted Temples/Scenes/Dioramas_2_Day.unity
  artifactKey: Guid(a6e8e19eeb2bf5c47bcf6d865bef7649) Importer(2089858483,192608db42251d675da83286b1cce702)
Start importing Assets/Toon Deserted Temples/Scenes/Dioramas_2_Day.unity using Guid(a6e8e19eeb2bf5c47bcf6d865bef7649) Importer(2089858483,192608db42251d675da83286b1cce702) (ScriptedImporter) -> (artifact id: '53274bb3f97e2c56a6c4ab9ae997fb22') in 1.0545926 seconds
Number of updated asset objects reloaded before import = 0Number of asset objects unloaded after import = 1

========================================================================
Received Import Request.
  Time since last request: 0.000074 seconds.
  path: Assets/Toon Deserted Temples/Animations/TFD_Candle_11B_Idle1.controller
  artifactKey: Guid(05b5172226280964b8859f9cb23d1454) Importer(2089858483,192608db42251d675da83286b1cce702)
Start importing Assets/Toon Deserted Temples/Animations/TFD_Candle_11B_Idle1.controller using Guid(05b5172226280964b8859f9cb23d1454) Importer(2089858483,192608db42251d675da83286b1cce702) (ScriptedImporter) -> (artifact id: '8b941d76b05fbe93afd81114e5ac30f7') in 0.0527427 seconds
Number of updated asset objects reloaded before import = 0Number of asset objects unloaded after import = 8

========================================================================
Received Import Request.
  Time since last request: 0.000045 seconds.
  path: Assets/Toon Deserted Temples/Prefabs/Props/TFD_Chest_02B.prefab
  artifactKey: Guid(b2760fc7010c9524c9ed921a2ffc7f6b) Importer(2089858483,192608db42251d675da83286b1cce702)
Start importing Assets/Toon Deserted Temples/Prefabs/Props/TFD_Chest_02B.prefab using Guid(b2760fc7010c9524c9ed921a2ffc7f6b) Importer(2089858483,192608db42251d675da83286b1cce702) (ScriptedImporter) -> (artifact id: '34e69f674120b96badaa4acbc3e3c37a') in 0.0677029 seconds
Number of updated asset objects reloaded before import = 0Number of asset objects unloaded after import = 41

========================================================================
Received Import Request.
  Time since last request: 0.000031 seconds.
  path: Assets/Toon Deserted Temples/Prefabs/Buildings/Building Kit/TFD_Pavement_Blocks_02A.prefab
  artifactKey: Guid(acb96240635070746ad383d6cbc5d21c) Importer(2089858483,192608db42251d675da83286b1cce702)
Start importing Assets/Toon Deserted Temples/Prefabs/Buildings/Building Kit/TFD_Pavement_Blocks_02A.prefab using Guid(acb96240635070746ad383d6cbc5d21c) Importer(2089858483,192608db42251d675da83286b1cce702) (ScriptedImporter) -> (artifact id: '1d5ade639bf31c748ecf19b12b4ebd83') in 0.0626313 seconds
Number of updated asset objects reloaded before import = 0Number of asset objects unloaded after import = 15

========================================================================
Received Import Request.
  Time since last request: 0.000056 seconds.
  path: Assets/Toon Deserted Temples/Models/TFD_Column_Vine_03A.fbx
  artifactKey: Guid(2de15623245261d44a1a105d031fc521) Importer(2089858483,192608db42251d675da83286b1cce702)
Start importing Assets/Toon Deserted Temples/Models/TFD_Column_Vine_03A.fbx using Guid(2de15623245261d44a1a105d031fc521) Importer(2089858483,192608db42251d675da83286b1cce702) (ScriptedImporter) -> (artifact id: '63c2c0a11a25e266e4c46e9c08850444') in 0.0750479 seconds
Number of updated asset objects reloaded before import = 0Number of asset objects unloaded after import = 22

========================================================================
Received Import Request.
  Time since last request: 0.000033 seconds.
  path: Assets/Toon Deserted Temples/Animations/TFD_Candle_12B_Idle2.controller
  artifactKey: Guid(0d73606ce2ca8d347b7b74d518de27ee) Importer(2089858483,192608db42251d675da83286b1cce702)
Start importing Assets/Toon Deserted Temples/Animations/TFD_Candle_12B_Idle2.controller using Guid(0d73606ce2ca8d347b7b74d518de27ee) Importer(2089858483,192608db42251d675da83286b1cce702) (ScriptedImporter) -> (artifact id: '6ae1ed3065b5ec216dec26b2d651fc41') in 0.0623167 seconds
Number of updated asset objects reloaded before import = 0Number of asset objects unloaded after import = 6

========================================================================
Received Import Request.
  Time since last request: 0.000051 seconds.
  path: Assets/Toon Deserted Temples/Prefabs/Candles/TFD_Candle_08C.prefab
  artifactKey: Guid(98f38c59ca7f6e54f87a34979cab2430) Importer(2089858483,192608db42251d675da83286b1cce702)
Start importing Assets/Toon Deserted Temples/Prefabs/Candles/TFD_Candle_08C.prefab using Guid(98f38c59ca7f6e54f87a34979cab2430) Importer(2089858483,192608db42251d675da83286b1cce702) (ScriptedImporter) -> (artifact id: 'b9ef5c867c7ff5ce7d5570832ee4a9ae') in 0.0765409 seconds
Number of updated asset objects reloaded before import = 0Number of asset objects unloaded after import = 31

========================================================================
Received Import Request.
  Time since last request: 0.000054 seconds.
  path: Assets/Toon Deserted Temples/Prefabs/Candles/TFD_Candles_Cluster_03B.prefab
  artifactKey: Guid(fa429e3d53b2b0f4c8f4d660b93e9250) Importer(2089858483,192608db42251d675da83286b1cce702)
Start importing Assets/Toon Deserted Temples/Prefabs/Candles/TFD_Candles_Cluster_03B.prefab using Guid(fa429e3d53b2b0f4c8f4d660b93e9250) Importer(2089858483,192608db42251d675da83286b1cce702) (ScriptedImporter) -> (artifact id: 'f1ef2340525b4d2c77e200dd73492be3') in 0.1550421 seconds
Number of updated asset objects reloaded before import = 0Number of asset objects unloaded after import = 198

========================================================================
Received Import Request.
  Time since last request: 0.000041 seconds.
  path: Assets/Toon Deserted Temples/Prefabs/Props/TFD_Cloth_05C.prefab
  artifactKey: Guid(b4dd7c9f7e6ab7743ac8678912188731) Importer(2089858483,192608db42251d675da83286b1cce702)
Start importing Assets/Toon Deserted Temples/Prefabs/Props/TFD_Cloth_05C.prefab using Guid(b4dd7c9f7e6ab7743ac8678912188731) Importer(2089858483,192608db42251d675da83286b1cce702) (ScriptedImporter) -> (artifact id: '8b18327663c0e7a5eed9b298d4ac2b3e') in 0.0755576 seconds
Number of updated asset objects reloaded before import = 0Number of asset objects unloaded after import = 20

========================================================================
Received Import Request.
  Time since last request: 0.000047 seconds.
  path: Assets/Toon Deserted Temples/Prefabs/Props/TFD_Chair_01B.prefab
  artifactKey: Guid(02c4f946e722e6c4c80f3f93308297d2) Importer(2089858483,192608db42251d675da83286b1cce702)
Start importing Assets/Toon Deserted Temples/Prefabs/Props/TFD_Chair_01B.prefab using Guid(02c4f946e722e6c4c80f3f93308297d2) Importer(2089858483,192608db42251d675da83286b1cce702) (ScriptedImporter) -> (artifact id: 'b878f15670a856445b391565e4d9de6b') in 0.0642313 seconds
Number of updated asset objects reloaded before import = 0Number of asset objects unloaded after import = 16

========================================================================
Received Import Request.
  Time since last request: 0.000064 seconds.
  path: Assets/Toon Deserted Temples/Particles/Meshes/TFD_Particle_Quad_01B.prefab
  artifactKey: Guid(f1e5a08ccc271de4289b5e4ba6a465f8) Importer(2089858483,192608db42251d675da83286b1cce702)
Start importing Assets/Toon Deserted Temples/Particles/Meshes/TFD_Particle_Quad_01B.prefab using Guid(f1e5a08ccc271de4289b5e4ba6a465f8) Importer(2089858483,192608db42251d675da83286b1cce702) (ScriptedImporter) -> (artifact id: '0c4b4201e8e5c9626a9b3bc5cb0ffab1') in 0.0853509 seconds
Number of updated asset objects reloaded before import = 0Number of asset objects unloaded after import = 8

========================================================================
Received Import Request.
  Time since last request: 0.000034 seconds.
  path: Assets/Toon Deserted Temples/Models/TFD_Rune_07A.fbx
  artifactKey: Guid(512ac079b54c9824e8b2746b911a07aa) Importer(2089858483,192608db42251d675da83286b1cce702)
Start importing Assets/Toon Deserted Temples/Models/TFD_Rune_07A.fbx using Guid(512ac079b54c9824e8b2746b911a07aa) Importer(2089858483,192608db42251d675da83286b1cce702) (ScriptedImporter) -> (artifact id: '975d5ec91ff230516610606c3ea56a4e') in 0.0675125 seconds
Number of updated asset objects reloaded before import = 0Number of asset objects unloaded after import = 27

========================================================================
Received Import Request.
  Time since last request: 0.000254 seconds.
  path: Assets/Toon Deserted Temples/Models/TFD_Wax_02A.fbx
  artifactKey: Guid(f566805f122aab7498944329c152b9b9) Importer(2089858483,192608db42251d675da83286b1cce702)
Start importing Assets/Toon Deserted Temples/Models/TFD_Wax_02A.fbx using Guid(f566805f122aab7498944329c152b9b9) Importer(2089858483,192608db42251d675da83286b1cce702) (ScriptedImporter) -> (artifact id: '224b2cc363fd6c3e06f6d12950683fd7') in 0.0707799 seconds
Number of updated asset objects reloaded before import = 0Number of asset objects unloaded after import = 15

========================================================================
Received Import Request.
  Time since last request: 0.000633 seconds.
  path: Assets/Toon Deserted Temples/Models/TFD_Water_Ripple_01A.fbx
  artifactKey: Guid(af936c297d9068141917729959e37a1b) Importer(2089858483,192608db42251d675da83286b1cce702)
Start importing Assets/Toon Deserted Temples/Models/TFD_Water_Ripple_01A.fbx using Guid(af936c297d9068141917729959e37a1b) Importer(2089858483,192608db42251d675da83286b1cce702) (ScriptedImporter) -> (artifact id: '3bfedfbb14a97eabc7bda10c22734801') in 0.0653426 seconds
Number of updated asset objects reloaded before import = 0Number of asset objects unloaded after import = 8

========================================================================
Received Import Request.
  Time since last request: 0.000037 seconds.
  path: Assets/Toon Deserted Temples/Models/TFD_Candle_04C.fbx
  artifactKey: Guid(8898637243c55644a89dc9c08d50baa1) Importer(2089858483,192608db42251d675da83286b1cce702)
Start importing Assets/Toon Deserted Temples/Models/TFD_Candle_04C.fbx using Guid(8898637243c55644a89dc9c08d50baa1) Importer(2089858483,192608db42251d675da83286b1cce702) (ScriptedImporter) -> (artifact id: 'eec21c737ac1795970332a620f0a3f59') in 0.0531585 seconds
Number of updated asset objects reloaded before import = 0Number of asset objects unloaded after import = 20

========================================================================
Received Import Request.
  Time since last request: 0.000045 seconds.
  path: Assets/Toon Deserted Temples/Models/TFD_Wall_Roots_01A.fbx
  artifactKey: Guid(ed402411eec2ff1478adaac85729af90) Importer(2089858483,192608db42251d675da83286b1cce702)
Start importing Assets/Toon Deserted Temples/Models/TFD_Wall_Roots_01A.fbx using Guid(ed402411eec2ff1478adaac85729af90) Importer(2089858483,192608db42251d675da83286b1cce702) (ScriptedImporter) -> (artifact id: '3e29841989399359595601ff2f9880b4') in 0.0470705 seconds
Number of updated asset objects reloaded before import = 0Number of asset objects unloaded after import = 22

========================================================================
Received Import Request.
  Time since last request: 0.000035 seconds.
  path: Assets/Toon Deserted Temples/Textures/TFD_Toon_Ramp_1A.psd
  artifactKey: Guid(1847c6fe6302bf646927a78a319e1938) Importer(2089858483,192608db42251d675da83286b1cce702)
Start importing Assets/Toon Deserted Temples/Textures/TFD_Toon_Ramp_1A.psd using Guid(1847c6fe6302bf646927a78a319e1938) Importer(2089858483,192608db42251d675da83286b1cce702) (ScriptedImporter) -> (artifact id: '8fd09d60e05d36ef91b4dbd0ab13d53e') in 0.0711252 seconds
Number of updated asset objects reloaded before import = 0Number of asset objects unloaded after import = 1

========================================================================
Received Import Request.
  Time since last request: 0.000037 seconds.
  path: Assets/Toon Deserted Temples/Models/TFD_Console_01A.fbx
  artifactKey: Guid(b009a1027cbd5f743806d5f5ed59c39a) Importer(2089858483,192608db42251d675da83286b1cce702)
Start importing Assets/Toon Deserted Temples/Models/TFD_Console_01A.fbx using Guid(b009a1027cbd5f743806d5f5ed59c39a) Importer(2089858483,192608db42251d675da83286b1cce702) (ScriptedImporter) -> (artifact id: '93009d88fe52c02dbc3044d44bdc8fa7') in 0.0642926 seconds
Number of updated asset objects reloaded before import = 0Number of asset objects unloaded after import = 20

========================================================================
Received Import Request.
  Time since last request: 0.000049 seconds.
  path: Assets/Toon Deserted Temples/Models/TFD_Wall_08A.fbx
  artifactKey: Guid(01de54ce765aa634b81e6595b52a2314) Importer(2089858483,192608db42251d675da83286b1cce702)
Start importing Assets/Toon Deserted Temples/Models/TFD_Wall_08A.fbx using Guid(01de54ce765aa634b81e6595b52a2314) Importer(2089858483,192608db42251d675da83286b1cce702) (ScriptedImporter) -> (artifact id: '05dd39a30663260ad5289c3ef0a73909') in 0.0490629 seconds
Number of updated asset objects reloaded before import = 0Number of asset objects unloaded after import = 25

========================================================================
Received Import Request.
  Time since last request: 0.000035 seconds.
  path: Assets/Toon Deserted Temples/Models/TFD_Altar_01A.fbx
  artifactKey: Guid(ffea43449ad110f4f9d2740f6187f443) Importer(2089858483,192608db42251d675da83286b1cce702)
Start importing Assets/Toon Deserted Temples/Models/TFD_Altar_01A.fbx using Guid(ffea43449ad110f4f9d2740f6187f443) Importer(2089858483,192608db42251d675da83286b1cce702) (ScriptedImporter) -> (artifact id: '2d53d7a59add0085a38a2143f429dc8a') in 0.0651127 seconds
Number of updated asset objects reloaded before import = 0Number of asset objects unloaded after import = 20

========================================================================
Received Import Request.
  Time since last request: 0.000033 seconds.
  path: Assets/Toon Deserted Temples/Models/TFD_Cloth_03B.fbx
  artifactKey: Guid(50ce0b529ba7bfc48b11b5452ad39c18) Importer(2089858483,192608db42251d675da83286b1cce702)
Start importing Assets/Toon Deserted Temples/Models/TFD_Cloth_03B.fbx using Guid(50ce0b529ba7bfc48b11b5452ad39c18) Importer(2089858483,192608db42251d675da83286b1cce702) (ScriptedImporter) -> (artifact id: 'd9984966030db3db1da7fadc211e3aca') in 0.1317531 seconds
Number of updated asset objects reloaded before import = 0Number of asset objects unloaded after import = 20

========================================================================
Received Import Request.
  Time since last request: 0.000063 seconds.
  path: Assets/Toon Deserted Temples/Models/TFD_Wall_Nub_02A.fbx
  artifactKey: Guid(ed1e7534d2bad2f49be33e7d26634791) Importer(2089858483,192608db42251d675da83286b1cce702)
Start importing Assets/Toon Deserted Temples/Models/TFD_Wall_Nub_02A.fbx using Guid(ed1e7534d2bad2f49be33e7d26634791) Importer(2089858483,192608db42251d675da83286b1cce702) (ScriptedImporter) -> (artifact id: 'b917ea0695e4ed30743a0a8ee45b02bf') in 0.0576247 seconds
Number of updated asset objects reloaded before import = 0Number of asset objects unloaded after import = 20

========================================================================
Received Import Request.
  Time since last request: 0.000031 seconds.
  path: Assets/Toon Deserted Temples/Animations/TFD_Pavement_Trap_01A 3.controller
  artifactKey: Guid(2043ed81e96e87a4d974c4f5f79dc117) Importer(2089858483,192608db42251d675da83286b1cce702)
Start importing Assets/Toon Deserted Temples/Animations/TFD_Pavement_Trap_01A 3.controller using Guid(2043ed81e96e87a4d974c4f5f79dc117) Importer(2089858483,192608db42251d675da83286b1cce702) (ScriptedImporter) -> (artifact id: '7e07d6ca01466122d5b50d6eda109247') in 0.0485195 seconds
Number of updated asset objects reloaded before import = 0Number of asset objects unloaded after import = 4

========================================================================
Received Import Request.
  Time since last request: 0.000048 seconds.
  path: Assets/Toon Deserted Temples/Models/TFD_Rune_02A.fbx
  artifactKey: Guid(648a5bdd9697462468e765953fbfc56d) Importer(2089858483,192608db42251d675da83286b1cce702)
Start importing Assets/Toon Deserted Temples/Models/TFD_Rune_02A.fbx using Guid(648a5bdd9697462468e765953fbfc56d) Importer(2089858483,192608db42251d675da83286b1cce702) (ScriptedImporter) -> (artifact id: 'e9048d9a180d7a436be787cf17fd0155') in 0.0541242 seconds
Number of updated asset objects reloaded before import = 0Number of asset objects unloaded after import = 27

========================================================================
Received Import Request.
  Time since last request: 0.000054 seconds.
  path: Assets/Toon Deserted Temples/Prefabs/Background/TFD_BG_Salt_Mountain_01.prefab
  artifactKey: Guid(cc9ca7a722c4fda4c96a0a2fee0b4e12) Importer(2089858483,192608db42251d675da83286b1cce702)
Start importing Assets/Toon Deserted Temples/Prefabs/Background/TFD_BG_Salt_Mountain_01.prefab using Guid(cc9ca7a722c4fda4c96a0a2fee0b4e12) Importer(2089858483,192608db42251d675da83286b1cce702) (ScriptedImporter) -> (artifact id: 'c299139f2435967e359abb837b3156ef') in 0.100104 seconds
Number of updated asset objects reloaded before import = 0Number of asset objects unloaded after import = 8

========================================================================
Received Import Request.
  Time since last request: 0.000071 seconds.
  path: Assets/Toon Deserted Temples/Prefabs/Buildings/Building Kit/TFD_Circular_Stairs_01A_L.prefab
  artifactKey: Guid(f84d7cfb9bec3a14c92e6123f332a939) Importer(2089858483,192608db42251d675da83286b1cce702)
Start importing Assets/Toon Deserted Temples/Prefabs/Buildings/Building Kit/TFD_Circular_Stairs_01A_L.prefab using Guid(f84d7cfb9bec3a14c92e6123f332a939) Importer(2089858483,192608db42251d675da83286b1cce702) (ScriptedImporter) -> (artifact id: 'c48b46c3e3b9c1a9fbc1878fdca590a0') in 0.1180931 seconds
Number of updated asset objects reloaded before import = 0Number of asset objects unloaded after import = 33

========================================================================
Received Import Request.
  Time since last request: 0.000063 seconds.
  path: Assets/Toon Deserted Temples/Prefabs/Candles/TFD_Candles_Edge_03C.prefab
  artifactKey: Guid(1a239aab2445f7f438ef6bec1bbc3e47) Importer(2089858483,192608db42251d675da83286b1cce702)
Start importing Assets/Toon Deserted Temples/Prefabs/Candles/TFD_Candles_Edge_03C.prefab using Guid(1a239aab2445f7f438ef6bec1bbc3e47) Importer(2089858483,192608db42251d675da83286b1cce702) (ScriptedImporter) -> (artifact id: 'a20b94cb1dc10264a585df00ad68155b') in 0.1097207 seconds
Number of updated asset objects reloaded before import = 0Number of asset objects unloaded after import = 275

========================================================================
Received Import Request.
  Time since last request: 0.323766 seconds.
  path: Assets/Toon Deserted Temples/Animations/TFD_Candle_02A_Idle2.anim
  artifactKey: Guid(7d2f38b74f0720741b1329c45beb1d18) Importer(2089858483,192608db42251d675da83286b1cce702)
Start importing Assets/Toon Deserted Temples/Animations/TFD_Candle_02A_Idle2.anim using Guid(7d2f38b74f0720741b1329c45beb1d18) Importer(2089858483,192608db42251d675da83286b1cce702) (ScriptedImporter) -> (artifact id: 'b859bd6113e8eada05fdb180f04a7677') in 0.0655155 seconds
Number of updated asset objects reloaded before import = 0Number of asset objects unloaded after import = 1

========================================================================
Received Import Request.
  Time since last request: 0.000033 seconds.
  path: Assets/Toon Deserted Temples/Prefabs/Candles/TFD_Candle_10C.prefab
  artifactKey: Guid(c0996c8330c4a984aa04e0201e5c6dad) Importer(2089858483,192608db42251d675da83286b1cce702)
Start importing Assets/Toon Deserted Temples/Prefabs/Candles/TFD_Candle_10C.prefab using Guid(c0996c8330c4a984aa04e0201e5c6dad) Importer(2089858483,192608db42251d675da83286b1cce702) (ScriptedImporter) -> (artifact id: 'dbb5f31dc914706072ed96e103b7331f') in 0.1288761 seconds
Number of updated asset objects reloaded before import = 0Number of asset objects unloaded after import = 31

========================================================================
Received Import Request.
  Time since last request: 0.000063 seconds.
  path: Assets/Toon Deserted Temples/Prefabs/Props/TFD_Rubble_01A.prefab
  artifactKey: Guid(177b514545438084c956654e9fa15f3f) Importer(2089858483,192608db42251d675da83286b1cce702)
Start importing Assets/Toon Deserted Temples/Prefabs/Props/TFD_Rubble_01A.prefab using Guid(177b514545438084c956654e9fa15f3f) Importer(2089858483,192608db42251d675da83286b1cce702) (ScriptedImporter) -> (artifact id: '070c332d605d65dfa81e93e8fc1a5cd9') in 0.0754184 seconds
Number of updated asset objects reloaded before import = 0Number of asset objects unloaded after import = 21

========================================================================
Received Import Request.
  Time since last request: 0.000041 seconds.
  path: Assets/Toon Deserted Temples/Models/TFD_Candle_10A.fbx
  artifactKey: Guid(4c74782284359174d9682ac595169e2f) Importer(2089858483,192608db42251d675da83286b1cce702)
Start importing Assets/Toon Deserted Temples/Models/TFD_Candle_10A.fbx using Guid(4c74782284359174d9682ac595169e2f) Importer(2089858483,192608db42251d675da83286b1cce702) (ScriptedImporter) -> (artifact id: '26ff01dbe1e2396a0f194e06f789a524') in 0.0438814 seconds
Number of updated asset objects reloaded before import = 0Number of asset objects unloaded after import = 20

========================================================================
Received Import Request.
  Time since last request: 0.000066 seconds.
  path: Assets/Toon Deserted Temples/Models/TFD_Grass_Patch_03B.fbx
  artifactKey: Guid(16b2c6bd47639fd4f997785e9233b0b2) Importer(2089858483,192608db42251d675da83286b1cce702)
Start importing Assets/Toon Deserted Temples/Models/TFD_Grass_Patch_03B.fbx using Guid(16b2c6bd47639fd4f997785e9233b0b2) Importer(2089858483,192608db42251d675da83286b1cce702) (ScriptedImporter) -> (artifact id: '0737ba733747622c921dd11784e747b3') in 0.0736311 seconds
Number of updated asset objects reloaded before import = 0Number of asset objects unloaded after import = 20

========================================================================
Received Import Request.
  Time since last request: 0.000049 seconds.
  path: Assets/Toon Deserted Temples/Models/TFD_Rubble_01A.fbx
  artifactKey: Guid(8a8fe15025300b24ab7d24f82165242a) Importer(2089858483,192608db42251d675da83286b1cce702)
Start importing Assets/Toon Deserted Temples/Models/TFD_Rubble_01A.fbx using Guid(8a8fe15025300b24ab7d24f82165242a) Importer(2089858483,192608db42251d675da83286b1cce702) (ScriptedImporter) -> (artifact id: '850412951310cd8149fce9019ddfeb48') in 0.0632445 seconds
Number of updated asset objects reloaded before import = 0Number of asset objects unloaded after import = 20

========================================================================
Received Import Request.
  Time since last request: 0.000034 seconds.
  path: Assets/Toon Deserted Temples/Models/TFD_Wax_Drip_06B.fbx
  artifactKey: Guid(8cc85394c1842ae41895415e1ab997f2) Importer(2089858483,192608db42251d675da83286b1cce702)
Start importing Assets/Toon Deserted Temples/Models/TFD_Wax_Drip_06B.fbx using Guid(8cc85394c1842ae41895415e1ab997f2) Importer(2089858483,192608db42251d675da83286b1cce702) (ScriptedImporter) -> (artifact id: '0d518af57e7c49cef0b518d9f4a43b0f') in 0.0771185 seconds
Number of updated asset objects reloaded before import = 0Number of asset objects unloaded after import = 20

========================================================================
Received Import Request.
  Time since last request: 0.000045 seconds.
  path: Assets/Toon Deserted Temples/Prefabs/Buildings/Runes/TFD_Rune_Sides_08A.prefab
  artifactKey: Guid(b571ffaa0cc47d2498832d92224eee4d) Importer(2089858483,192608db42251d675da83286b1cce702)
Start importing Assets/Toon Deserted Temples/Prefabs/Buildings/Runes/TFD_Rune_Sides_08A.prefab using Guid(b571ffaa0cc47d2498832d92224eee4d) Importer(2089858483,192608db42251d675da83286b1cce702) (ScriptedImporter) -> (artifact id: 'd9aa7197eddaabe55c96365ce0ebe85f') in 0.0805151 seconds
Number of updated asset objects reloaded before import = 0Number of asset objects unloaded after import = 28

========================================================================
Received Import Request.
  Time since last request: 0.000048 seconds.
  path: Assets/Toon Deserted Temples/Models/TFD_Rock_Large_16A.fbx
  artifactKey: Guid(c11c6d86f34d2294db2fd04abfa3c444) Importer(2089858483,192608db42251d675da83286b1cce702)
Start importing Assets/Toon Deserted Temples/Models/TFD_Rock_Large_16A.fbx using Guid(c11c6d86f34d2294db2fd04abfa3c444) Importer(2089858483,192608db42251d675da83286b1cce702) (ScriptedImporter) -> (artifact id: '53d10884fcc7f61b2ac79659c31d1f56') in 0.0675447 seconds
Number of updated asset objects reloaded before import = 0Number of asset objects unloaded after import = 30

========================================================================
Received Import Request.
  Time since last request: 0.000052 seconds.
  path: Assets/Toon Deserted Temples/Models/TFD_Scaffolding_03A.fbx
  artifactKey: Guid(ca740b584e4e975458eadcba3dc51843) Importer(2089858483,192608db42251d675da83286b1cce702)
Start importing Assets/Toon Deserted Temples/Models/TFD_Scaffolding_03A.fbx using Guid(ca740b584e4e975458eadcba3dc51843) Importer(2089858483,192608db42251d675da83286b1cce702) (ScriptedImporter) -> (artifact id: 'a12b7ab77dec8d2ea64315aa90418d7b') in 0.0592506 seconds
Number of updated asset objects reloaded before import = 0Number of asset objects unloaded after import = 25

========================================================================
Received Import Request.
  Time since last request: 0.000033 seconds.
  path: Assets/Toon Deserted Temples/Particles/Materials/TFD_Fog_01C.mat
  artifactKey: Guid(158e4c3d040c24342b4a4f8881e95718) Importer(2089858483,192608db42251d675da83286b1cce702)
Start importing Assets/Toon Deserted Temples/Particles/Materials/TFD_Fog_01C.mat using Guid(158e4c3d040c24342b4a4f8881e95718) Importer(2089858483,192608db42251d675da83286b1cce702) (ScriptedImporter) -> (artifact id: '9b17e2a8b54cd0874a379ce55ff9e942') in 0.0671414 seconds
Number of updated asset objects reloaded before import = 0Number of asset objects unloaded after import = 2

========================================================================
Received Import Request.
  Time since last request: 0.000049 seconds.
  path: Assets/Toon Deserted Temples/Prefabs/Props/TFD_Lamp_01A.prefab
  artifactKey: Guid(cb07d29b6d913ed448a88f6369a5ef0d) Importer(2089858483,192608db42251d675da83286b1cce702)
Start importing Assets/Toon Deserted Temples/Prefabs/Props/TFD_Lamp_01A.prefab using Guid(cb07d29b6d913ed448a88f6369a5ef0d) Importer(2089858483,192608db42251d675da83286b1cce702) (ScriptedImporter) -> (artifact id: '0f9fa9454b6c7f784550daeaf0cd455d') in 0.0639631 seconds
Number of updated asset objects reloaded before import = 0Number of asset objects unloaded after import = 30

========================================================================
Received Import Request.
  Time since last request: 0.000031 seconds.
  path: Assets/Toon Deserted Temples/Models/TFD_Palm_Tree_03A.fbx
  artifactKey: Guid(dd99b59e8fd2f3a42a8cac17af502a3e) Importer(2089858483,192608db42251d675da83286b1cce702)
Start importing Assets/Toon Deserted Temples/Models/TFD_Palm_Tree_03A.fbx using Guid(dd99b59e8fd2f3a42a8cac17af502a3e) Importer(2089858483,192608db42251d675da83286b1cce702) (ScriptedImporter) -> (artifact id: 'c2b15482d54e36e17679c2f872101467') in 0.0847227 seconds
Number of updated asset objects reloaded before import = 0Number of asset objects unloaded after import = 30

========================================================================
Received Import Request.
  Time since last request: 0.000041 seconds.
  path: Assets/Toon Deserted Temples/Prefabs/Candles/TFD_Candles_Corner_05A.prefab
  artifactKey: Guid(f26a4dbe98d4155479b1e1458ad66d9d) Importer(2089858483,192608db42251d675da83286b1cce702)
Start importing Assets/Toon Deserted Temples/Prefabs/Candles/TFD_Candles_Corner_05A.prefab using Guid(f26a4dbe98d4155479b1e1458ad66d9d) Importer(2089858483,192608db42251d675da83286b1cce702) (ScriptedImporter) -> (artifact id: 'aa3030e018025225d7c31df038900298') in 0.1537222 seconds
Number of updated asset objects reloaded before import = 0Number of asset objects unloaded after import = 207

========================================================================
Received Import Request.
  Time since last request: 0.000053 seconds.
  path: Assets/Toon Deserted Temples/Terrain/Terrain Textures/TFD_Terrain_Sand_01_SM.png
  artifactKey: Guid(9bc91915441bc9449955784a9e93a155) Importer(2089858483,192608db42251d675da83286b1cce702)
Start importing Assets/Toon Deserted Temples/Terrain/Terrain Textures/TFD_Terrain_Sand_01_SM.png using Guid(9bc91915441bc9449955784a9e93a155) Importer(2089858483,192608db42251d675da83286b1cce702) (ScriptedImporter) -> (artifact id: '2263f6e40257de94349fdde72fbebc4f') in 0.2134618 seconds
Number of updated asset objects reloaded before import = 0Number of asset objects unloaded after import = 1

========================================================================
Received Import Request.
  Time since last request: 0.485574 seconds.
  path: Assets/Toon Deserted Temples/Animations/TFD_Candle_01C_Idle1.anim
  artifactKey: Guid(7831ffb3f87c65a4dbccace9c116dedf) Importer(2089858483,192608db42251d675da83286b1cce702)
Start importing Assets/Toon Deserted Temples/Animations/TFD_Candle_01C_Idle1.anim using Guid(7831ffb3f87c65a4dbccace9c116dedf) Importer(2089858483,192608db42251d675da83286b1cce702) (ScriptedImporter) -> (artifact id: '77d610a73f1755d2e6b6e5a770e40e69') in 0.0381694 seconds
Number of updated asset objects reloaded before import = 0Number of asset objects unloaded after import = 1

========================================================================
Received Import Request.
  Time since last request: 0.000024 seconds.
  path: Assets/Toon Deserted Temples/Models/TFD_Cloth_02C.fbx
  artifactKey: Guid(ee41f559322953b4ebca87eb0cb747e4) Importer(2089858483,192608db42251d675da83286b1cce702)
Start importing Assets/Toon Deserted Temples/Models/TFD_Cloth_02C.fbx using Guid(ee41f559322953b4ebca87eb0cb747e4) Importer(2089858483,192608db42251d675da83286b1cce702) (ScriptedImporter) -> (artifact id: 'ec561407f1ef54be41427394880e9f7a') in 0.0786838 seconds
Number of updated asset objects reloaded before import = 0Number of asset objects unloaded after import = 20

========================================================================
Received Import Request.
  Time since last request: 0.000044 seconds.
  path: Assets/Toon Deserted Temples/Prefabs/Candles/TFD_Candles_Corner_01A.prefab
  artifactKey: Guid(c81a45b3897e0004eac399a115de899d) Importer(2089858483,192608db42251d675da83286b1cce702)
Start importing Assets/Toon Deserted Temples/Prefabs/Candles/TFD_Candles_Corner_01A.prefab using Guid(c81a45b3897e0004eac399a115de899d) Importer(2089858483,192608db42251d675da83286b1cce702) (ScriptedImporter) -> (artifact id: 'd7bd9971e480c5c40d13c9c87a45ef0f') in 0.0746147 seconds
Number of updated asset objects reloaded before import = 0Number of asset objects unloaded after import = 103

========================================================================
Received Import Request.
  Time since last request: 0.000111 seconds.
  path: Assets/Toon Deserted Temples/Animations/TFD_Candle_10C_Idle1.controller
  artifactKey: Guid(59a13a61b0d5a9a41ae7e79137115eb0) Importer(2089858483,192608db42251d675da83286b1cce702)
Start importing Assets/Toon Deserted Temples/Animations/TFD_Candle_10C_Idle1.controller using Guid(59a13a61b0d5a9a41ae7e79137115eb0) Importer(2089858483,192608db42251d675da83286b1cce702) (ScriptedImporter) -> (artifact id: '55ef3dc61df895868cdea7b509d02a2a') in 0.0272268 seconds
Number of updated asset objects reloaded before import = 0Number of asset objects unloaded after import = 8

========================================================================
Received Import Request.
  Time since last request: 0.000026 seconds.
  path: Assets/Toon Deserted Temples/Models/TFD_Head_Entrance_01A.fbx
  artifactKey: Guid(b2c2a23c17f81374183664d899889374) Importer(2089858483,192608db42251d675da83286b1cce702)
Start importing Assets/Toon Deserted Temples/Models/TFD_Head_Entrance_01A.fbx using Guid(b2c2a23c17f81374183664d899889374) Importer(2089858483,192608db42251d675da83286b1cce702) (ScriptedImporter) -> (artifact id: '51869c0586b288d3dc8138d00139e293') in 0.0645031 seconds
Number of updated asset objects reloaded before import = 0Number of asset objects unloaded after import = 49

========================================================================
Received Import Request.
  Time since last request: 0.000061 seconds.
  path: Assets/Toon Deserted Temples/Animations/TFD_Candle_01A_Idle3.controller
  artifactKey: Guid(02d7505874727314eaacd346faad0e7f) Importer(2089858483,192608db42251d675da83286b1cce702)
Start importing Assets/Toon Deserted Temples/Animations/TFD_Candle_01A_Idle3.controller using Guid(02d7505874727314eaacd346faad0e7f) Importer(2089858483,192608db42251d675da83286b1cce702) (ScriptedImporter) -> (artifact id: 'a9377a0cde32cd785732dc2d42d7d5a0') in 0.0650546 seconds
Number of updated asset objects reloaded before import = 0Number of asset objects unloaded after import = 8

========================================================================
Received Import Request.
  Time since last request: 0.000027 seconds.
  path: Assets/Toon Deserted Temples/Prefabs/Buildings/Building Kit/TFD_Pavement_06A.prefab
  artifactKey: Guid(0081268a457237140852cc7dd9686b5d) Importer(2089858483,192608db42251d675da83286b1cce702)
Start importing Assets/Toon Deserted Temples/Prefabs/Buildings/Building Kit/TFD_Pavement_06A.prefab using Guid(0081268a457237140852cc7dd9686b5d) Importer(2089858483,192608db42251d675da83286b1cce702) (ScriptedImporter) -> (artifact id: '1d138cb47f8fafc6185dd397960cef8e') in 0.0798101 seconds
Number of updated asset objects reloaded before import = 0Number of asset objects unloaded after import = 57

========================================================================
Received Import Request.
  Time since last request: 0.000130 seconds.
  path: Assets/Toon Deserted Temples/Models/TFD_Candle_07C.fbx
  artifactKey: Guid(feb48130c49f5254986abad0817ac38e) Importer(2089858483,192608db42251d675da83286b1cce702)
Start importing Assets/Toon Deserted Temples/Models/TFD_Candle_07C.fbx using Guid(feb48130c49f5254986abad0817ac38e) Importer(2089858483,192608db42251d675da83286b1cce702) (ScriptedImporter) -> (artifact id: 'c3d79c7a86d53f0bef96aa119f3cd794') in 0.0614913 seconds
Number of updated asset objects reloaded before import = 0Number of asset objects unloaded after import = 20

========================================================================
Received Import Request.
  Time since last request: 0.000036 seconds.
  path: Assets/Toon Deserted Temples/Animations/TFD_Candle_02C_Idle2.controller
  artifactKey: Guid(0a551946358355f4f802fea312f59584) Importer(2089858483,192608db42251d675da83286b1cce702)
Start importing Assets/Toon Deserted Temples/Animations/TFD_Candle_02C_Idle2.controller using Guid(0a551946358355f4f802fea312f59584) Importer(2089858483,192608db42251d675da83286b1cce702) (ScriptedImporter) -> (artifact id: '38a7d9fb843ae5088ab7e3e3221ab97a') in 0.0597147 seconds
Number of updated asset objects reloaded before import = 0Number of asset objects unloaded after import = 6

========================================================================
Received Import Request.
  Time since last request: 0.000037 seconds.
  path: Assets/Toon Deserted Temples/Animations/TFD_Candle_06A_Idle3.anim
  artifactKey: Guid(d060ae6a217e50141ab5b310a4d3edd4) Importer(2089858483,192608db42251d675da83286b1cce702)
Start importing Assets/Toon Deserted Temples/Animations/TFD_Candle_06A_Idle3.anim using Guid(d060ae6a217e50141ab5b310a4d3edd4) Importer(2089858483,192608db42251d675da83286b1cce702) (ScriptedImporter) -> (artifact id: 'e44a8f4b9d2c1d88fa4c7a83720e189a') in 0.0332515 seconds
Number of updated asset objects reloaded before import = 0Number of asset objects unloaded after import = 1

========================================================================
Received Import Request.
  Time since last request: 0.000046 seconds.
  path: Assets/Toon Deserted Temples/Animations/TFD_Candle_10A_Idle1.anim
  artifactKey: Guid(552f58a148ec31f46ac2aa9b95fdfbd6) Importer(2089858483,192608db42251d675da83286b1cce702)
Start importing Assets/Toon Deserted Temples/Animations/TFD_Candle_10A_Idle1.anim using Guid(552f58a148ec31f46ac2aa9b95fdfbd6) Importer(2089858483,192608db42251d675da83286b1cce702) (ScriptedImporter) -> (artifact id: '5395c02b858b1b7733af7a71d8f92aec') in 0.0285595 seconds
Number of updated asset objects reloaded before import = 0Number of asset objects unloaded after import = 1

========================================================================
Received Import Request.
  Time since last request: 0.000029 seconds.
  path: Assets/Toon Deserted Temples/Models/Materials/TFD_Water_Shallow_01A.mat
  artifactKey: Guid(6416ecd62b6575b45970834fa0a36d1d) Importer(2089858483,192608db42251d675da83286b1cce702)
Start importing Assets/Toon Deserted Temples/Models/Materials/TFD_Water_Shallow_01A.mat using Guid(6416ecd62b6575b45970834fa0a36d1d) Importer(2089858483,192608db42251d675da83286b1cce702) (ScriptedImporter) -> (artifact id: '6997b3de02bced7146d19fdb2b9778cb') in 0.1291152 seconds
Number of updated asset objects reloaded before import = 0Number of asset objects unloaded after import = 5

========================================================================
Received Import Request.
  Time since last request: 0.000039 seconds.
  path: Assets/Toon Deserted Temples/Models/TFD_Column_01A_Module_20.fbx
  artifactKey: Guid(6f0adc1b93844aa42a15021be0891820) Importer(2089858483,192608db42251d675da83286b1cce702)
Start importing Assets/Toon Deserted Temples/Models/TFD_Column_01A_Module_20.fbx using Guid(6f0adc1b93844aa42a15021be0891820) Importer(2089858483,192608db42251d675da83286b1cce702) (ScriptedImporter) -> (artifact id: '2526eb69f65242011dcac96d8edaeae7') in 0.0486699 seconds
Number of updated asset objects reloaded before import = 0Number of asset objects unloaded after import = 25

========================================================================
Received Import Request.
  Time since last request: 0.000051 seconds.
  path: Assets/Toon Deserted Temples/Prefabs/Pottery/TFD_Cup_02B.prefab
  artifactKey: Guid(b770fa9d48e04b64e922b72e1648da57) Importer(2089858483,192608db42251d675da83286b1cce702)
Start importing Assets/Toon Deserted Temples/Prefabs/Pottery/TFD_Cup_02B.prefab using Guid(b770fa9d48e04b64e922b72e1648da57) Importer(2089858483,192608db42251d675da83286b1cce702) (ScriptedImporter) -> (artifact id: 'd759f6d0f42953461870ffd95e94f94a') in 0.0850731 seconds
Number of updated asset objects reloaded before import = 0Number of asset objects unloaded after import = 9

========================================================================
Received Import Request.
  Time since last request: 0.000029 seconds.
  path: Assets/Toon Deserted Temples/Prefabs/Vegetation/Plants/TFD_Grass_Patch_02B.prefab
  artifactKey: Guid(af4bda17e650c2c40b8bb419bd36e1a3) Importer(2089858483,192608db42251d675da83286b1cce702)
Start importing Assets/Toon Deserted Temples/Prefabs/Vegetation/Plants/TFD_Grass_Patch_02B.prefab using Guid(af4bda17e650c2c40b8bb419bd36e1a3) Importer(2089858483,192608db42251d675da83286b1cce702) (ScriptedImporter) -> (artifact id: '46398da8586dce5f9d30a26a74029f88') in 0.0498528 seconds
Number of updated asset objects reloaded before import = 0Number of asset objects unloaded after import = 30

========================================================================
Received Import Request.
  Time since last request: 0.000037 seconds.
  path: Assets/Toon Deserted Temples/Prefabs/Buildings/Building Kit/TFD_Building_Block_06A.prefab
  artifactKey: Guid(08dd30019d83bdf4c98f55e2a0f32d35) Importer(2089858483,192608db42251d675da83286b1cce702)
Start importing Assets/Toon Deserted Temples/Prefabs/Buildings/Building Kit/TFD_Building_Block_06A.prefab using Guid(08dd30019d83bdf4c98f55e2a0f32d35) Importer(2089858483,192608db42251d675da83286b1cce702) (ScriptedImporter) -> (artifact id: '1d1e4f5f5b3812b8a814e22229645cbb') in 0.0657721 seconds
Number of updated asset objects reloaded before import = 0Number of asset objects unloaded after import = 26

========================================================================
Received Import Request.
  Time since last request: 0.000077 seconds.
  path: Assets/Toon Deserted Temples/Models/TFD_Wall_10A.fbx
  artifactKey: Guid(d60efa85ac50f31478bf522a629dcb3d) Importer(2089858483,192608db42251d675da83286b1cce702)
Start importing Assets/Toon Deserted Temples/Models/TFD_Wall_10A.fbx using Guid(d60efa85ac50f31478bf522a629dcb3d) Importer(2089858483,192608db42251d675da83286b1cce702) (ScriptedImporter) -> (artifact id: '5c5a9704c30d3e737cdabfe5d3af97e5') in 0.0649755 seconds
Number of updated asset objects reloaded before import = 0Number of asset objects unloaded after import = 25

========================================================================
Received Import Request.
  Time since last request: 0.000035 seconds.
  path: Assets/Toon Deserted Temples/Animations/TFD_Candle_02B_Idle2.anim
  artifactKey: Guid(11b3c8ed90a37f94d8016c65e3a001d3) Importer(2089858483,192608db42251d675da83286b1cce702)
Start importing Assets/Toon Deserted Temples/Animations/TFD_Candle_02B_Idle2.anim using Guid(11b3c8ed90a37f94d8016c65e3a001d3) Importer(2089858483,192608db42251d675da83286b1cce702) (ScriptedImporter) -> (artifact id: '692843f724fcf8b8ce7307f71eedcbc8') in 0.0333497 seconds
Number of updated asset objects reloaded before import = 0Number of asset objects unloaded after import = 1

========================================================================
Received Import Request.
  Time since last request: 0.000087 seconds.
  path: Assets/Toon Deserted Temples/Prefabs/Buildings/Building Kit/TFD_Column_02A_Module_09.prefab
  artifactKey: Guid(66de8d1f99601c341b47426de12a89d9) Importer(2089858483,192608db42251d675da83286b1cce702)
Start importing Assets/Toon Deserted Temples/Prefabs/Buildings/Building Kit/TFD_Column_02A_Module_09.prefab using Guid(66de8d1f99601c341b47426de12a89d9) Importer(2089858483,192608db42251d675da83286b1cce702) (ScriptedImporter) -> (artifact id: '781555cc1999b0f90c40fba5ca69deea') in 0.0887941 seconds
Number of updated asset objects reloaded before import = 0Number of asset objects unloaded after import = 21

========================================================================
Received Import Request.
  Time since last request: 0.000064 seconds.
  path: Assets/Toon Deserted Temples/Models/TFD_Wax_Drip_15A.fbx
  artifactKey: Guid(1581e06aaf4e1ce47b356cb879d6a109) Importer(2089858483,192608db42251d675da83286b1cce702)
Start importing Assets/Toon Deserted Temples/Models/TFD_Wax_Drip_15A.fbx using Guid(1581e06aaf4e1ce47b356cb879d6a109) Importer(2089858483,192608db42251d675da83286b1cce702) (ScriptedImporter) -> (artifact id: '14e923c489db54973b563709feb26ff0') in 0.0472312 seconds
Number of updated asset objects reloaded before import = 0Number of asset objects unloaded after import = 20

========================================================================
Received Import Request.
  Time since last request: 0.000030 seconds.
  path: Assets/Toon Deserted Temples/Models/TFD_Wax_Drip_11A.fbx
  artifactKey: Guid(44a524d495e8702409caf7fec6a26db1) Importer(2089858483,192608db42251d675da83286b1cce702)
Start importing Assets/Toon Deserted Temples/Models/TFD_Wax_Drip_11A.fbx using Guid(44a524d495e8702409caf7fec6a26db1) Importer(2089858483,192608db42251d675da83286b1cce702) (ScriptedImporter) -> (artifact id: '40c66adfd7f8f2d2f8b421a5f95b829d') in 0.0572129 seconds
Number of updated asset objects reloaded before import = 0Number of asset objects unloaded after import = 20

========================================================================
Received Import Request.
  Time since last request: 0.000033 seconds.
  path: Assets/Toon Deserted Temples/Models/TFD_Column_Vine_04A.fbx
  artifactKey: Guid(393ee6033d6b0874d804e79b3f2845b0) Importer(2089858483,192608db42251d675da83286b1cce702)
Start importing Assets/Toon Deserted Temples/Models/TFD_Column_Vine_04A.fbx using Guid(393ee6033d6b0874d804e79b3f2845b0) Importer(2089858483,192608db42251d675da83286b1cce702) (ScriptedImporter) -> (artifact id: '940e0a207a1c07761d2faa164db50f44') in 0.0437023 seconds
Number of updated asset objects reloaded before import = 0Number of asset objects unloaded after import = 22

========================================================================
Received Import Request.
  Time since last request: 0.000043 seconds.
  path: Assets/Toon Deserted Temples/Prefabs/Vegetation/Plants/TFD_Column_Roots_05A.prefab
  artifactKey: Guid(c1436a6331ff7bc4f999fbefd6e85ec6) Importer(2089858483,192608db42251d675da83286b1cce702)
Start importing Assets/Toon Deserted Temples/Prefabs/Vegetation/Plants/TFD_Column_Roots_05A.prefab using Guid(c1436a6331ff7bc4f999fbefd6e85ec6) Importer(2089858483,192608db42251d675da83286b1cce702) (ScriptedImporter) -> (artifact id: 'c5a5e31c3f291cb2c8b94436874b30c6') in 0.0643466 seconds
Number of updated asset objects reloaded before import = 0Number of asset objects unloaded after import = 20

========================================================================
Received Import Request.
  Time since last request: 0.000048 seconds.
  path: Assets/Toon Deserted Temples/Prefabs/Candles/TFD_Candles_Cluster_02B.prefab
  artifactKey: Guid(054ecbf1a852592478c75ee86ba98490) Importer(2089858483,192608db42251d675da83286b1cce702)
Start importing Assets/Toon Deserted Temples/Prefabs/Candles/TFD_Candles_Cluster_02B.prefab using Guid(054ecbf1a852592478c75ee86ba98490) Importer(2089858483,192608db42251d675da83286b1cce702) (ScriptedImporter) -> (artifact id: '3f112c7f357a43692aaebd1cdc98127b') in 0.0765861 seconds
Number of updated asset objects reloaded before import = 0Number of asset objects unloaded after import = 195

========================================================================
Received Import Request.
  Time since last request: 0.000031 seconds.
  path: Assets/Toon Deserted Temples/Models/TFD_Canyon_Cliff_01A.fbx
  artifactKey: Guid(04247d6a26662ba42b4b016de2e15242) Importer(2089858483,192608db42251d675da83286b1cce702)
Start importing Assets/Toon Deserted Temples/Models/TFD_Canyon_Cliff_01A.fbx using Guid(04247d6a26662ba42b4b016de2e15242) Importer(2089858483,192608db42251d675da83286b1cce702) (ScriptedImporter) -> (artifact id: 'bc7836cfdc4ac0f8ccce4e6ec3844919') in 0.2730134 seconds
Number of updated asset objects reloaded before import = 0Number of asset objects unloaded after import = 35

========================================================================
Received Import Request.
  Time since last request: 0.000049 seconds.
  path: Assets/Toon Deserted Temples/Models/TFD_Gate_01A_Module_05.fbx
  artifactKey: Guid(6a2a5c7231f5ba942832df6a40df0e6d) Importer(2089858483,192608db42251d675da83286b1cce702)
Start importing Assets/Toon Deserted Temples/Models/TFD_Gate_01A_Module_05.fbx using Guid(6a2a5c7231f5ba942832df6a40df0e6d) Importer(2089858483,192608db42251d675da83286b1cce702) (ScriptedImporter) -> (artifact id: '49393113cd3e351fc5ccd22be7203dc2') in 0.0599367 seconds
Number of updated asset objects reloaded before import = 0Number of asset objects unloaded after import = 25

========================================================================
Received Import Request.
  Time since last request: 0.000293 seconds.
  path: Assets/Toon Deserted Temples/Particles/Meshes/TFD_Particle_Quad_04B.prefab
  artifactKey: Guid(800ea7b3880088c4686619d9e708a541) Importer(2089858483,192608db42251d675da83286b1cce702)
Start importing Assets/Toon Deserted Temples/Particles/Meshes/TFD_Particle_Quad_04B.prefab using Guid(800ea7b3880088c4686619d9e708a541) Importer(2089858483,192608db42251d675da83286b1cce702) (ScriptedImporter) -> (artifact id: '127ec8be10d119f0c7c4f3410c6ec75a') in 0.0778484 seconds
Number of updated asset objects reloaded before import = 0Number of asset objects unloaded after import = 8

========================================================================
Received Import Request.
  Time since last request: 0.000031 seconds.
  path: Assets/Toon Deserted Temples/Animations/TFD_Candle_12B_Idle3.anim
  artifactKey: Guid(7a749b5226840c64d979d4249f9d2219) Importer(2089858483,192608db42251d675da83286b1cce702)
Start importing Assets/Toon Deserted Temples/Animations/TFD_Candle_12B_Idle3.anim using Guid(7a749b5226840c64d979d4249f9d2219) Importer(2089858483,192608db42251d675da83286b1cce702) (ScriptedImporter) -> (artifact id: 'b216b20e3815521a77650fb37b100cbb') in 0.0302877 seconds
Number of updated asset objects reloaded before import = 0Number of asset objects unloaded after import = 1

========================================================================
Received Import Request.
  Time since last request: 0.000034 seconds.
  path: Assets/Toon Deserted Temples/Animations/TFD_Candle_04A_Idle1.controller
  artifactKey: Guid(88710c98493f62c4d9fefba1c076a88b) Importer(2089858483,192608db42251d675da83286b1cce702)
Start importing Assets/Toon Deserted Temples/Animations/TFD_Candle_04A_Idle1.controller using Guid(88710c98493f62c4d9fefba1c076a88b) Importer(2089858483,192608db42251d675da83286b1cce702) (ScriptedImporter) -> (artifact id: '5b8bea5e5010f03d8918155a4231767f') in 0.071263 seconds
Number of updated asset objects reloaded before import = 0Number of asset objects unloaded after import = 8

========================================================================
Received Import Request.
  Time since last request: 0.000590 seconds.
  path: Assets/Toon Deserted Temples/Prefabs/Buildings/Building Kit/TFD_Circular_Stairs_02A_R_Underside.prefab
  artifactKey: Guid(090610e2f53e6a84cb9eb09097ec2c32) Importer(2089858483,192608db42251d675da83286b1cce702)
Start importing Assets/Toon Deserted Temples/Prefabs/Buildings/Building Kit/TFD_Circular_Stairs_02A_R_Underside.prefab using Guid(090610e2f53e6a84cb9eb09097ec2c32) Importer(2089858483,192608db42251d675da83286b1cce702) (ScriptedImporter) -> (artifact id: 'cfe8c9a4e65a2386569329ff1dd40334') in 0.065351 seconds
Number of updated asset objects reloaded before import = 0Number of asset objects unloaded after import = 28

========================================================================
Received Import Request.
  Time since last request: 0.000045 seconds.
  path: Assets/Toon Deserted Temples/Animations/TFD_Candle_08A_Idle3.controller
  artifactKey: Guid(7dc4e808ff68ee948bafff90b773b753) Importer(2089858483,192608db42251d675da83286b1cce702)
Start importing Assets/Toon Deserted Temples/Animations/TFD_Candle_08A_Idle3.controller using Guid(7dc4e808ff68ee948bafff90b773b753) Importer(2089858483,192608db42251d675da83286b1cce702) (ScriptedImporter) -> (artifact id: '8157a4e7beb3085f1666785b2dc99bc9') in 0.0446873 seconds
Number of updated asset objects reloaded before import = 0Number of asset objects unloaded after import = 8

========================================================================
Received Import Request.
  Time since last request: 0.000038 seconds.
  path: Assets/Toon Deserted Temples/Prefabs/Pottery/TFD_Urn_Interactable_04A.prefab
  artifactKey: Guid(5c3ed04be048a094692d9954501dbc9e) Importer(2089858483,192608db42251d675da83286b1cce702)
Start importing Assets/Toon Deserted Temples/Prefabs/Pottery/TFD_Urn_Interactable_04A.prefab using Guid(5c3ed04be048a094692d9954501dbc9e) Importer(2089858483,192608db42251d675da83286b1cce702) (ScriptedImporter) -> (artifact id: 'ad0da376ad79b2063499e9a55b5468cb') in 0.0772967 seconds
Number of updated asset objects reloaded before import = 0Number of asset objects unloaded after import = 53

========================================================================
Received Import Request.
  Time since last request: 0.000075 seconds.
  path: Assets/Toon Deserted Temples/Animations/TFD_Candle_05C_Idle2.controller
  artifactKey: Guid(e06f9ed1430f4d843b1cde821fd0ccba) Importer(2089858483,192608db42251d675da83286b1cce702)
Start importing Assets/Toon Deserted Temples/Animations/TFD_Candle_05C_Idle2.controller using Guid(e06f9ed1430f4d843b1cde821fd0ccba) Importer(2089858483,192608db42251d675da83286b1cce702) (ScriptedImporter) -> (artifact id: 'df32ef9bdcaee645fb5e73f004d7ab23') in 0.0707615 seconds
Number of updated asset objects reloaded before import = 0Number of asset objects unloaded after import = 6

========================================================================
Received Import Request.
  Time since last request: 0.000038 seconds.
  path: Assets/Toon Deserted Temples/Models/TFD_Palm_Tree_03C.fbx
  artifactKey: Guid(fc5c8a56d62ff3541a1fd55b95cb9674) Importer(2089858483,192608db42251d675da83286b1cce702)
Start importing Assets/Toon Deserted Temples/Models/TFD_Palm_Tree_03C.fbx using Guid(fc5c8a56d62ff3541a1fd55b95cb9674) Importer(2089858483,192608db42251d675da83286b1cce702) (ScriptedImporter) -> (artifact id: '07648d6462f9645bb02a6215b8940268') in 0.0849102 seconds
Number of updated asset objects reloaded before import = 0Number of asset objects unloaded after import = 30

========================================================================
Received Import Request.
  Time since last request: 0.000055 seconds.
  path: Assets/Toon Deserted Temples/Prefabs/Candles/TFD_Wax_Drip_06A.prefab
  artifactKey: Guid(e932c4e7ef68e3244a77cb0ba536b171) Importer(2089858483,192608db42251d675da83286b1cce702)
Start importing Assets/Toon Deserted Temples/Prefabs/Candles/TFD_Wax_Drip_06A.prefab using Guid(e932c4e7ef68e3244a77cb0ba536b171) Importer(2089858483,192608db42251d675da83286b1cce702) (ScriptedImporter) -> (artifact id: 'c9e104884eb82c6962e8bde32e35af5b') in 0.3504255 seconds
Number of updated asset objects reloaded before import = 0Number of asset objects unloaded after import = 20

========================================================================
Received Import Request.
  Time since last request: 0.000053 seconds.
  path: Assets/Toon Deserted Temples/Terrain/Terrain Brushes/TFD_Terrain_Brush_Dune_02.png
  artifactKey: Guid(e16babf2bfdab2a4497684db00edd56a) Importer(2089858483,192608db42251d675da83286b1cce702)
Start importing Assets/Toon Deserted Temples/Terrain/Terrain Brushes/TFD_Terrain_Brush_Dune_02.png using Guid(e16babf2bfdab2a4497684db00edd56a) Importer(2089858483,192608db42251d675da83286b1cce702) (ScriptedImporter) -> (artifact id: '10af48f984430e22ede42c3dbad0f698') in 0.0703972 seconds
Number of updated asset objects reloaded before import = 0Number of asset objects unloaded after import = 1

========================================================================
Received Import Request.
  Time since last request: 0.000027 seconds.
  path: Assets/Toon Deserted Temples/Models/TFD_Column_Vine_05A.fbx
  artifactKey: Guid(5361bf5912d8b0945b5766908694134d) Importer(2089858483,192608db42251d675da83286b1cce702)
Start importing Assets/Toon Deserted Temples/Models/TFD_Column_Vine_05A.fbx using Guid(5361bf5912d8b0945b5766908694134d) Importer(2089858483,192608db42251d675da83286b1cce702) (ScriptedImporter) -> (artifact id: '57baad63242810d908fbd7c630eca94a') in 0.056724 seconds
Number of updated asset objects reloaded before import = 0Number of asset objects unloaded after import = 20

========================================================================
Received Import Request.
  Time since last request: 0.000090 seconds.
  path: Assets/Toon Deserted Temples/Prefabs/Vegetation/Water Plants/TFD_Water_Lily_04A.prefab
  artifactKey: Guid(eaa63ac6f8f3fdf43ab71b8776562efe) Importer(2089858483,192608db42251d675da83286b1cce702)
Start importing Assets/Toon Deserted Temples/Prefabs/Vegetation/Water Plants/TFD_Water_Lily_04A.prefab using Guid(eaa63ac6f8f3fdf43ab71b8776562efe) Importer(2089858483,192608db42251d675da83286b1cce702) (ScriptedImporter) -> (artifact id: '38272d1160e550ee57c0075a71c4cdf3') in 0.0945251 seconds
Number of updated asset objects reloaded before import = 0Number of asset objects unloaded after import = 20

========================================================================
Received Import Request.
  Time since last request: 0.000057 seconds.
  path: Assets/Toon Deserted Temples/Models/TFD_Tree_03A.fbx
  artifactKey: Guid(1fc754229fa58ec4ab499f38a7781b65) Importer(2089858483,192608db42251d675da83286b1cce702)
Start importing Assets/Toon Deserted Temples/Models/TFD_Tree_03A.fbx using Guid(1fc754229fa58ec4ab499f38a7781b65) Importer(2089858483,192608db42251d675da83286b1cce702) (ScriptedImporter) -> (artifact id: 'c42d7d16595854a947c8ea1085904f14') in 0.0807806 seconds
Number of updated asset objects reloaded before import = 0Number of asset objects unloaded after import = 25

========================================================================
Received Import Request.
  Time since last request: 0.000040 seconds.
  path: Assets/Toon Deserted Temples/Prefabs/Pottery/TFD_Urn_02A.prefab
  artifactKey: Guid(01b87ecb8b701dc4f8ad8e9b6b29ca7d) Importer(2089858483,192608db42251d675da83286b1cce702)
Start importing Assets/Toon Deserted Temples/Prefabs/Pottery/TFD_Urn_02A.prefab using Guid(01b87ecb8b701dc4f8ad8e9b6b29ca7d) Importer(2089858483,192608db42251d675da83286b1cce702) (ScriptedImporter) -> (artifact id: '4571e3b488fc62c1e95c30b3308e7e47') in 0.068819 seconds
Number of updated asset objects reloaded before import = 0Number of asset objects unloaded after import = 21

========================================================================
Received Import Request.
  Time since last request: 0.000055 seconds.
  path: Assets/Toon Deserted Temples/Prefabs/Buildings/Building Kit
  artifactKey: Guid(688191424720bea4d87cb09db00acac4) Importer(2089858483,192608db42251d675da83286b1cce702)
Start importing Assets/Toon Deserted Temples/Prefabs/Buildings/Building Kit using Guid(688191424720bea4d87cb09db00acac4) Importer(2089858483,192608db42251d675da83286b1cce702) (ScriptedImporter) -> (artifact id: 'f90e9dd55e81f95a121fa78b2bac5964') in 0.0241026 seconds
Number of updated asset objects reloaded before import = 0Number of asset objects unloaded after import = 1

========================================================================
Received Import Request.
  Time since last request: 0.000043 seconds.
  path: Assets/Toon Deserted Temples/Animations/TFD_Candle_07A_Idle1.anim
  artifactKey: Guid(d1e59f9550730c145abf82f7d55f9fb9) Importer(2089858483,192608db42251d675da83286b1cce702)
Start importing Assets/Toon Deserted Temples/Animations/TFD_Candle_07A_Idle1.anim using Guid(d1e59f9550730c145abf82f7d55f9fb9) Importer(2089858483,192608db42251d675da83286b1cce702) (ScriptedImporter) -> (artifact id: 'c3f5b367ee5fe8cd7929c776aec06f44') in 0.0312576 seconds
Number of updated asset objects reloaded before import = 0Number of asset objects unloaded after import = 1

========================================================================
Received Import Request.
  Time since last request: 0.000030 seconds.
  path: Assets/Toon Deserted Temples/Animations/TFD_Candle_08A_Idle1.controller
  artifactKey: Guid(546b2fbed3f434547a60b68e826f1622) Importer(2089858483,192608db42251d675da83286b1cce702)
Start importing Assets/Toon Deserted Temples/Animations/TFD_Candle_08A_Idle1.controller using Guid(546b2fbed3f434547a60b68e826f1622) Importer(2089858483,192608db42251d675da83286b1cce702) (ScriptedImporter) -> (artifact id: '47688ccb180c1bddc0b7416824c5d67f') in 0.0488837 seconds
Number of updated asset objects reloaded before import = 0Number of asset objects unloaded after import = 8

========================================================================
Received Import Request.
  Time since last request: 0.000030 seconds.
  path: Assets/Toon Deserted Temples/Animations/TFD_Candle_07A_Idle1.controller
  artifactKey: Guid(6577b1e34156e3543bad62e8ceab6f44) Importer(2089858483,192608db42251d675da83286b1cce702)
Start importing Assets/Toon Deserted Temples/Animations/TFD_Candle_07A_Idle1.controller using Guid(6577b1e34156e3543bad62e8ceab6f44) Importer(2089858483,192608db42251d675da83286b1cce702) (ScriptedImporter) -> (artifact id: 'e29d13829c2090e9be4fedd50aa670ef') in 0.0666336 seconds
Number of updated asset objects reloaded before import = 0Number of asset objects unloaded after import = 8

========================================================================
Received Import Request.
  Time since last request: 0.000034 seconds.
  path: Assets/Toon Deserted Temples/Prefabs/Candles/TFD_Wax_Drip_02B.prefab
  artifactKey: Guid(f9e00734633c1da4d89f7e47f9a1644a) Importer(2089858483,192608db42251d675da83286b1cce702)
Start importing Assets/Toon Deserted Temples/Prefabs/Candles/TFD_Wax_Drip_02B.prefab using Guid(f9e00734633c1da4d89f7e47f9a1644a) Importer(2089858483,192608db42251d675da83286b1cce702) (ScriptedImporter) -> (artifact id: '2cb67e3788b9f9e07b70925eb34bdfb2') in 0.0579052 seconds
Number of updated asset objects reloaded before import = 0Number of asset objects unloaded after import = 20

========================================================================
Received Import Request.
  Time since last request: 0.000054 seconds.
  path: Assets/Toon Deserted Temples/Models/TFD_Pit_01A_Module_02.fbx
  artifactKey: Guid(15f53914c22251143a781e40979bb597) Importer(2089858483,192608db42251d675da83286b1cce702)
Start importing Assets/Toon Deserted Temples/Models/TFD_Pit_01A_Module_02.fbx using Guid(15f53914c22251143a781e40979bb597) Importer(2089858483,192608db42251d675da83286b1cce702) (ScriptedImporter) -> (artifact id: '5bd34a30e2c9b03707eaec8e995ed14c') in 0.0409055 seconds
Number of updated asset objects reloaded before import = 0Number of asset objects unloaded after import = 8

========================================================================
Received Import Request.
  Time since last request: 0.000032 seconds.
  path: Assets/Toon Deserted Temples/Models/TFD_Rock_Large_06A.fbx
  artifactKey: Guid(86ffd478b2c4d0c49b3dee1e7824713a) Importer(2089858483,192608db42251d675da83286b1cce702)
Start importing Assets/Toon Deserted Temples/Models/TFD_Rock_Large_06A.fbx using Guid(86ffd478b2c4d0c49b3dee1e7824713a) Importer(2089858483,192608db42251d675da83286b1cce702) (ScriptedImporter) -> (artifact id: 'edc151ef9f24d82174ed35d37c22a557') in 0.083136 seconds
Number of updated asset objects reloaded before import = 0Number of asset objects unloaded after import = 30

========================================================================
Received Import Request.
  Time since last request: 0.000029 seconds.
  path: Assets/Toon Deserted Temples/Models/TFD_Gold_Sack_02A.fbx
  artifactKey: Guid(ffe6d5669f67d5b46a7233422b10a584) Importer(2089858483,192608db42251d675da83286b1cce702)
Start importing Assets/Toon Deserted Temples/Models/TFD_Gold_Sack_02A.fbx using Guid(ffe6d5669f67d5b46a7233422b10a584) Importer(2089858483,192608db42251d675da83286b1cce702) (ScriptedImporter) -> (artifact id: 'eddfefa5f6d0dff8c0d8054b7ef8ec49') in 0.0461363 seconds
Number of updated asset objects reloaded before import = 0Number of asset objects unloaded after import = 20

========================================================================
Received Import Request.
  Time since last request: 0.000039 seconds.
  path: Assets/Toon Deserted Temples/Prefabs/Candles/TFD_Candles_Edge_04C.prefab
  artifactKey: Guid(e1f90208ed691d24482c9c05d2aef8a3) Importer(2089858483,192608db42251d675da83286b1cce702)
Start importing Assets/Toon Deserted Temples/Prefabs/Candles/TFD_Candles_Edge_04C.prefab using Guid(e1f90208ed691d24482c9c05d2aef8a3) Importer(2089858483,192608db42251d675da83286b1cce702) (ScriptedImporter) -> (artifact id: 'fa2cfaeeecc7607c1cad167a2186adbb') in 0.1050342 seconds
Number of updated asset objects reloaded before import = 0Number of asset objects unloaded after import = 289

========================================================================
Received Import Request.
  Time since last request: 0.000034 seconds.
  path: Assets/Toon Deserted Temples/Models/TFD_Pavement_04A.fbx
  artifactKey: Guid(17608aaf47062974d9d3b4b6da5b45b0) Importer(2089858483,192608db42251d675da83286b1cce702)
Start importing Assets/Toon Deserted Temples/Models/TFD_Pavement_04A.fbx using Guid(17608aaf47062974d9d3b4b6da5b45b0) Importer(2089858483,192608db42251d675da83286b1cce702) (ScriptedImporter) -> (artifact id: 'af8ff031b4e2c4d0cf503806daae7f21') in 0.0498243 seconds
Number of updated asset objects reloaded before import = 0Number of asset objects unloaded after import = 25

========================================================================
Received Import Request.
  Time since last request: 0.000061 seconds.
  path: Assets/Toon Deserted Temples/Models/TFD_Rune_Sides_03A.fbx
  artifactKey: Guid(48d0d1bb07fab714aa42a11b4aabbca5) Importer(2089858483,192608db42251d675da83286b1cce702)
Start importing Assets/Toon Deserted Temples/Models/TFD_Rune_Sides_03A.fbx using Guid(48d0d1bb07fab714aa42a11b4aabbca5) Importer(2089858483,192608db42251d675da83286b1cce702) (ScriptedImporter) -> (artifact id: 'af47d4579de29e02e02ffcb15e85f1a6') in 0.0598785 seconds
Number of updated asset objects reloaded before import = 0Number of asset objects unloaded after import = 27

========================================================================
Received Import Request.
  Time since last request: 0.000037 seconds.
  path: Assets/Toon Deserted Temples/Models/TFD_Giant_Skeleton_Ribcage_02A.fbx
  artifactKey: Guid(8d01e7aa7de633849aee4d18cc345c89) Importer(2089858483,192608db42251d675da83286b1cce702)
Start importing Assets/Toon Deserted Temples/Models/TFD_Giant_Skeleton_Ribcage_02A.fbx using Guid(8d01e7aa7de633849aee4d18cc345c89) Importer(2089858483,192608db42251d675da83286b1cce702) (ScriptedImporter) -> (artifact id: 'c5da57bc097bae08f9f4042525dc45e9') in 0.0790792 seconds
Number of updated asset objects reloaded before import = 0Number of asset objects unloaded after import = 25

========================================================================
Received Import Request.
  Time since last request: 0.000028 seconds.
  path: Assets/Toon Deserted Temples/Textures/Background/TFD_BG_Dunes_02_D.png
  artifactKey: Guid(3b0c70465eafc0146928cbddd02e91d1) Importer(2089858483,192608db42251d675da83286b1cce702)
Start importing Assets/Toon Deserted Temples/Textures/Background/TFD_BG_Dunes_02_D.png using Guid(3b0c70465eafc0146928cbddd02e91d1) Importer(2089858483,192608db42251d675da83286b1cce702) (ScriptedImporter) -> (artifact id: 'bcf0947d17f705ddab312be693c92f77') in 0.0699694 seconds
Number of updated asset objects reloaded before import = 0Number of asset objects unloaded after import = 1

========================================================================
Received Import Request.
  Time since last request: 0.000037 seconds.
  path: Assets/Toon Deserted Temples/Prefabs/Candles/TFD_Candles_Corner_06C.prefab
  artifactKey: Guid(8afac08b3946836478441231dece8f7f) Importer(2089858483,192608db42251d675da83286b1cce702)
Start importing Assets/Toon Deserted Temples/Prefabs/Candles/TFD_Candles_Corner_06C.prefab using Guid(8afac08b3946836478441231dece8f7f) Importer(2089858483,192608db42251d675da83286b1cce702) (ScriptedImporter) -> (artifact id: 'bd516814a68659d04d4fbb3864ed04f7') in 0.08376 seconds
Number of updated asset objects reloaded before import = 0Number of asset objects unloaded after import = 244

========================================================================
Received Import Request.
  Time since last request: 0.000187 seconds.
  path: Assets/Toon Deserted Temples/Terrain/Terrain Textures/Terrain Data
  artifactKey: Guid(ae6573035dfd11243b19e23f79249150) Importer(2089858483,192608db42251d675da83286b1cce702)
Start importing Assets/Toon Deserted Temples/Terrain/Terrain Textures/Terrain Data using Guid(ae6573035dfd11243b19e23f79249150) Importer(2089858483,192608db42251d675da83286b1cce702) (ScriptedImporter) -> (artifact id: '3ed1977d40560091ff0982d471bb1c06') in 0.0245302 seconds
Number of updated asset objects reloaded before import = 0Number of asset objects unloaded after import = 1

========================================================================
Received Import Request.
  Time since last request: 0.000032 seconds.
  path: Assets/Toon Deserted Temples/Prefabs/Buildings/Building Kit/TFD_Column_01A_Module_09.prefab
  artifactKey: Guid(3a104a17071249e44bbfcdf3afe313f3) Importer(2089858483,192608db42251d675da83286b1cce702)
Start importing Assets/Toon Deserted Temples/Prefabs/Buildings/Building Kit/TFD_Column_01A_Module_09.prefab using Guid(3a104a17071249e44bbfcdf3afe313f3) Importer(2089858483,192608db42251d675da83286b1cce702) (ScriptedImporter) -> (artifact id: '88e847891bf757ea9fff6c3d4cf78afa') in 0.0958427 seconds
Number of updated asset objects reloaded before import = 0Number of asset objects unloaded after import = 23

========================================================================
Received Import Request.
  Time since last request: 0.000041 seconds.
  path: Assets/Toon Deserted Temples/Prefabs/Buildings/Runes/TFD_Rune_Sides_03A.prefab
  artifactKey: Guid(204e664f260a1004f8def8ff23dd7a0c) Importer(2089858483,192608db42251d675da83286b1cce702)
Start importing Assets/Toon Deserted Temples/Prefabs/Buildings/Runes/TFD_Rune_Sides_03A.prefab using Guid(204e664f260a1004f8def8ff23dd7a0c) Importer(2089858483,192608db42251d675da83286b1cce702) (ScriptedImporter) -> (artifact id: '0550e7be6ae55f21556bc0dcea94b92e') in 0.0548617 seconds
Number of updated asset objects reloaded before import = 0Number of asset objects unloaded after import = 28

========================================================================
Received Import Request.
  Time since last request: 0.000055 seconds.
  path: Assets/Toon Deserted Temples/Animations/TFD_Candle_04A_Idle3.controller
  artifactKey: Guid(28c488571cdcdd3499075eba962fb3e2) Importer(2089858483,192608db42251d675da83286b1cce702)
Start importing Assets/Toon Deserted Temples/Animations/TFD_Candle_04A_Idle3.controller using Guid(28c488571cdcdd3499075eba962fb3e2) Importer(2089858483,192608db42251d675da83286b1cce702) (ScriptedImporter) -> (artifact id: '54b2527964e371503bcf187558b74af2') in 0.0607656 seconds
Number of updated asset objects reloaded before import = 0Number of asset objects unloaded after import = 8

========================================================================
Received Import Request.
  Time since last request: 0.000039 seconds.
  path: Assets/Toon Deserted Temples/Prefabs/Vegetation/Plants/TFD_Plant_10A.prefab
  artifactKey: Guid(ff1d50164ae0981429ca7e507372bef1) Importer(2089858483,192608db42251d675da83286b1cce702)
Start importing Assets/Toon Deserted Temples/Prefabs/Vegetation/Plants/TFD_Plant_10A.prefab using Guid(ff1d50164ae0981429ca7e507372bef1) Importer(2089858483,192608db42251d675da83286b1cce702) (ScriptedImporter) -> (artifact id: 'ec2790f9767a4311f883746edc21132c') in 0.0534686 seconds
Number of updated asset objects reloaded before import = 0Number of asset objects unloaded after import = 25

========================================================================
Received Import Request.
  Time since last request: 0.000038 seconds.
  path: Assets/Toon Deserted Temples/Prefabs/Rocks/TFD_Rock_Small_10A.prefab
  artifactKey: Guid(60939ab2b0a327d4a8a4d8485cc9d85c) Importer(2089858483,192608db42251d675da83286b1cce702)
Start importing Assets/Toon Deserted Temples/Prefabs/Rocks/TFD_Rock_Small_10A.prefab using Guid(60939ab2b0a327d4a8a4d8485cc9d85c) Importer(2089858483,192608db42251d675da83286b1cce702) (ScriptedImporter) -> (artifact id: 'ef5a1fcf75f54c1713d0b826c2ff5a5c') in 0.0741223 seconds
Number of updated asset objects reloaded before import = 0Number of asset objects unloaded after import = 23

========================================================================
Received Import Request.
  Time since last request: 0.000047 seconds.
  path: Assets/Toon Deserted Temples/Models/TFD_Lamp_02A.fbx
  artifactKey: Guid(b913a1f0c85c171498bbbd0d427ec507) Importer(2089858483,192608db42251d675da83286b1cce702)
Start importing Assets/Toon Deserted Temples/Models/TFD_Lamp_02A.fbx using Guid(b913a1f0c85c171498bbbd0d427ec507) Importer(2089858483,192608db42251d675da83286b1cce702) (ScriptedImporter) -> (artifact id: 'f764b5222e3544c7cb177ec5ef61aea3') in 0.0610427 seconds
Number of updated asset objects reloaded before import = 0Number of asset objects unloaded after import = 27

========================================================================
Received Import Request.
  Time since last request: 0.000024 seconds.
  path: Assets/Toon Deserted Temples/Prefabs/Buildings/Runes/TFD_Rune_10A.prefab
  artifactKey: Guid(5d5c5feda1a9ba44490d09c9735e879a) Importer(2089858483,192608db42251d675da83286b1cce702)
Start importing Assets/Toon Deserted Temples/Prefabs/Buildings/Runes/TFD_Rune_10A.prefab using Guid(5d5c5feda1a9ba44490d09c9735e879a) Importer(2089858483,192608db42251d675da83286b1cce702) (ScriptedImporter) -> (artifact id: '586d06b45d911a2f38a8af07ecf9edd6') in 0.0557492 seconds
Number of updated asset objects reloaded before import = 0Number of asset objects unloaded after import = 28

========================================================================
Received Import Request.
  Time since last request: 0.139454 seconds.
  path: Assets/Toon Deserted Temples/Models/TFD_Rune_Sides_02A.fbx
  artifactKey: Guid(fff80401675da954a8f3262f395c83a9) Importer(2089858483,192608db42251d675da83286b1cce702)
Start importing Assets/Toon Deserted Temples/Models/TFD_Rune_Sides_02A.fbx using Guid(fff80401675da954a8f3262f395c83a9) Importer(2089858483,192608db42251d675da83286b1cce702) (ScriptedImporter) -> (artifact id: '0754e6b2ba7ce1ffd48c640944d155bb') in 0.0656168 seconds
Number of updated asset objects reloaded before import = 0Number of asset objects unloaded after import = 27

========================================================================
Received Import Request.
  Time since last request: 0.000036 seconds.
  path: Assets/Toon Deserted Temples/Prefabs/Buildings/Building Kit/TFD_Column_02A_Module_03.prefab
  artifactKey: Guid(ab12f86dd0b3896489b6cb3c0c465908) Importer(2089858483,192608db42251d675da83286b1cce702)
Start importing Assets/Toon Deserted Temples/Prefabs/Buildings/Building Kit/TFD_Column_02A_Module_03.prefab using Guid(ab12f86dd0b3896489b6cb3c0c465908) Importer(2089858483,192608db42251d675da83286b1cce702) (ScriptedImporter) -> (artifact id: '58b758d4e999d266f38fa575f68d6f63') in 0.0458363 seconds
Number of updated asset objects reloaded before import = 0Number of asset objects unloaded after import = 21

========================================================================
Received Import Request.
  Time since last request: 0.000050 seconds.
  path: Assets/Toon Deserted Temples/Prefabs/Buildings/Building Kit/TFD_Pavement_Dust_02A.prefab
  artifactKey: Guid(6573dfcdfe6a53044b0a2620731519e0) Importer(2089858483,192608db42251d675da83286b1cce702)
Start importing Assets/Toon Deserted Temples/Prefabs/Buildings/Building Kit/TFD_Pavement_Dust_02A.prefab using Guid(6573dfcdfe6a53044b0a2620731519e0) Importer(2089858483,192608db42251d675da83286b1cce702) (ScriptedImporter) -> (artifact id: 'a01daa37b67dc817383722a90baa4b0e') in 0.057458 seconds
Number of updated asset objects reloaded before import = 0Number of asset objects unloaded after import = 16

========================================================================
Received Import Request.
  Time since last request: 0.000029 seconds.
  path: Assets/Toon Deserted Temples/Particles/Textures/TFD_Gradient_Mask_01A.psd
  artifactKey: Guid(171159a9fd68409499c0739515c2a6ec) Importer(2089858483,192608db42251d675da83286b1cce702)
Start importing Assets/Toon Deserted Temples/Particles/Textures/TFD_Gradient_Mask_01A.psd using Guid(171159a9fd68409499c0739515c2a6ec) Importer(2089858483,192608db42251d675da83286b1cce702) (ScriptedImporter) -> (artifact id: '5a58bdd9d4f70e196030d88faa2221bb') in 0.0345952 seconds
Number of updated asset objects reloaded before import = 0Number of asset objects unloaded after import = 1

========================================================================
Received Import Request.
  Time since last request: 0.000024 seconds.
  path: Assets/Toon Deserted Temples/Prefabs/Buildings/Building Kit/TFD_Column_02A_Module_02.prefab
  artifactKey: Guid(587740918ba73ec4998e4774bdd87324) Importer(2089858483,192608db42251d675da83286b1cce702)
Start importing Assets/Toon Deserted Temples/Prefabs/Buildings/Building Kit/TFD_Column_02A_Module_02.prefab using Guid(587740918ba73ec4998e4774bdd87324) Importer(2089858483,192608db42251d675da83286b1cce702) (ScriptedImporter) -> (artifact id: '1cb173a5951af79389d17e8f9db991fe') in 0.0556206 seconds
Number of updated asset objects reloaded before import = 0Number of asset objects unloaded after import = 21

========================================================================
Received Import Request.
  Time since last request: 0.000029 seconds.
  path: Assets/Toon Deserted Temples/Animations/TFD_Candle_05C_Idle2.anim
  artifactKey: Guid(21712c9a953637c479469dda8f18f106) Importer(2089858483,192608db42251d675da83286b1cce702)
Start importing Assets/Toon Deserted Temples/Animations/TFD_Candle_05C_Idle2.anim using Guid(21712c9a953637c479469dda8f18f106) Importer(2089858483,192608db42251d675da83286b1cce702) (ScriptedImporter) -> (artifact id: '1f4d6a46914b5223805c90c2652d4b10') in 0.0350411 seconds
Number of updated asset objects reloaded before import = 0Number of asset objects unloaded after import = 1

========================================================================
Received Import Request.
  Time since last request: 0.000065 seconds.
  path: Assets/Toon Deserted Temples/Models/TFD_Candle_04A.fbx
  artifactKey: Guid(61f4e043d18436b499a62923b5daca09) Importer(2089858483,192608db42251d675da83286b1cce702)
Start importing Assets/Toon Deserted Temples/Models/TFD_Candle_04A.fbx using Guid(61f4e043d18436b499a62923b5daca09) Importer(2089858483,192608db42251d675da83286b1cce702) (ScriptedImporter) -> (artifact id: '75481f3d921710bb2a5cef2d0c369b94') in 0.0551261 seconds
Number of updated asset objects reloaded before import = 0Number of asset objects unloaded after import = 20

========================================================================
Received Import Request.
  Time since last request: 0.000049 seconds.
  path: Assets/Toon Deserted Temples/Models/TFD_Wax_Drip_02A.fbx
  artifactKey: Guid(2af5d675ada3d284c93a22d328f128c8) Importer(2089858483,192608db42251d675da83286b1cce702)
Start importing Assets/Toon Deserted Temples/Models/TFD_Wax_Drip_02A.fbx using Guid(2af5d675ada3d284c93a22d328f128c8) Importer(2089858483,192608db42251d675da83286b1cce702) (ScriptedImporter) -> (artifact id: 'd33fdaf1e9c870927d0b8a56df9f22f9') in 0.0521679 seconds
Number of updated asset objects reloaded before import = 0Number of asset objects unloaded after import = 20

========================================================================
Received Import Request.
  Time since last request: 0.000054 seconds.
  path: Assets/Toon Deserted Temples/Models/TFD_Bowl_03C.fbx
  artifactKey: Guid(b5a34fce2be11094e85d46b33f84e202) Importer(2089858483,192608db42251d675da83286b1cce702)
Start importing Assets/Toon Deserted Temples/Models/TFD_Bowl_03C.fbx using Guid(b5a34fce2be11094e85d46b33f84e202) Importer(2089858483,192608db42251d675da83286b1cce702) (ScriptedImporter) -> (artifact id: '4ed53bf9d4e530a805d4c3972d1ad7de') in 0.0574509 seconds
Number of updated asset objects reloaded before import = 0Number of asset objects unloaded after import = 20

========================================================================
Received Import Request.
  Time since last request: 0.000060 seconds.
  path: Assets/Toon Deserted Temples/Particles/TFD_Fire_Embers_01A.prefab
  artifactKey: Guid(a3711a06dcb162f4897378a955b26756) Importer(2089858483,192608db42251d675da83286b1cce702)
Start importing Assets/Toon Deserted Temples/Particles/TFD_Fire_Embers_01A.prefab using Guid(a3711a06dcb162f4897378a955b26756) Importer(2089858483,192608db42251d675da83286b1cce702) (ScriptedImporter) -> (artifact id: '88ab834daa477fc55280cd999b40a267') in 0.3463344 seconds
Number of updated asset objects reloaded before import = 0Number of asset objects unloaded after import = 7

========================================================================
Received Import Request.
  Time since last request: 0.000041 seconds.
  path: Assets/Toon Deserted Temples/Prefabs/Rocks/TFD_Rock_Large_03A.prefab
  artifactKey: Guid(469047c6146dac64eb1e15a22f0179a3) Importer(2089858483,192608db42251d675da83286b1cce702)
Start importing Assets/Toon Deserted Temples/Prefabs/Rocks/TFD_Rock_Large_03A.prefab using Guid(469047c6146dac64eb1e15a22f0179a3) Importer(2089858483,192608db42251d675da83286b1cce702) (ScriptedImporter) -> (artifact id: 'f2908b318e9de713377771e5c5d2d292') in 0.0707727 seconds
Number of updated asset objects reloaded before import = 0Number of asset objects unloaded after import = 28

========================================================================
Received Import Request.
  Time since last request: 0.000072 seconds.
  path: Assets/Toon Deserted Temples/Models/TFD_Cup_01A.fbx
  artifactKey: Guid(bc4c48fd44f7bdb43a69dbcdb4a8b025) Importer(2089858483,192608db42251d675da83286b1cce702)
Start importing Assets/Toon Deserted Temples/Models/TFD_Cup_01A.fbx using Guid(bc4c48fd44f7bdb43a69dbcdb4a8b025) Importer(2089858483,192608db42251d675da83286b1cce702) (ScriptedImporter) -> (artifact id: '50d1487b998632f2416e4aba18339050') in 0.0383083 seconds
Number of updated asset objects reloaded before import = 0Number of asset objects unloaded after import = 8

========================================================================
Received Import Request.
  Time since last request: 0.000034 seconds.
  path: Assets/Toon Deserted Temples/Prefabs/Props/TFD_Dust_Pile_04B.prefab
  artifactKey: Guid(ca84546fdb0d65c45b167155a1a8249b) Importer(2089858483,192608db42251d675da83286b1cce702)
Start importing Assets/Toon Deserted Temples/Prefabs/Props/TFD_Dust_Pile_04B.prefab using Guid(ca84546fdb0d65c45b167155a1a8249b) Importer(2089858483,192608db42251d675da83286b1cce702) (ScriptedImporter) -> (artifact id: '5e9abfa8b62c623f42c76e1f1217958c') in 0.0779104 seconds
Number of updated asset objects reloaded before import = 0Number of asset objects unloaded after import = 16

========================================================================
Received Import Request.
  Time since last request: 0.000039 seconds.
  path: Assets/Toon Deserted Temples/Models/TFD_Column_01A_Module_10.fbx
  artifactKey: Guid(8ccbd4d717d938b4ba0d234cddcf9632) Importer(2089858483,192608db42251d675da83286b1cce702)
Start importing Assets/Toon Deserted Temples/Models/TFD_Column_01A_Module_10.fbx using Guid(8ccbd4d717d938b4ba0d234cddcf9632) Importer(2089858483,192608db42251d675da83286b1cce702) (ScriptedImporter) -> (artifact id: 'c7ad87b80b9ab855f1b28538730ecbb5') in 0.0535452 seconds
Number of updated asset objects reloaded before import = 0Number of asset objects unloaded after import = 25

========================================================================
Received Import Request.
  Time since last request: 0.000068 seconds.
  path: Assets/Toon Deserted Temples/Models/TFD_Water_Lily_01A.fbx
  artifactKey: Guid(79dedc03d3ba23b4a904cd4269a60875) Importer(2089858483,192608db42251d675da83286b1cce702)
Start importing Assets/Toon Deserted Temples/Models/TFD_Water_Lily_01A.fbx using Guid(79dedc03d3ba23b4a904cd4269a60875) Importer(2089858483,192608db42251d675da83286b1cce702) (ScriptedImporter) -> (artifact id: '1f79d8e1f3cbf97ccdf5f171575869e8') in 0.0404736 seconds
Number of updated asset objects reloaded before import = 0Number of asset objects unloaded after import = 20

========================================================================
Received Import Request.
  Time since last request: 0.000029 seconds.
  path: Assets/Toon Deserted Temples/Models/TFD_Palm_Sapling_02A.fbx
  artifactKey: Guid(6642f8e0fd36134429e58a2e2e1073db) Importer(2089858483,192608db42251d675da83286b1cce702)
Start importing Assets/Toon Deserted Temples/Models/TFD_Palm_Sapling_02A.fbx using Guid(6642f8e0fd36134429e58a2e2e1073db) Importer(2089858483,192608db42251d675da83286b1cce702) (ScriptedImporter) -> (artifact id: '215acbe33ce5fc61b20c7351896d10d0') in 0.0619254 seconds
Number of updated asset objects reloaded before import = 0Number of asset objects unloaded after import = 25

========================================================================
Received Import Request.
  Time since last request: 0.000039 seconds.
  path: Assets/Toon Deserted Temples/Prefabs/Candles/TFD_Candles_Corner_02A.prefab
  artifactKey: Guid(6cadcc4f80fe06346b03c57f4fa43a59) Importer(2089858483,192608db42251d675da83286b1cce702)
Start importing Assets/Toon Deserted Temples/Prefabs/Candles/TFD_Candles_Corner_02A.prefab using Guid(6cadcc4f80fe06346b03c57f4fa43a59) Importer(2089858483,192608db42251d675da83286b1cce702) (ScriptedImporter) -> (artifact id: '96bf70b34776412d0da42a38db920bac') in 0.0834914 seconds
Number of updated asset objects reloaded before import = 0Number of asset objects unloaded after import = 119

========================================================================
Received Import Request.
  Time since last request: 0.000052 seconds.
  path: Assets/Toon Deserted Temples/Models/TFD_Column_01A_Module_11.fbx
  artifactKey: Guid(3717eecb12a7a2b4bb0c370a4ef01dda) Importer(2089858483,192608db42251d675da83286b1cce702)
Start importing Assets/Toon Deserted Temples/Models/TFD_Column_01A_Module_11.fbx using Guid(3717eecb12a7a2b4bb0c370a4ef01dda) Importer(2089858483,192608db42251d675da83286b1cce702) (ScriptedImporter) -> (artifact id: '30b7c21256aff9cb8eb7fc2842dd903a') in 0.0671676 seconds
Number of updated asset objects reloaded before import = 0Number of asset objects unloaded after import = 25

========================================================================
Received Import Request.
  Time since last request: 0.000031 seconds.
  path: Assets/Toon Deserted Temples/Models/TFD_Dust_Pile_04B.fbx
  artifactKey: Guid(a16dc5c509c2ab440be0f16c9c4ac7b8) Importer(2089858483,192608db42251d675da83286b1cce702)
Start importing Assets/Toon Deserted Temples/Models/TFD_Dust_Pile_04B.fbx using Guid(a16dc5c509c2ab440be0f16c9c4ac7b8) Importer(2089858483,192608db42251d675da83286b1cce702) (ScriptedImporter) -> (artifact id: 'cd16b08128093d5bc8dfea47bb5abf73') in 0.0382027 seconds
Number of updated asset objects reloaded before import = 0Number of asset objects unloaded after import = 15

========================================================================
Received Import Request.
  Time since last request: 0.000054 seconds.
  path: Assets/Toon Deserted Temples/Animations/TFD_Candle_12B_Idle1.anim
  artifactKey: Guid(c68990b0a756a194a8c4cc7ec23639c4) Importer(2089858483,192608db42251d675da83286b1cce702)
Start importing Assets/Toon Deserted Temples/Animations/TFD_Candle_12B_Idle1.anim using Guid(c68990b0a756a194a8c4cc7ec23639c4) Importer(2089858483,192608db42251d675da83286b1cce702) (ScriptedImporter) -> (artifact id: '97495f18686a7015172275a7907216ab') in 0.0290485 seconds
Number of updated asset objects reloaded before import = 0Number of asset objects unloaded after import = 1

========================================================================
Received Import Request.
  Time since last request: 0.000065 seconds.
  path: Assets/Toon Deserted Temples/Prefabs/Buildings/Building Kit/TFD_Beam_12A.prefab
  artifactKey: Guid(fbb92c08ec09eb143a757829b8acc787) Importer(2089858483,192608db42251d675da83286b1cce702)
Start importing Assets/Toon Deserted Temples/Prefabs/Buildings/Building Kit/TFD_Beam_12A.prefab using Guid(fbb92c08ec09eb143a757829b8acc787) Importer(2089858483,192608db42251d675da83286b1cce702) (ScriptedImporter) -> (artifact id: '6df150da048bc56ae112a2350f5561ae') in 0.0545709 seconds
Number of updated asset objects reloaded before import = 0Number of asset objects unloaded after import = 26

========================================================================
Received Import Request.
  Time since last request: 0.000023 seconds.
  path: Assets/Toon Deserted Temples/Models/TFD_Palm_Tree_01B.fbx
  artifactKey: Guid(a7f9b30236a2cb64f9c2de4a6bd3b86f) Importer(2089858483,192608db42251d675da83286b1cce702)
Start importing Assets/Toon Deserted Temples/Models/TFD_Palm_Tree_01B.fbx using Guid(a7f9b30236a2cb64f9c2de4a6bd3b86f) Importer(2089858483,192608db42251d675da83286b1cce702) (ScriptedImporter) -> (artifact id: 'a60bcd998a5a3a2b657f912bc446cf75') in 0.0828013 seconds
Number of updated asset objects reloaded before import = 0Number of asset objects unloaded after import = 25

========================================================================
Received Import Request.
  Time since last request: 0.000034 seconds.
  path: Assets/Toon Deserted Temples/Models/TFD_Wax_03A.fbx
  artifactKey: Guid(e5c84fa1ef26d1c418ad80c2fe6c0205) Importer(2089858483,192608db42251d675da83286b1cce702)
Start importing Assets/Toon Deserted Temples/Models/TFD_Wax_03A.fbx using Guid(e5c84fa1ef26d1c418ad80c2fe6c0205) Importer(2089858483,192608db42251d675da83286b1cce702) (ScriptedImporter) -> (artifact id: '882a00d35032c45cb86ccfef9921e267') in 0.0356402 seconds
Number of updated asset objects reloaded before import = 0Number of asset objects unloaded after import = 15

========================================================================
Received Import Request.
  Time since last request: 0.000056 seconds.
  path: Assets/Toon Deserted Temples/Prefabs/Candles/TFD_Candle_11C.prefab
  artifactKey: Guid(d7ec6ad7575f817429afc39b6e9bc114) Importer(2089858483,192608db42251d675da83286b1cce702)
Start importing Assets/Toon Deserted Temples/Prefabs/Candles/TFD_Candle_11C.prefab using Guid(d7ec6ad7575f817429afc39b6e9bc114) Importer(2089858483,192608db42251d675da83286b1cce702) (ScriptedImporter) -> (artifact id: '28254b702bc56d863de8f41e27004a4c') in 0.0902825 seconds
Number of updated asset objects reloaded before import = 0Number of asset objects unloaded after import = 31

========================================================================
Received Import Request.
  Time since last request: 0.000037 seconds.
  path: Assets/Toon Deserted Temples/Prefabs/Pottery/TFD_Urn_Interactable_01A.prefab
  artifactKey: Guid(cb1d9af049b5eba458f222bee4d325d6) Importer(2089858483,192608db42251d675da83286b1cce702)
Start importing Assets/Toon Deserted Temples/Prefabs/Pottery/TFD_Urn_Interactable_01A.prefab using Guid(cb1d9af049b5eba458f222bee4d325d6) Importer(2089858483,192608db42251d675da83286b1cce702) (ScriptedImporter) -> (artifact id: '6e602e6d9c9012c44c3e3ced6a5cc5b0') in 0.0797389 seconds
Number of updated asset objects reloaded before import = 0Number of asset objects unloaded after import = 46

========================================================================
Received Import Request.
  Time since last request: 0.000037 seconds.
  path: Assets/Toon Deserted Temples/Prefabs/Buildings/Building Kit/TFD_Pavement_01A.prefab
  artifactKey: Guid(50d86197e2e35cc47b4c1f4e3cbf9580) Importer(2089858483,192608db42251d675da83286b1cce702)
Start importing Assets/Toon Deserted Temples/Prefabs/Buildings/Building Kit/TFD_Pavement_01A.prefab using Guid(50d86197e2e35cc47b4c1f4e3cbf9580) Importer(2089858483,192608db42251d675da83286b1cce702) (ScriptedImporter) -> (artifact id: '3ad1e500de211b8d9da711ca63d436fb') in 0.112334 seconds
Number of updated asset objects reloaded before import = 0Number of asset objects unloaded after import = 36

========================================================================
Received Import Request.
  Time since last request: 0.000052 seconds.
  path: Assets/Toon Deserted Temples/Prefabs/Props/TFD_Papyrus_01A.prefab
  artifactKey: Guid(4ecbe6180248a00439e9b22f2c2fe1ec) Importer(2089858483,192608db42251d675da83286b1cce702)
Start importing Assets/Toon Deserted Temples/Prefabs/Props/TFD_Papyrus_01A.prefab using Guid(4ecbe6180248a00439e9b22f2c2fe1ec) Importer(2089858483,192608db42251d675da83286b1cce702) (ScriptedImporter) -> (artifact id: '312f569250ecdbe988ddb74fa3eb66fd') in 0.0873732 seconds
Number of updated asset objects reloaded before import = 0Number of asset objects unloaded after import = 9

========================================================================
Received Import Request.
  Time since last request: 0.000035 seconds.
  path: Assets/Toon Deserted Temples/Models/TFD_BG_Desert_Mountain_02.fbx
  artifactKey: Guid(974cd3f1fcbfd494483e306540f23033) Importer(2089858483,192608db42251d675da83286b1cce702)
Start importing Assets/Toon Deserted Temples/Models/TFD_BG_Desert_Mountain_02.fbx using Guid(974cd3f1fcbfd494483e306540f23033) Importer(2089858483,192608db42251d675da83286b1cce702) (ScriptedImporter) -> (artifact id: 'ee0fac81d8acb090ea4c6e012753c981') in 0.0446487 seconds
Number of updated asset objects reloaded before import = 0Number of asset objects unloaded after import = 8

========================================================================
Received Import Request.
  Time since last request: 0.000033 seconds.
  path: Assets/Toon Deserted Temples/Models/TFD_Sack_01A.fbx
  artifactKey: Guid(5fb30057cec5ad54ea65f46a8e97d59e) Importer(2089858483,192608db42251d675da83286b1cce702)
Start importing Assets/Toon Deserted Temples/Models/TFD_Sack_01A.fbx using Guid(5fb30057cec5ad54ea65f46a8e97d59e) Importer(2089858483,192608db42251d675da83286b1cce702) (ScriptedImporter) -> (artifact id: 'f42e1dc8839e73dfaab4c1c78ac72c7f') in 0.049256 seconds
Number of updated asset objects reloaded before import = 0Number of asset objects unloaded after import = 20

========================================================================
Received Import Request.
  Time since last request: 0.000049 seconds.
  path: Assets/Toon Deserted Temples/Models/TFD_Sarcophagus_02A.fbx
  artifactKey: Guid(e8b7a95ad02d3a842add4a299de57b4e) Importer(2089858483,192608db42251d675da83286b1cce702)
Start importing Assets/Toon Deserted Temples/Models/TFD_Sarcophagus_02A.fbx using Guid(e8b7a95ad02d3a842add4a299de57b4e) Importer(2089858483,192608db42251d675da83286b1cce702) (ScriptedImporter) -> (artifact id: 'e4d2604ac824fe454a1aeef192a59973') in 0.0573336 seconds
Number of updated asset objects reloaded before import = 0Number of asset objects unloaded after import = 32

========================================================================
Received Import Request.
  Time since last request: 0.000030 seconds.
  path: Assets/Toon Deserted Temples/Prefabs/Buildings/Building Kit/TFD_Column_01A_Module_17.prefab
  artifactKey: Guid(0eba341df49f8b940ab7513c39f9168f) Importer(2089858483,192608db42251d675da83286b1cce702)
Start importing Assets/Toon Deserted Temples/Prefabs/Buildings/Building Kit/TFD_Column_01A_Module_17.prefab using Guid(0eba341df49f8b940ab7513c39f9168f) Importer(2089858483,192608db42251d675da83286b1cce702) (ScriptedImporter) -> (artifact id: '12189e90c7588ca848d5bddb28007fdf') in 0.0581676 seconds
Number of updated asset objects reloaded before import = 0Number of asset objects unloaded after import = 21

========================================================================
Received Import Request.
  Time since last request: 0.000044 seconds.
  path: Assets/Toon Deserted Temples/Models/TFD_Corbelled_Roof_02A.fbx
  artifactKey: Guid(7a5b57a52991b894aaa17f450170653b) Importer(2089858483,192608db42251d675da83286b1cce702)
Start importing Assets/Toon Deserted Temples/Models/TFD_Corbelled_Roof_02A.fbx using Guid(7a5b57a52991b894aaa17f450170653b) Importer(2089858483,192608db42251d675da83286b1cce702) (ScriptedImporter) -> (artifact id: 'd774e00a18d716e8eb8b8be3b240dd63') in 0.0901441 seconds
Number of updated asset objects reloaded before import = 0Number of asset objects unloaded after import = 30

========================================================================
Received Import Request.
  Time since last request: 0.000062 seconds.
  path: Assets/Toon Deserted Temples/Prefabs/Buildings/Building Kit/TFD_Gate_01A_Module_05.prefab
  artifactKey: Guid(f1d997896cbb645469dd1ef3f5995f64) Importer(2089858483,192608db42251d675da83286b1cce702)
Start importing Assets/Toon Deserted Temples/Prefabs/Buildings/Building Kit/TFD_Gate_01A_Module_05.prefab using Guid(f1d997896cbb645469dd1ef3f5995f64) Importer(2089858483,192608db42251d675da83286b1cce702) (ScriptedImporter) -> (artifact id: '6d7cd33c6e751966e8c14d7aafa384d7') in 0.2112074 seconds
Number of updated asset objects reloaded before import = 0Number of asset objects unloaded after import = 23

========================================================================
Received Import Request.
  Time since last request: 0.000131 seconds.
  path: Assets/Toon Deserted Temples/Models/TFD_Dust_Pile_02C.fbx
  artifactKey: Guid(27cd317e78d9d944a8f4d16f8879d5fa) Importer(2089858483,192608db42251d675da83286b1cce702)
Start importing Assets/Toon Deserted Temples/Models/TFD_Dust_Pile_02C.fbx using Guid(27cd317e78d9d944a8f4d16f8879d5fa) Importer(2089858483,192608db42251d675da83286b1cce702) (ScriptedImporter) -> (artifact id: '083debb2b8e0ee784c0841d35b8f0b3b') in 0.0793925 seconds
Number of updated asset objects reloaded before import = 0Number of asset objects unloaded after import = 15

========================================================================
Received Import Request.
  Time since last request: 0.000043 seconds.
  path: Assets/Toon Deserted Temples/Prefabs/Candles/TFD_Candle_10B.prefab
  artifactKey: Guid(d1b50444a49ce3948ae6d26c21da65e3) Importer(2089858483,192608db42251d675da83286b1cce702)
Start importing Assets/Toon Deserted Temples/Prefabs/Candles/TFD_Candle_10B.prefab using Guid(d1b50444a49ce3948ae6d26c21da65e3) Importer(2089858483,192608db42251d675da83286b1cce702) (ScriptedImporter) -> (artifact id: '35088f9e338bdc7bb31e2e0d5eac2c29') in 0.150392 seconds
Number of updated asset objects reloaded before import = 0Number of asset objects unloaded after import = 31

========================================================================
Received Import Request.
  Time since last request: 0.000041 seconds.
  path: Assets/Toon Deserted Temples/Prefabs/Vegetation/Plants/TFD_Grass_Patch_04B.prefab
  artifactKey: Guid(a6484a70a3f306643a940b90b0987bad) Importer(2089858483,192608db42251d675da83286b1cce702)
Start importing Assets/Toon Deserted Temples/Prefabs/Vegetation/Plants/TFD_Grass_Patch_04B.prefab using Guid(a6484a70a3f306643a940b90b0987bad) Importer(2089858483,192608db42251d675da83286b1cce702) (ScriptedImporter) -> (artifact id: 'e69fb6ef840742075fdeb9f6c036b57d') in 0.09463 seconds
Number of updated asset objects reloaded before import = 0Number of asset objects unloaded after import = 15

========================================================================
Received Import Request.
  Time since last request: 0.000060 seconds.
  path: Assets/Toon Deserted Temples/Models/TFD_Urn_Broken_05A.fbx
  artifactKey: Guid(746d245fcdd988b4ba2386704b88d00b) Importer(2089858483,192608db42251d675da83286b1cce702)
Start importing Assets/Toon Deserted Temples/Models/TFD_Urn_Broken_05A.fbx using Guid(746d245fcdd988b4ba2386704b88d00b) Importer(2089858483,192608db42251d675da83286b1cce702) (ScriptedImporter) -> (artifact id: '8cf750b12acc600b02f0061b49e0f634') in 0.0424458 seconds
Number of updated asset objects reloaded before import = 0Number of asset objects unloaded after import = 8

========================================================================
Received Import Request.
  Time since last request: 0.000064 seconds.
  path: Assets/Toon Deserted Temples/Prefabs/Skeletons/TFD_Giant_Skeleton_Ribcage_02A.prefab
  artifactKey: Guid(196d3b811041ced49992022427a7d7e1) Importer(2089858483,192608db42251d675da83286b1cce702)
Start importing Assets/Toon Deserted Temples/Prefabs/Skeletons/TFD_Giant_Skeleton_Ribcage_02A.prefab using Guid(196d3b811041ced49992022427a7d7e1) Importer(2089858483,192608db42251d675da83286b1cce702) (ScriptedImporter) -> (artifact id: 'c0b2b7610b20793acd924c875c146d91') in 0.0723661 seconds
Number of updated asset objects reloaded before import = 0Number of asset objects unloaded after import = 23

========================================================================
Received Import Request.
  Time since last request: 0.000035 seconds.
  path: Assets/Toon Deserted Temples/Prefabs/Rocks/TFD_Rock_Large_08A.prefab
  artifactKey: Guid(60a9780de6847fc4fa70793621611aef) Importer(2089858483,192608db42251d675da83286b1cce702)
Start importing Assets/Toon Deserted Temples/Prefabs/Rocks/TFD_Rock_Large_08A.prefab using Guid(60a9780de6847fc4fa70793621611aef) Importer(2089858483,192608db42251d675da83286b1cce702) (ScriptedImporter) -> (artifact id: 'd4f33d39d474bb4917ec48ef4658d193') in 0.1268089 seconds
Number of updated asset objects reloaded before import = 0Number of asset objects unloaded after import = 30

========================================================================
Received Import Request.
  Time since last request: 0.000060 seconds.
  path: Assets/Toon Deserted Temples/Models/TFD_Water_Lily_Flower_01A.fbx
  artifactKey: Guid(35bb35de344a2c4498a7aee74bdf5609) Importer(2089858483,192608db42251d675da83286b1cce702)
Start importing Assets/Toon Deserted Temples/Models/TFD_Water_Lily_Flower_01A.fbx using Guid(35bb35de344a2c4498a7aee74bdf5609) Importer(2089858483,192608db42251d675da83286b1cce702) (ScriptedImporter) -> (artifact id: 'd9ea819a456dcc970a890773e7670be7') in 0.0670222 seconds
Number of updated asset objects reloaded before import = 0Number of asset objects unloaded after import = 20

========================================================================
Received Import Request.
  Time since last request: 0.000033 seconds.
  path: Assets/Toon Deserted Temples/Models/Materials/TFD_BG_Desert_Mountain_02.mat
  artifactKey: Guid(a4f3670e03a02664db2d9b50906a3e40) Importer(2089858483,192608db42251d675da83286b1cce702)
Start importing Assets/Toon Deserted Temples/Models/Materials/TFD_BG_Desert_Mountain_02.mat using Guid(a4f3670e03a02664db2d9b50906a3e40) Importer(2089858483,192608db42251d675da83286b1cce702) (ScriptedImporter) -> (artifact id: '5e4ef60bcbc42490d81a9f0ef97439de') in 0.307335 seconds
Number of updated asset objects reloaded before import = 0Number of asset objects unloaded after import = 5

========================================================================
Received Import Request.
  Time since last request: 0.000037 seconds.
  path: Assets/Toon Deserted Temples/Prefabs/Buildings/Building Kit/TFD_Column_01A_Module_22.prefab
  artifactKey: Guid(5a76d36ed445522498c3dab55211d308) Importer(2089858483,192608db42251d675da83286b1cce702)
Start importing Assets/Toon Deserted Temples/Prefabs/Buildings/Building Kit/TFD_Column_01A_Module_22.prefab using Guid(5a76d36ed445522498c3dab55211d308) Importer(2089858483,192608db42251d675da83286b1cce702) (ScriptedImporter) -> (artifact id: '3c22d983f1f0b96db07ca9d8e563fe57') in 0.0979068 seconds
Number of updated asset objects reloaded before import = 0Number of asset objects unloaded after import = 23

========================================================================
Received Import Request.
  Time since last request: 0.000062 seconds.
  path: Assets/Toon Deserted Temples/Animations/TFD_Candle_06C_Idle3.anim
  artifactKey: Guid(434f777dfd49ce74783ff08c2dd2a01c) Importer(2089858483,192608db42251d675da83286b1cce702)
Start importing Assets/Toon Deserted Temples/Animations/TFD_Candle_06C_Idle3.anim using Guid(434f777dfd49ce74783ff08c2dd2a01c) Importer(2089858483,192608db42251d675da83286b1cce702) (ScriptedImporter) -> (artifact id: 'f7e46b8f6467e733bb6d17216aff0d48') in 0.0317074 seconds
Number of updated asset objects reloaded before import = 0Number of asset objects unloaded after import = 1

========================================================================
Received Import Request.
  Time since last request: 0.000029 seconds.
  path: Assets/Toon Deserted Temples/Models/TFD_Canyon_Cliff_02A.fbx
  artifactKey: Guid(0a0e2cc7163071743b6166c9cf75177e) Importer(2089858483,192608db42251d675da83286b1cce702)
Start importing Assets/Toon Deserted Temples/Models/TFD_Canyon_Cliff_02A.fbx using Guid(0a0e2cc7163071743b6166c9cf75177e) Importer(2089858483,192608db42251d675da83286b1cce702) (ScriptedImporter) -> (artifact id: '234c3dbcc82bb0c64d6a6c5f4f7583c4') in 0.0954416 seconds
Number of updated asset objects reloaded before import = 0Number of asset objects unloaded after import = 30

========================================================================
Received Import Request.
  Time since last request: 0.000033 seconds.
  path: Assets/Toon Deserted Temples/Particles/Materials/TFD_Fire_Ember_01A.mat
  artifactKey: Guid(36f9bc029ba424147a1126caa6898640) Importer(2089858483,192608db42251d675da83286b1cce702)
Start importing Assets/Toon Deserted Temples/Particles/Materials/TFD_Fire_Ember_01A.mat using Guid(36f9bc029ba424147a1126caa6898640) Importer(2089858483,192608db42251d675da83286b1cce702) (ScriptedImporter) -> (artifact id: '1d52ee6be616ef4a246f6a8f2d03d55e') in 0.0380012 seconds
Number of updated asset objects reloaded before import = 0Number of asset objects unloaded after import = 2

========================================================================
Received Import Request.
  Time since last request: 0.000050 seconds.
  path: Assets/Toon Deserted Temples/Models/TFD_Bowl_03A.fbx
  artifactKey: Guid(fa2196cd4181d8747beab3e02ffd3f66) Importer(2089858483,192608db42251d675da83286b1cce702)
Start importing Assets/Toon Deserted Temples/Models/TFD_Bowl_03A.fbx using Guid(fa2196cd4181d8747beab3e02ffd3f66) Importer(2089858483,192608db42251d675da83286b1cce702) (ScriptedImporter) -> (artifact id: '0c5604774d73f93bea1cd0ecd88a9514') in 0.0731346 seconds
Number of updated asset objects reloaded before import = 0Number of asset objects unloaded after import = 20

========================================================================
Received Import Request.
  Time since last request: 0.000056 seconds.
  path: Assets/Toon Deserted Temples/Models/TFD_Cloth_01C.fbx
  artifactKey: Guid(6199517cd0547244f85c5cf89fb79025) Importer(2089858483,192608db42251d675da83286b1cce702)
Start importing Assets/Toon Deserted Temples/Models/TFD_Cloth_01C.fbx using Guid(6199517cd0547244f85c5cf89fb79025) Importer(2089858483,192608db42251d675da83286b1cce702) (ScriptedImporter) -> (artifact id: '17bd981255b868c62f5023f35f229512') in 0.1026656 seconds
Number of updated asset objects reloaded before import = 0Number of asset objects unloaded after import = 20

========================================================================
Received Import Request.
  Time since last request: 0.000048 seconds.
  path: Assets/Toon Deserted Temples/Models/TFD_Wall_Vine_01A.fbx
  artifactKey: Guid(5787678833d8c3f448e3477f74810444) Importer(2089858483,192608db42251d675da83286b1cce702)
Start importing Assets/Toon Deserted Temples/Models/TFD_Wall_Vine_01A.fbx using Guid(5787678833d8c3f448e3477f74810444) Importer(2089858483,192608db42251d675da83286b1cce702) (ScriptedImporter) -> (artifact id: 'a5b3a8a3ca96ed8f0aa97e1e20b156f8') in 0.1931542 seconds
Number of updated asset objects reloaded before import = 0Number of asset objects unloaded after import = 22

========================================================================
Received Import Request.
  Time since last request: 0.000052 seconds.
  path: Assets/Toon Deserted Temples/Animations/TFD_Candle_03A_Idle2.controller
  artifactKey: Guid(d6111734d35c1dd4aa13c8f591f036fb) Importer(2089858483,192608db42251d675da83286b1cce702)
Start importing Assets/Toon Deserted Temples/Animations/TFD_Candle_03A_Idle2.controller using Guid(d6111734d35c1dd4aa13c8f591f036fb) Importer(2089858483,192608db42251d675da83286b1cce702) (ScriptedImporter) -> (artifact id: '32327ae0b501cddf6b6e7d01c39350ea') in 0.0645577 seconds
Number of updated asset objects reloaded before import = 0Number of asset objects unloaded after import = 6

========================================================================
Received Import Request.
  Time since last request: 0.000050 seconds.
  path: Assets/Toon Deserted Temples/Particles/Materials/TFD_Foam_02A.mat
  artifactKey: Guid(d5e7f18871085b145883b970b2a5dfb3) Importer(2089858483,192608db42251d675da83286b1cce702)
Start importing Assets/Toon Deserted Temples/Particles/Materials/TFD_Foam_02A.mat using Guid(d5e7f18871085b145883b970b2a5dfb3) Importer(2089858483,192608db42251d675da83286b1cce702) (ScriptedImporter) -> (artifact id: '62e139bd25a3ef4ed840649c3f69956e') in 0.0682869 seconds
Number of updated asset objects reloaded before import = 0Number of asset objects unloaded after import = 3

========================================================================
Received Import Request.
  Time since last request: 0.000025 seconds.
  path: Assets/Toon Deserted Temples/Prefabs/Candles/TFD_Candles_Cluster_01C.prefab
  artifactKey: Guid(4da5c474f2d4d5942ab1b0acff463704) Importer(2089858483,192608db42251d675da83286b1cce702)
Start importing Assets/Toon Deserted Temples/Prefabs/Candles/TFD_Candles_Cluster_01C.prefab using Guid(4da5c474f2d4d5942ab1b0acff463704) Importer(2089858483,192608db42251d675da83286b1cce702) (ScriptedImporter) -> (artifact id: 'eb835001a0b5af9c810f7e118ee54ab0') in 0.0615355 seconds
Number of updated asset objects reloaded before import = 0Number of asset objects unloaded after import = 154

========================================================================
Received Import Request.
  Time since last request: 0.000036 seconds.
  path: Assets/Toon Deserted Temples/Animations/TFD_Trap_02A.controller
  artifactKey: Guid(af988f63c85cb564d88bfb5ab90a373d) Importer(2089858483,192608db42251d675da83286b1cce702)
Start importing Assets/Toon Deserted Temples/Animations/TFD_Trap_02A.controller using Guid(af988f63c85cb564d88bfb5ab90a373d) Importer(2089858483,192608db42251d675da83286b1cce702) (ScriptedImporter) -> (artifact id: '42413019c3d5ec17b196a2f76335adc6') in 0.049006 seconds
Number of updated asset objects reloaded before import = 0Number of asset objects unloaded after import = 4

========================================================================
Received Import Request.
  Time since last request: 0.000050 seconds.
  path: Assets/Toon Deserted Temples/Animations/TFD_Candle_08C_Idle2.controller
  artifactKey: Guid(c93b25eb14ee8654b8d98d0d098d4b6d) Importer(2089858483,192608db42251d675da83286b1cce702)
Start importing Assets/Toon Deserted Temples/Animations/TFD_Candle_08C_Idle2.controller using Guid(c93b25eb14ee8654b8d98d0d098d4b6d) Importer(2089858483,192608db42251d675da83286b1cce702) (ScriptedImporter) -> (artifact id: '6f72d5fb8b6b1b47b9cb1909d6433ad3') in 0.0390731 seconds
Number of updated asset objects reloaded before import = 0Number of asset objects unloaded after import = 6

========================================================================
Received Import Request.
  Time since last request: 0.000038 seconds.
  path: Assets/Toon Deserted Temples/Models/TFD_Dust_Pile_03A.fbx
  artifactKey: Guid(e6b328791e20aa944a8dbb2795d1f09a) Importer(2089858483,192608db42251d675da83286b1cce702)
Start importing Assets/Toon Deserted Temples/Models/TFD_Dust_Pile_03A.fbx using Guid(e6b328791e20aa944a8dbb2795d1f09a) Importer(2089858483,192608db42251d675da83286b1cce702) (ScriptedImporter) -> (artifact id: 'f61369667ec2039af0ac1363f227b45d') in 0.0578397 seconds
Number of updated asset objects reloaded before import = 0Number of asset objects unloaded after import = 15

========================================================================
Received Import Request.
  Time since last request: 0.000050 seconds.
  path: Assets/Toon Deserted Temples/Prefabs/Vegetation/Plants/TFD_Column_Vine_02A.prefab
  artifactKey: Guid(5289008a9675feb4caa55ac4ae66b728) Importer(2089858483,192608db42251d675da83286b1cce702)
Start importing Assets/Toon Deserted Temples/Prefabs/Vegetation/Plants/TFD_Column_Vine_02A.prefab using Guid(5289008a9675feb4caa55ac4ae66b728) Importer(2089858483,192608db42251d675da83286b1cce702) (ScriptedImporter) -> (artifact id: '0caffd8551e147966a45642d9ad72087') in 0.0626696 seconds
Number of updated asset objects reloaded before import = 0Number of asset objects unloaded after import = 20

========================================================================
Received Import Request.
  Time since last request: 0.000637 seconds.
  path: Assets/Toon Deserted Temples/Prefabs/Candles/TFD_Wax_Drip_01C.prefab
  artifactKey: Guid(fe958629ed1933142b00960b78ca6e9c) Importer(2089858483,192608db42251d675da83286b1cce702)
Start importing Assets/Toon Deserted Temples/Prefabs/Candles/TFD_Wax_Drip_01C.prefab using Guid(fe958629ed1933142b00960b78ca6e9c) Importer(2089858483,192608db42251d675da83286b1cce702) (ScriptedImporter) -> (artifact id: 'a0142f89a996d0179129cc662bf7843f') in 0.1102378 seconds
Number of updated asset objects reloaded before import = 0Number of asset objects unloaded after import = 20

========================================================================
Received Import Request.
  Time since last request: 0.000030 seconds.
  path: Assets/Toon Deserted Temples/Prefabs/Vegetation/Plants/TFD_Grass_Patch_01A.prefab
  artifactKey: Guid(e792dad6d737feb4e9850b77e274c2ef) Importer(2089858483,192608db42251d675da83286b1cce702)
Start importing Assets/Toon Deserted Temples/Prefabs/Vegetation/Plants/TFD_Grass_Patch_01A.prefab using Guid(e792dad6d737feb4e9850b77e274c2ef) Importer(2089858483,192608db42251d675da83286b1cce702) (ScriptedImporter) -> (artifact id: '1f792880358d54765fcfbb569342c3bd') in 0.0609534 seconds
Number of updated asset objects reloaded before import = 0Number of asset objects unloaded after import = 30

========================================================================
Received Import Request.
  Time since last request: 0.000049 seconds.
  path: Assets/Toon Deserted Temples/Prefabs/Props/TFD_Blanket_02A.prefab
  artifactKey: Guid(c730a26905d784948a28204bf3804998) Importer(2089858483,192608db42251d675da83286b1cce702)
Start importing Assets/Toon Deserted Temples/Prefabs/Props/TFD_Blanket_02A.prefab using Guid(c730a26905d784948a28204bf3804998) Importer(2089858483,192608db42251d675da83286b1cce702) (ScriptedImporter) -> (artifact id: 'e7d506151f3303c65c9ab434cf3d915f') in 0.0652128 seconds
Number of updated asset objects reloaded before import = 0Number of asset objects unloaded after import = 9

========================================================================
Received Import Request.
  Time since last request: 0.000034 seconds.
  path: Assets/Toon Deserted Temples/Prefabs/Props/TFD_Chest_03A.prefab
  artifactKey: Guid(7e595e6ddcb25324db7a5d0f14a1f4de) Importer(2089858483,192608db42251d675da83286b1cce702)
Start importing Assets/Toon Deserted Temples/Prefabs/Props/TFD_Chest_03A.prefab using Guid(7e595e6ddcb25324db7a5d0f14a1f4de) Importer(2089858483,192608db42251d675da83286b1cce702) (ScriptedImporter) -> (artifact id: '93eddbd6fd2701efadd775c9ee409721') in 0.0799209 seconds
Number of updated asset objects reloaded before import = 0Number of asset objects unloaded after import = 21

========================================================================
Received Import Request.
  Time since last request: 0.000026 seconds.
  path: Assets/Toon Deserted Temples/Models/TFD_Large_Plate_02A.fbx
  artifactKey: Guid(4a0c4a0a47758564e9e912795c0a64a9) Importer(2089858483,192608db42251d675da83286b1cce702)
Start importing Assets/Toon Deserted Temples/Models/TFD_Large_Plate_02A.fbx using Guid(4a0c4a0a47758564e9e912795c0a64a9) Importer(2089858483,192608db42251d675da83286b1cce702) (ScriptedImporter) -> (artifact id: 'faeccd8a26aa2e4bb15166b8069c6689') in 0.0417256 seconds
Number of updated asset objects reloaded before import = 0Number of asset objects unloaded after import = 15

========================================================================
Received Import Request.
  Time since last request: 0.000074 seconds.
  path: Assets/Toon Deserted Temples/Prefabs/Props/TFD_Web_05A.prefab
  artifactKey: Guid(0c3553b3aa96ed34a8b65aaea30cb4ec) Importer(2089858483,192608db42251d675da83286b1cce702)
Start importing Assets/Toon Deserted Temples/Prefabs/Props/TFD_Web_05A.prefab using Guid(0c3553b3aa96ed34a8b65aaea30cb4ec) Importer(2089858483,192608db42251d675da83286b1cce702) (ScriptedImporter) -> (artifact id: 'a5ec0c3cf5eb4776abbd06c2787f6cb1') in 0.1202422 seconds
Number of updated asset objects reloaded before import = 0Number of asset objects unloaded after import = 8

========================================================================
Received Import Request.
  Time since last request: 0.000074 seconds.
  path: Assets/Toon Deserted Temples/Models/TFD_Large_Plate_01A.fbx
  artifactKey: Guid(b3c4c2dd3914b1e4f99ea5d1e2707662) Importer(2089858483,192608db42251d675da83286b1cce702)
Start importing Assets/Toon Deserted Temples/Models/TFD_Large_Plate_01A.fbx using Guid(b3c4c2dd3914b1e4f99ea5d1e2707662) Importer(2089858483,192608db42251d675da83286b1cce702) (ScriptedImporter) -> (artifact id: 'cd615971ba53898bdfab8860c76a9872') in 0.0710737 seconds
Number of updated asset objects reloaded before import = 0Number of asset objects unloaded after import = 15

========================================================================
Received Import Request.
  Time since last request: 0.000051 seconds.
  path: Assets/Toon Deserted Temples/Prefabs/Buildings/Building Kit/TFD_Beam_08A.prefab
  artifactKey: Guid(3865e9331ba3af44883ba7abcdc4dee5) Importer(2089858483,192608db42251d675da83286b1cce702)
Start importing Assets/Toon Deserted Temples/Prefabs/Buildings/Building Kit/TFD_Beam_08A.prefab using Guid(3865e9331ba3af44883ba7abcdc4dee5) Importer(2089858483,192608db42251d675da83286b1cce702) (ScriptedImporter) -> (artifact id: 'e3fd183a81796723fab3e3c9e370ef0b') in 0.0509485 seconds
Number of updated asset objects reloaded before import = 0Number of asset objects unloaded after import = 26

========================================================================
Received Import Request.
  Time since last request: 0.000062 seconds.
  path: Assets/Toon Deserted Temples/Animations/TFD_Floor_Trap_01A 1.controller
  artifactKey: Guid(e552ceba19dd82c4692af34ca836e4e8) Importer(2089858483,192608db42251d675da83286b1cce702)
Start importing Assets/Toon Deserted Temples/Animations/TFD_Floor_Trap_01A 1.controller using Guid(e552ceba19dd82c4692af34ca836e4e8) Importer(2089858483,192608db42251d675da83286b1cce702) (ScriptedImporter) -> (artifact id: '62c3a819e9d7b941d3a2668bb90e5643') in 0.0468545 seconds
Number of updated asset objects reloaded before import = 0Number of asset objects unloaded after import = 4

========================================================================
Received Import Request.
  Time since last request: 0.000027 seconds.
  path: Assets/Toon Deserted Temples/Models/TFD_Wax_Drip_01C.fbx
  artifactKey: Guid(879b5b0cbfdb9454898083300fbf3d11) Importer(2089858483,192608db42251d675da83286b1cce702)
Start importing Assets/Toon Deserted Temples/Models/TFD_Wax_Drip_01C.fbx using Guid(879b5b0cbfdb9454898083300fbf3d11) Importer(2089858483,192608db42251d675da83286b1cce702) (ScriptedImporter) -> (artifact id: '59fae9d6a5521bcf6355585e75c0cb4b') in 0.0481304 seconds
Number of updated asset objects reloaded before import = 0Number of asset objects unloaded after import = 20

========================================================================
Received Import Request.
  Time since last request: 0.000067 seconds.
  path: Assets/Toon Deserted Temples/Prefabs/Vegetation/Trees/TFD_Palm_Sapling_02B.prefab
  artifactKey: Guid(1052fec1b2141ba4081c58cb02f86d9c) Importer(2089858483,192608db42251d675da83286b1cce702)
Start importing Assets/Toon Deserted Temples/Prefabs/Vegetation/Trees/TFD_Palm_Sapling_02B.prefab using Guid(1052fec1b2141ba4081c58cb02f86d9c) Importer(2089858483,192608db42251d675da83286b1cce702) (ScriptedImporter) -> (artifact id: '91eed7b21fa0ad44dcc27ba5b722bee4') in 0.074006 seconds
Number of updated asset objects reloaded before import = 0Number of asset objects unloaded after import = 26

========================================================================
Received Import Request.
  Time since last request: 0.000079 seconds.
  path: Assets/Toon Deserted Temples/Models/TFD_Floating_Debris_02A.fbx
  artifactKey: Guid(88812adcdcae61e439f0a47ba920407b) Importer(2089858483,192608db42251d675da83286b1cce702)
Start importing Assets/Toon Deserted Temples/Models/TFD_Floating_Debris_02A.fbx using Guid(88812adcdcae61e439f0a47ba920407b) Importer(2089858483,192608db42251d675da83286b1cce702) (ScriptedImporter) -> (artifact id: 'f0810755a4c252ce8e0a7958e6e8640c') in 0.0665446 seconds
Number of updated asset objects reloaded before import = 0Number of asset objects unloaded after import = 8

========================================================================
Received Import Request.
  Time since last request: 0.000049 seconds.
  path: Assets/Toon Deserted Temples/Particles/Textures/TFD_Wind_Ember_01A.psd
  artifactKey: Guid(93bb37c697480614a8ea5a9fde838b8a) Importer(2089858483,192608db42251d675da83286b1cce702)
Start importing Assets/Toon Deserted Temples/Particles/Textures/TFD_Wind_Ember_01A.psd using Guid(93bb37c697480614a8ea5a9fde838b8a) Importer(2089858483,192608db42251d675da83286b1cce702) (ScriptedImporter) -> (artifact id: '6ed07bd0b51f135014283efedba6c14e') in 0.0729299 seconds
Number of updated asset objects reloaded before import = 0Number of asset objects unloaded after import = 1

========================================================================
Received Import Request.
  Time since last request: 0.000047 seconds.
  path: Assets/Toon Deserted Temples/Animations/TFD_Candle_07C_Idle3.anim
  artifactKey: Guid(e47b619eac480d544a85fe3de075d54c) Importer(2089858483,192608db42251d675da83286b1cce702)
Start importing Assets/Toon Deserted Temples/Animations/TFD_Candle_07C_Idle3.anim using Guid(e47b619eac480d544a85fe3de075d54c) Importer(2089858483,192608db42251d675da83286b1cce702) (ScriptedImporter) -> (artifact id: '6908ae8bbb06082e3eb5356339136e45') in 0.0464693 seconds
Number of updated asset objects reloaded before import = 0Number of asset objects unloaded after import = 1

========================================================================
Received Import Request.
  Time since last request: 0.000053 seconds.
  path: Assets/Toon Deserted Temples/Particles/TFD_Fog_01A.prefab
  artifactKey: Guid(0a3efa8eb1e38b44a97223a957b7ff9f) Importer(2089858483,192608db42251d675da83286b1cce702)
Start importing Assets/Toon Deserted Temples/Particles/TFD_Fog_01A.prefab using Guid(0a3efa8eb1e38b44a97223a957b7ff9f) Importer(2089858483,192608db42251d675da83286b1cce702) (ScriptedImporter) -> (artifact id: '95cc4e3bd1940b218c747c69593d6697') in 0.2411984 seconds
Number of updated asset objects reloaded before import = 0Number of asset objects unloaded after import = 7

========================================================================
Received Import Request.
  Time since last request: 0.000182 seconds.
  path: Assets/Toon Deserted Temples/Animations/TFD_Head_Entrance_01A_Action.anim
  artifactKey: Guid(455f9710635bb86498c32000648a88ac) Importer(2089858483,192608db42251d675da83286b1cce702)
Start importing Assets/Toon Deserted Temples/Animations/TFD_Head_Entrance_01A_Action.anim using Guid(455f9710635bb86498c32000648a88ac) Importer(2089858483,192608db42251d675da83286b1cce702) (ScriptedImporter) -> (artifact id: '7d829e87f0f55d6509da840f2724b04f') in 0.0601035 seconds
Number of updated asset objects reloaded before import = 0Number of asset objects unloaded after import = 1

========================================================================
Received Import Request.
  Time since last request: 0.000087 seconds.
  path: Assets/Toon Deserted Temples/Models/TFD_Rope_02A.fbx
  artifactKey: Guid(adaa7b886194ab84a93e7fe36a36a4f4) Importer(2089858483,192608db42251d675da83286b1cce702)
Start importing Assets/Toon Deserted Temples/Models/TFD_Rope_02A.fbx using Guid(adaa7b886194ab84a93e7fe36a36a4f4) Importer(2089858483,192608db42251d675da83286b1cce702) (ScriptedImporter) -> (artifact id: 'e2bfef0034932a32c61977b12bf0c60f') in 0.1021946 seconds
Number of updated asset objects reloaded before import = 0Number of asset objects unloaded after import = 10

========================================================================
Received Import Request.
  Time since last request: 0.000047 seconds.
  path: Assets/Toon Deserted Temples/Prefabs/Buildings/Runes/TFD_Rune_Sides_12A.prefab
  artifactKey: Guid(8f51e805d4dc4dd45842cfd14e17938f) Importer(2089858483,192608db42251d675da83286b1cce702)
Start importing Assets/Toon Deserted Temples/Prefabs/Buildings/Runes/TFD_Rune_Sides_12A.prefab using Guid(8f51e805d4dc4dd45842cfd14e17938f) Importer(2089858483,192608db42251d675da83286b1cce702) (ScriptedImporter) -> (artifact id: '44e158c08bd4d17497e4229bd5000028') in 0.1120462 seconds
Number of updated asset objects reloaded before import = 0Number of asset objects unloaded after import = 28

========================================================================
Received Import Request.
  Time since last request: 0.000087 seconds.
  path: Assets/Toon Deserted Temples/Models/TFD_Candle_09C.fbx
  artifactKey: Guid(bec3fd677274d724e83ffc8d8d333d3f) Importer(2089858483,192608db42251d675da83286b1cce702)
Start importing Assets/Toon Deserted Temples/Models/TFD_Candle_09C.fbx using Guid(bec3fd677274d724e83ffc8d8d333d3f) Importer(2089858483,192608db42251d675da83286b1cce702) (ScriptedImporter) -> (artifact id: 'ba9b86f1fa3a123b81984f791b6fb0c4') in 0.065919 seconds
Number of updated asset objects reloaded before import = 0Number of asset objects unloaded after import = 20

========================================================================
Received Import Request.
  Time since last request: 0.000034 seconds.
  path: Assets/Toon Deserted Temples/Particles
  artifactKey: Guid(c242421774995f64ea7d299bbc2926eb) Importer(2089858483,192608db42251d675da83286b1cce702)
Start importing Assets/Toon Deserted Temples/Particles using Guid(c242421774995f64ea7d299bbc2926eb) Importer(2089858483,192608db42251d675da83286b1cce702) (ScriptedImporter) -> (artifact id: '58ed989a750d89f1f048841f327b8d16') in 0.0396278 seconds
Number of updated asset objects reloaded before import = 0Number of asset objects unloaded after import = 1

========================================================================
Received Import Request.
  Time since last request: 0.000063 seconds.
  path: Assets/Toon Deserted Temples/Profiles/TFD_ Demo_04.asset
  artifactKey: Guid(5046a2d5f62fae94f94d1451f826ed43) Importer(2089858483,192608db42251d675da83286b1cce702)
Start importing Assets/Toon Deserted Temples/Profiles/TFD_ Demo_04.asset using Guid(5046a2d5f62fae94f94d1451f826ed43) Importer(2089858483,192608db42251d675da83286b1cce702) (ScriptedImporter) -> (artifact id: '158bb96a52118197f4e238d7292b91e2') in 0.1113383 seconds
Number of updated asset objects reloaded before import = 0Number of asset objects unloaded after import = 8

========================================================================
Received Import Request.
  Time since last request: 0.000094 seconds.
  path: Assets/Toon Deserted Temples/Models/TFD_Wooden_Pillar_05A.fbx
  artifactKey: Guid(db22ddb9ec925e640b70852fe86988f2) Importer(2089858483,192608db42251d675da83286b1cce702)
Start importing Assets/Toon Deserted Temples/Models/TFD_Wooden_Pillar_05A.fbx using Guid(db22ddb9ec925e640b70852fe86988f2) Importer(2089858483,192608db42251d675da83286b1cce702) (ScriptedImporter) -> (artifact id: '16d086ac9424bcf4564a3e00ecffec86') in 0.1023085 seconds
Number of updated asset objects reloaded before import = 0Number of asset objects unloaded after import = 25

========================================================================
Received Import Request.
  Time since last request: 0.000091 seconds.
  path: Assets/Toon Deserted Temples/Models/TFD_Candle_11C.fbx
  artifactKey: Guid(cec3f5eed77e60f4483b6588d2b8b4e1) Importer(2089858483,192608db42251d675da83286b1cce702)
Start importing Assets/Toon Deserted Temples/Models/TFD_Candle_11C.fbx using Guid(cec3f5eed77e60f4483b6588d2b8b4e1) Importer(2089858483,192608db42251d675da83286b1cce702) (ScriptedImporter) -> (artifact id: '5d2381dd8c57003bb2aeae8fdca3bed9') in 0.0670611 seconds
Number of updated asset objects reloaded before import = 0Number of asset objects unloaded after import = 20

========================================================================
Received Import Request.
  Time since last request: 0.000088 seconds.
  path: Assets/Toon Deserted Temples/Prefabs/Candles/TFD_Candles_Corner_04C.prefab
  artifactKey: Guid(7c4e6167440fe4b46b71123341c59cf6) Importer(2089858483,192608db42251d675da83286b1cce702)
Start importing Assets/Toon Deserted Temples/Prefabs/Candles/TFD_Candles_Corner_04C.prefab using Guid(7c4e6167440fe4b46b71123341c59cf6) Importer(2089858483,192608db42251d675da83286b1cce702) (ScriptedImporter) -> (artifact id: '7e9d3288de767485f7399dbac3b85967') in 0.1840453 seconds
Number of updated asset objects reloaded before import = 0Number of asset objects unloaded after import = 166

========================================================================
Received Import Request.
  Time since last request: 0.000054 seconds.
  path: Assets/Toon Deserted Temples/Models/TFD_Palm_Tree_Broken_01A.fbx
  artifactKey: Guid(9dc45c3c587eff34fb0c1591209b3ebc) Importer(2089858483,192608db42251d675da83286b1cce702)
Start importing Assets/Toon Deserted Temples/Models/TFD_Palm_Tree_Broken_01A.fbx using Guid(9dc45c3c587eff34fb0c1591209b3ebc) Importer(2089858483,192608db42251d675da83286b1cce702) (ScriptedImporter) -> (artifact id: '06c40be3d5f69a96ef16013aa9cf2bdf') in 0.1335596 seconds
Number of updated asset objects reloaded before import = 0Number of asset objects unloaded after import = 25

========================================================================
Received Import Request.
  Time since last request: 0.000094 seconds.
  path: Assets/Toon Deserted Temples/Animations/TFD_Candle_06B_Idle1.controller
  artifactKey: Guid(afaea4c1e3d038545abbff8f97aab609) Importer(2089858483,192608db42251d675da83286b1cce702)
Start importing Assets/Toon Deserted Temples/Animations/TFD_Candle_06B_Idle1.controller using Guid(afaea4c1e3d038545abbff8f97aab609) Importer(2089858483,192608db42251d675da83286b1cce702) (ScriptedImporter) -> (artifact id: '73af56b901dd751c2ce5a3e3c2d0bc4c') in 0.061288 seconds
Number of updated asset objects reloaded before import = 0Number of asset objects unloaded after import = 8

========================================================================
Received Import Request.
  Time since last request: 0.000044 seconds.
  path: Assets/MaximeBrunoni
  artifactKey: Guid(ecf13b8536f47a54682551ceb8880422) Importer(2089858483,192608db42251d675da83286b1cce702)
Start importing Assets/MaximeBrunoni using Guid(ecf13b8536f47a54682551ceb8880422) Importer(2089858483,192608db42251d675da83286b1cce702) (ScriptedImporter) -> (artifact id: '9eef8328ea9fd9df0b0d12c4752049a5') in 0.0448781 seconds
Number of updated asset objects reloaded before import = 0Number of asset objects unloaded after import = 1

========================================================================
Received Import Request.
  Time since last request: 0.000063 seconds.
  path: Assets/MaximeBrunoni/CountryHouse/Demo
  artifactKey: Guid(dd99ac090425da8418e750eea300e2cb) Importer(2089858483,192608db42251d675da83286b1cce702)
Start importing Assets/MaximeBrunoni/CountryHouse/Demo using Guid(dd99ac090425da8418e750eea300e2cb) Importer(2089858483,192608db42251d675da83286b1cce702) (ScriptedImporter) -> (artifact id: 'e5fdf0822fcde01b7c55cd84b73f5a90') in 0.0565088 seconds
Number of updated asset objects reloaded before import = 0Number of asset objects unloaded after import = 1

========================================================================
Received Import Request.
  Time since last request: 0.000717 seconds.
  path: Assets/Toon Deserted Temples/Terrain/Terrain Textures/Materials/TFD_Terrain_Sand_02_SM 3.mat
  artifactKey: Guid(04b7f198250118842b661c4e9efe9bee) Importer(2089858483,192608db42251d675da83286b1cce702)
Start importing Assets/Toon Deserted Temples/Terrain/Terrain Textures/Materials/TFD_Terrain_Sand_02_SM 3.mat using Guid(04b7f198250118842b661c4e9efe9bee) Importer(2089858483,192608db42251d675da83286b1cce702) (ScriptedImporter) -> (artifact id: 'eaac7ba082ff4a3e18dca436e2e82325') in 0.364502 seconds
Number of updated asset objects reloaded before import = 0Number of asset objects unloaded after import = 1

========================================================================
Received Import Request.
  Time since last request: 0.000072 seconds.
  path: Assets/MaximeBrunoni/CountryHouse/Prefabs/Socle.prefab
  artifactKey: Guid(0e583f0513805e8429f4d75ac3d8479b) Importer(2089858483,192608db42251d675da83286b1cce702)
Start importing Assets/MaximeBrunoni/CountryHouse/Prefabs/Socle.prefab using Guid(0e583f0513805e8429f4d75ac3d8479b) Importer(2089858483,192608db42251d675da83286b1cce702) (ScriptedImporter) -> (artifact id: 'ba08a269cb1e087a4d780443040a6e75') in 0.1071268 seconds
Number of updated asset objects reloaded before import = 0Number of asset objects unloaded after import = 15

========================================================================
Received Import Request.
  Time since last request: 0.000065 seconds.
  path: Assets/MaximeBrunoni/CountryHouse/Art/Textures/CountryHouse/country_house_01_flaps_Normal.png
  artifactKey: Guid(7cc3d8a362fbd0846b4e3ca2820374d3) Importer(2089858483,192608db42251d675da83286b1cce702)
Start importing Assets/MaximeBrunoni/CountryHouse/Art/Textures/CountryHouse/country_house_01_flaps_Normal.png using Guid(7cc3d8a362fbd0846b4e3ca2820374d3) Importer(2089858483,192608db42251d675da83286b1cce702) (ScriptedImporter) -> (artifact id: 'a47bb0605ef20bfd6b6a977300b541f7') in 0.074754 seconds
Number of updated asset objects reloaded before import = 0Number of asset objects unloaded after import = 1

========================================================================
Received Import Request.
  Time since last request: 0.000030 seconds.
  path: Assets/MaximeBrunoni/CountryHouse/Art/Textures/CountryHouse/country_house_01_top_MetallicSmoothness.png
  artifactKey: Guid(847d9a557e549f7498e26de85af04b3e) Importer(2089858483,192608db42251d675da83286b1cce702)
Start importing Assets/MaximeBrunoni/CountryHouse/Art/Textures/CountryHouse/country_house_01_top_MetallicSmoothness.png using Guid(847d9a557e549f7498e26de85af04b3e) Importer(2089858483,192608db42251d675da83286b1cce702) (ScriptedImporter) -> (artifact id: 'ac382111876e6ef181657e773bf52add') in 0.4906481 seconds
Number of updated asset objects reloaded before import = 0Number of asset objects unloaded after import = 1

========================================================================
Received Import Request.
  Time since last request: 0.000035 seconds.
  path: Assets/Matthew Guz/Status Effects and Auras FREE/Materials/Aura
  artifactKey: Guid(cbd5b0859dea15d45ad652dc9c188743) Importer(2089858483,192608db42251d675da83286b1cce702)
Start importing Assets/Matthew Guz/Status Effects and Auras FREE/Materials/Aura using Guid(cbd5b0859dea15d45ad652dc9c188743) Importer(2089858483,192608db42251d675da83286b1cce702) (ScriptedImporter) -> (artifact id: 'b9142d7cddfbd33022a37a74927436c0') in 0.0288983 seconds
Number of updated asset objects reloaded before import = 0Number of asset objects unloaded after import = 1

========================================================================
Received Import Request.
  Time since last request: 0.000059 seconds.
  path: Assets/Matthew Guz/Status Effects and Auras FREE/Textures/3-Spark.png
  artifactKey: Guid(c449372b45ae6e24a90c85aca379a126) Importer(2089858483,192608db42251d675da83286b1cce702)
Start importing Assets/Matthew Guz/Status Effects and Auras FREE/Textures/3-Spark.png using Guid(c449372b45ae6e24a90c85aca379a126) Importer(2089858483,192608db42251d675da83286b1cce702) (ScriptedImporter) -> (artifact id: 'c54c49608f24bca09ba7508e4fb68f52') in 0.1074524 seconds
Number of updated asset objects reloaded before import = 0Number of asset objects unloaded after import = 1

========================================================================
Received Import Request.
  Time since last request: 0.000044 seconds.
  path: Assets/Matthew Guz/Status Effects and Auras FREE/Materials/Floor
  artifactKey: Guid(ff2b5bf81f95f634f89aea659e3489bd) Importer(2089858483,192608db42251d675da83286b1cce702)
Start importing Assets/Matthew Guz/Status Effects and Auras FREE/Materials/Floor using Guid(ff2b5bf81f95f634f89aea659e3489bd) Importer(2089858483,192608db42251d675da83286b1cce702) (ScriptedImporter) -> (artifact id: '5dbadf13d55645eddf75cd64009ca371') in 0.0392947 seconds
Number of updated asset objects reloaded before import = 0Number of asset objects unloaded after import = 1

========================================================================
Received Import Request.
  Time since last request: 0.000087 seconds.
  path: Assets/Matthew Guz/Status Effects and Auras FREE/Materials/Aura/Smoke.mat
  artifactKey: Guid(d630578da64d6c84da9e9edff43e7446) Importer(2089858483,192608db42251d675da83286b1cce702)
Start importing Assets/Matthew Guz/Status Effects and Auras FREE/Materials/Aura/Smoke.mat using Guid(d630578da64d6c84da9e9edff43e7446) Importer(2089858483,192608db42251d675da83286b1cce702) (ScriptedImporter) -> (artifact id: '88aff88f7e4e231cfee4b3b58b7a9162') in 0.2330372 seconds
Number of updated asset objects reloaded before import = 0Number of asset objects unloaded after import = 1

========================================================================
Received Import Request.
  Time since last request: 0.000044 seconds.
  path: Assets/Matthew Guz/Status Effects and Auras FREE/Materials/Aura Burn/Fire.mat
  artifactKey: Guid(b61fd5928cb23044e96a2a8466b6e540) Importer(2089858483,192608db42251d675da83286b1cce702)
Start importing Assets/Matthew Guz/Status Effects and Auras FREE/Materials/Aura Burn/Fire.mat using Guid(b61fd5928cb23044e96a2a8466b6e540) Importer(2089858483,192608db42251d675da83286b1cce702) (ScriptedImporter) -> (artifact id: '4d40a9c41e5a89c5765b0e9df2a938e5') in 0.0410066 seconds
Number of updated asset objects reloaded before import = 0Number of asset objects unloaded after import = 2

========================================================================
Received Import Request.
  Time since last request: 0.000694 seconds.
  path: Assets/Toon Deserted Temples/Prefabs/Candles/TFD_Wax_Drip_14C.prefab
  artifactKey: Guid(96ffb2daa1d62bb4e9fd5b50570c6be1) Importer(2089858483,192608db42251d675da83286b1cce702)
Start importing Assets/Toon Deserted Temples/Prefabs/Candles/TFD_Wax_Drip_14C.prefab using Guid(96ffb2daa1d62bb4e9fd5b50570c6be1) Importer(2089858483,192608db42251d675da83286b1cce702) (ScriptedImporter) -> (artifact id: '1b7c9aace7e5b7ffedc56bd686575f06') in 0.0876593 seconds
Number of updated asset objects reloaded before import = 0Number of asset objects unloaded after import = 20

========================================================================
Received Import Request.
  Time since last request: 0.000040 seconds.
  path: Assets/Toon Deserted Temples/Prefabs/Rocks/TFD_Canyon_Cliff_03B.prefab
  artifactKey: Guid(e1dec178def571b418b181f3a7a937de) Importer(2089858483,192608db42251d675da83286b1cce702)
Start importing Assets/Toon Deserted Temples/Prefabs/Rocks/TFD_Canyon_Cliff_03B.prefab using Guid(e1dec178def571b418b181f3a7a937de) Importer(2089858483,192608db42251d675da83286b1cce702) (ScriptedImporter) -> (artifact id: 'a5180e556be528b91a79fd5998f2f92f') in 0.0908523 seconds
Number of updated asset objects reloaded before import = 0Number of asset objects unloaded after import = 28

========================================================================
Received Import Request.
  Time since last request: 0.000067 seconds.
  path: Assets/Toon Deserted Temples/Prefabs/Vegetation/Plants/TFD_Wall_Vine_01A.prefab
  artifactKey: Guid(bf893b2adebd9c6489cfc014c3ab09fb) Importer(2089858483,192608db42251d675da83286b1cce702)
Start importing Assets/Toon Deserted Temples/Prefabs/Vegetation/Plants/TFD_Wall_Vine_01A.prefab using Guid(bf893b2adebd9c6489cfc014c3ab09fb) Importer(2089858483,192608db42251d675da83286b1cce702) (ScriptedImporter) -> (artifact id: 'f21ddf6c00e745da6b56262a765b6bf5') in 0.0835221 seconds
Number of updated asset objects reloaded before import = 0Number of asset objects unloaded after import = 20

========================================================================
Received Import Request.
  Time since last request: 0.000086 seconds.
  path: Assets/Toon Deserted Temples/Models/TFD_Urn_03A.fbx
  artifactKey: Guid(d64278dd39225c04d8677ffc58b3ad1f) Importer(2089858483,192608db42251d675da83286b1cce702)
Start importing Assets/Toon Deserted Temples/Models/TFD_Urn_03A.fbx using Guid(d64278dd39225c04d8677ffc58b3ad1f) Importer(2089858483,192608db42251d675da83286b1cce702) (ScriptedImporter) -> (artifact id: 'a9ba0267cd11e5b669d102aaa53195d4') in 0.0761369 seconds
Number of updated asset objects reloaded before import = 0Number of asset objects unloaded after import = 20

========================================================================
Received Import Request.
  Time since last request: 0.000035 seconds.
  path: Assets/Matthew Guz/Slash Effects FREE/Textures/Mesh
  artifactKey: Guid(0cb3c77595e97b74db78a090751f82ee) Importer(2089858483,192608db42251d675da83286b1cce702)
Start importing Assets/Matthew Guz/Slash Effects FREE/Textures/Mesh using Guid(0cb3c77595e97b74db78a090751f82ee) Importer(2089858483,192608db42251d675da83286b1cce702) (ScriptedImporter) -> (artifact id: 'b4566f7b59d76fa5a01df0abd2cbe654') in 0.0304007 seconds
Number of updated asset objects reloaded before import = 0Number of asset objects unloaded after import = 1

========================================================================
Received Import Request.
  Time since last request: 0.000035 seconds.
  path: Assets/Matthew Guz/Slash Effects FREE/Materials/Multiple Slash/Double Slash.mat
  artifactKey: Guid(c6dd35ea83b33d54bbad0f9112008387) Importer(2089858483,192608db42251d675da83286b1cce702)
Start importing Assets/Matthew Guz/Slash Effects FREE/Materials/Multiple Slash/Double Slash.mat using Guid(c6dd35ea83b33d54bbad0f9112008387) Importer(2089858483,192608db42251d675da83286b1cce702) (ScriptedImporter) -> (artifact id: 'ed958b04d37138c999076e4f8ba5dfca') in 0.0734647 seconds
Number of updated asset objects reloaded before import = 0Number of asset objects unloaded after import = 1

========================================================================
Received Import Request.
  Time since last request: 0.000106 seconds.
  path: Assets/Matthew Guz/Slash Effects FREE/Textures/5-Spark.png
  artifactKey: Guid(76ba77e2fa3d56147b17422d78ecf571) Importer(2089858483,192608db42251d675da83286b1cce702)
Start importing Assets/Matthew Guz/Slash Effects FREE/Textures/5-Spark.png using Guid(76ba77e2fa3d56147b17422d78ecf571) Importer(2089858483,192608db42251d675da83286b1cce702) (ScriptedImporter) -> (artifact id: 'f122de7c78495439c6fa44c702a5418e') in 0.1171635 seconds
Number of updated asset objects reloaded before import = 0Number of asset objects unloaded after import = 1

========================================================================
Received Import Request.
  Time since last request: 0.000671 seconds.
  path: Assets/Matthew Guz/Slash Effects FREE/Textures/5-Slash.png
  artifactKey: Guid(db8918f74a0e0364ab3b43f13a6acda0) Importer(2089858483,192608db42251d675da83286b1cce702)
Start importing Assets/Matthew Guz/Slash Effects FREE/Textures/5-Slash.png using Guid(db8918f74a0e0364ab3b43f13a6acda0) Importer(2089858483,192608db42251d675da83286b1cce702) (ScriptedImporter) -> (artifact id: 'ba6aca9f1b6928868878959881537d8b') in 0.1263481 seconds
Number of updated asset objects reloaded before import = 0Number of asset objects unloaded after import = 1

========================================================================
Received Import Request.
  Time since last request: 0.000066 seconds.
  path: Assets/Matthew Guz/Status Effects and Auras FREE
  artifactKey: Guid(2ce34ae46de94b74b9a13908546af017) Importer(2089858483,192608db42251d675da83286b1cce702)
Start importing Assets/Matthew Guz/Status Effects and Auras FREE using Guid(2ce34ae46de94b74b9a13908546af017) Importer(2089858483,192608db42251d675da83286b1cce702) (ScriptedImporter) -> (artifact id: '56e8595c428a202b39c694d6f33c801a') in 0.0716725 seconds
Number of updated asset objects reloaded before import = 0Number of asset objects unloaded after import = 1

========================================================================
Received Import Request.
  Time since last request: 0.000203 seconds.
  path: Assets/Matthew Guz/Status Effects and Auras FREE/Materials/Aura Smoke/Sparks.mat
  artifactKey: Guid(118ec1fadbfcbe84295f525fd0639e09) Importer(2089858483,192608db42251d675da83286b1cce702)
Start importing Assets/Matthew Guz/Status Effects and Auras FREE/Materials/Aura Smoke/Sparks.mat using Guid(118ec1fadbfcbe84295f525fd0639e09) Importer(2089858483,192608db42251d675da83286b1cce702) (ScriptedImporter) -> (artifact id: '14ce9564c0bd9b42616092eca76c6110') in 0.0510662 seconds
Number of updated asset objects reloaded before import = 0Number of asset objects unloaded after import = 2

========================================================================
Received Import Request.
  Time since last request: 0.000050 seconds.
  path: Assets/Toon Deserted Temples/Models/TFD_Wax_Drip_08C.fbx
  artifactKey: Guid(6d6eed21f685e604c9a4835169444387) Importer(2089858483,192608db42251d675da83286b1cce702)
Start importing Assets/Toon Deserted Temples/Models/TFD_Wax_Drip_08C.fbx using Guid(6d6eed21f685e604c9a4835169444387) Importer(2089858483,192608db42251d675da83286b1cce702) (ScriptedImporter) -> (artifact id: 'a1956b504f6fe4cc11b41002eb3d4955') in 0.0913006 seconds
Number of updated asset objects reloaded before import = 0Number of asset objects unloaded after import = 20

========================================================================
Received Import Request.
  Time since last request: 0.000071 seconds.
  path: Assets/Toon Deserted Temples/Models/TFD_Urn_Interactable_06A.fbx
  artifactKey: Guid(685ff4b055e297f4fba4d4bfad9a4bb6) Importer(2089858483,192608db42251d675da83286b1cce702)
Start importing Assets/Toon Deserted Temples/Models/TFD_Urn_Interactable_06A.fbx using Guid(685ff4b055e297f4fba4d4bfad9a4bb6) Importer(2089858483,192608db42251d675da83286b1cce702) (ScriptedImporter) -> (artifact id: '3b303e745353c23ac754fbd5e0dcdf2a') in 0.1299775 seconds
Number of updated asset objects reloaded before import = 0Number of asset objects unloaded after import = 44

========================================================================
Received Import Request.
  Time since last request: 0.000046 seconds.
  path: Assets/Toon Deserted Temples/Models/TFD_Beam_01A.fbx
  artifactKey: Guid(6aa3c2965a76b2b4f87d69a0f0c03258) Importer(2089858483,192608db42251d675da83286b1cce702)
Start importing Assets/Toon Deserted Temples/Models/TFD_Beam_01A.fbx using Guid(6aa3c2965a76b2b4f87d69a0f0c03258) Importer(2089858483,192608db42251d675da83286b1cce702) (ScriptedImporter) -> (artifact id: '90067d771224a8ada801fe765fb294fc') in 0.0669239 seconds
Number of updated asset objects reloaded before import = 0Number of asset objects unloaded after import = 25

========================================================================
Received Import Request.
  Time since last request: 0.000065 seconds.
  path: Assets/Matthew Guz/Status Effects and Auras FREE/Prefab/Aura .prefab
  artifactKey: Guid(0e1cda1849280884a99fa85ea45ffbbc) Importer(2089858483,192608db42251d675da83286b1cce702)
Start importing Assets/Matthew Guz/Status Effects and Auras FREE/Prefab/Aura .prefab using Guid(0e1cda1849280884a99fa85ea45ffbbc) Importer(2089858483,192608db42251d675da83286b1cce702) (ScriptedImporter) -> (artifact id: '372795fa2531a5ac8cabda67f63e6180') in 0.185954 seconds
Number of updated asset objects reloaded before import = 0Number of asset objects unloaded after import = 7

========================================================================
Received Import Request.
  Time since last request: 0.000051 seconds.
  path: Assets/Matthew Guz/Slash Effects FREE
  artifactKey: Guid(5e280f95212eb0a4284dc4a2d7166ccd) Importer(2089858483,192608db42251d675da83286b1cce702)
Start importing Assets/Matthew Guz/Slash Effects FREE using Guid(5e280f95212eb0a4284dc4a2d7166ccd) Importer(2089858483,192608db42251d675da83286b1cce702) (ScriptedImporter) -> (artifact id: '2b68e57298c9c85e8613a466c267a338') in 0.0331814 seconds
Number of updated asset objects reloaded before import = 0Number of asset objects unloaded after import = 1

========================================================================
Received Import Request.
  Time since last request: 0.000063 seconds.
  path: Assets/Hovl Studio/Magic effects pack/Prefabs/AoE effects/AoE slash orange.prefab
  artifactKey: Guid(1336648bc1d8baf46a4515860950c9d4) Importer(2089858483,192608db42251d675da83286b1cce702)
Start importing Assets/Hovl Studio/Magic effects pack/Prefabs/AoE effects/AoE slash orange.prefab using Guid(1336648bc1d8baf46a4515860950c9d4) Importer(2089858483,192608db42251d675da83286b1cce702) (ScriptedImporter) -> (artifact id: 'f1475118dfede312afefe4ed7b17732e') in 0.3802688 seconds
Number of updated asset objects reloaded before import = 0Number of asset objects unloaded after import = 27

========================================================================
Received Import Request.
  Time since last request: 0.000040 seconds.
  path: Assets/Matthew Guz/Status Effects and Auras FREE/Scripts/Prefab Manager.cs
  artifactKey: Guid(01b30bb243622764e98b9d96ad37b33a) Importer(2089858483,192608db42251d675da83286b1cce702)
Start importing Assets/Matthew Guz/Status Effects and Auras FREE/Scripts/Prefab Manager.cs using Guid(01b30bb243622764e98b9d96ad37b33a) Importer(2089858483,192608db42251d675da83286b1cce702) (ScriptedImporter) -> (artifact id: '7b70143ce3e7620603913282ad9fbcf8') in 0.1097162 seconds
Number of updated asset objects reloaded before import = 0Number of asset objects unloaded after import = 0

========================================================================
Received Import Request.
  Time since last request: 0.000080 seconds.
  path: Assets/Hovl Studio/Magic effects pack/Prefabs/Character auras/Debuff.prefab
  artifactKey: Guid(a58aa9a78f2b45b45bb0f3e2e1e3ad3c) Importer(2089858483,192608db42251d675da83286b1cce702)
Start importing Assets/Hovl Studio/Magic effects pack/Prefabs/Character auras/Debuff.prefab using Guid(a58aa9a78f2b45b45bb0f3e2e1e3ad3c) Importer(2089858483,192608db42251d675da83286b1cce702) (ScriptedImporter) -> (artifact id: '22a8eeeb9c7e0410ed50722947f193a0') in 0.2047058 seconds
Number of updated asset objects reloaded before import = 0Number of asset objects unloaded after import = 19

========================================================================
Received Import Request.
  Time since last request: 0.000039 seconds.
  path: Assets/Matthew Guz/Slash Effects FREE/Textures/Mesh/Slash1.fbx
  artifactKey: Guid(9b070b1b446bd0f45b356f1bf631f2fe) Importer(2089858483,192608db42251d675da83286b1cce702)
Start importing Assets/Matthew Guz/Slash Effects FREE/Textures/Mesh/Slash1.fbx using Guid(9b070b1b446bd0f45b356f1bf631f2fe) Importer(2089858483,192608db42251d675da83286b1cce702) (ScriptedImporter) -> (artifact id: '7de2acdee7ebee46edbfed95c9f66074') in 0.0723138 seconds
Number of updated asset objects reloaded before import = 0Number of asset objects unloaded after import = 7

========================================================================
Received Import Request.
  Time since last request: 0.000099 seconds.
  path: Assets/Matthew Guz/Slash Effects FREE/Scene Demo/Slash Scene Demo_Profiles
  artifactKey: Guid(3d35b4f918133bd48a9d78607056ceeb) Importer(2089858483,192608db42251d675da83286b1cce702)
Start importing Assets/Matthew Guz/Slash Effects FREE/Scene Demo/Slash Scene Demo_Profiles using Guid(3d35b4f918133bd48a9d78607056ceeb) Importer(2089858483,192608db42251d675da83286b1cce702) (ScriptedImporter) -> (artifact id: '0c406afc429c7490c86f1f7e4126f9e9') in 0.0326015 seconds
Number of updated asset objects reloaded before import = 0Number of asset objects unloaded after import = 1

========================================================================
Received Import Request.
  Time since last request: 0.000067 seconds.
  path: Assets/Hovl Studio/Magic effects pack/Textures/Mask1.png
  artifactKey: Guid(c829f3f833484ac45b5b9150cb06631c) Importer(2089858483,192608db42251d675da83286b1cce702)
Start importing Assets/Hovl Studio/Magic effects pack/Textures/Mask1.png using Guid(c829f3f833484ac45b5b9150cb06631c) Importer(2089858483,192608db42251d675da83286b1cce702) (ScriptedImporter) -> (artifact id: 'cd3cc61c51f740301d3ea1db9f10687d') in 0.098475 seconds
Number of updated asset objects reloaded before import = 0Number of asset objects unloaded after import = 1

========================================================================
Received Import Request.
  Time since last request: 0.000039 seconds.
  path: Assets/Hovl Studio/Magic effects pack/Materials/DistortionPoint.mat
  artifactKey: Guid(fe8d615cbaec71545b42f9163243b02d) Importer(2089858483,192608db42251d675da83286b1cce702)
Start importing Assets/Hovl Studio/Magic effects pack/Materials/DistortionPoint.mat using Guid(fe8d615cbaec71545b42f9163243b02d) Importer(2089858483,192608db42251d675da83286b1cce702) (ScriptedImporter) -> (artifact id: '57a4bf684975e68cc76e21d61e0832b2') in 0.1374601 seconds
Number of updated asset objects reloaded before import = 0Number of asset objects unloaded after import = 3

========================================================================
Received Import Request.
  Time since last request: 0.000096 seconds.
  path: Assets/Hovl Studio/Magic effects pack/Textures/Gradient.png
  artifactKey: Guid(878972c3151f97940b2c53535a0d1ce5) Importer(2089858483,192608db42251d675da83286b1cce702)
Start importing Assets/Hovl Studio/Magic effects pack/Textures/Gradient.png using Guid(878972c3151f97940b2c53535a0d1ce5) Importer(2089858483,192608db42251d675da83286b1cce702) (ScriptedImporter) -> (artifact id: '3a7a3e1a518d06f6a06b5c6f52ae11e9') in 0.0827696 seconds
Number of updated asset objects reloaded before import = 0Number of asset objects unloaded after import = 1

========================================================================
Received Import Request.
  Time since last request: 0.000054 seconds.
  path: Assets/Hovl Studio/Magic effects pack/Prefabs/AoE effects/Laser AOE.prefab
  artifactKey: Guid(4d3c8045dd8857a4b8d34c2361c61045) Importer(2089858483,192608db42251d675da83286b1cce702)
Start importing Assets/Hovl Studio/Magic effects pack/Prefabs/AoE effects/Laser AOE.prefab using Guid(4d3c8045dd8857a4b8d34c2361c61045) Importer(2089858483,192608db42251d675da83286b1cce702) (ScriptedImporter) -> (artifact id: '1b9566eb0806b05ac975862c46a82b13') in 0.355285 seconds
Number of updated asset objects reloaded before import = 0Number of asset objects unloaded after import = 49

========================================================================
Received Import Request.
  Time since last request: 0.000062 seconds.
  path: Assets/Hovl Studio/Magic effects pack/Materials/VFXatlas.psd
  artifactKey: Guid(670f1c056a06d7049b90d1fd1e480427) Importer(2089858483,192608db42251d675da83286b1cce702)
Start importing Assets/Hovl Studio/Magic effects pack/Materials/VFXatlas.psd using Guid(670f1c056a06d7049b90d1fd1e480427) Importer(2089858483,192608db42251d675da83286b1cce702) (ScriptedImporter) -> (artifact id: '058a5a00002e94a94ea418345fca1f53') in 0.1227788 seconds
Number of updated asset objects reloaded before import = 0Number of asset objects unloaded after import = 1

========================================================================
Received Import Request.
  Time since last request: 0.000059 seconds.
  path: Assets/Matthew Guz/Slash Effects FREE/Textures/5-Slash S turn.png
  artifactKey: Guid(331c8ff2cf546344d9aad5c607e155db) Importer(2089858483,192608db42251d675da83286b1cce702)
Start importing Assets/Matthew Guz/Slash Effects FREE/Textures/5-Slash S turn.png using Guid(331c8ff2cf546344d9aad5c607e155db) Importer(2089858483,192608db42251d675da83286b1cce702) (ScriptedImporter) -> (artifact id: '2255b3826724c078f8d936eb82c77d24') in 0.0961049 seconds
Number of updated asset objects reloaded before import = 0Number of asset objects unloaded after import = 1

========================================================================
Received Import Request.
  Time since last request: 0.000061 seconds.
  path: Assets/Toon Deserted Temples/Prefabs/Water Props/TFD_Waterfall_03A_Middle_R.prefab
  artifactKey: Guid(80d265177e3c6ae41ab79a4136e49387) Importer(2089858483,192608db42251d675da83286b1cce702)
Start importing Assets/Toon Deserted Temples/Prefabs/Water Props/TFD_Waterfall_03A_Middle_R.prefab using Guid(80d265177e3c6ae41ab79a4136e49387) Importer(2089858483,192608db42251d675da83286b1cce702) (ScriptedImporter) -> (artifact id: 'e1a0fdf78f7c238f5b17915bdff54cea') in 0.1374018 seconds
Number of updated asset objects reloaded before import = 0Number of asset objects unloaded after import = 9

========================================================================
Received Import Request.
  Time since last request: 0.000050 seconds.
  path: Assets/Toon Deserted Temples/Prefabs/Pottery/TFD_Urn_03A.prefab
  artifactKey: Guid(98d81d7755c64ad4a9d6235c5247d7c2) Importer(2089858483,192608db42251d675da83286b1cce702)
Start importing Assets/Toon Deserted Temples/Prefabs/Pottery/TFD_Urn_03A.prefab using Guid(98d81d7755c64ad4a9d6235c5247d7c2) Importer(2089858483,192608db42251d675da83286b1cce702) (ScriptedImporter) -> (artifact id: 'cabc44dd2401cfb80cd7ef9dfd169dae') in 0.0637137 seconds
Number of updated asset objects reloaded before import = 0Number of asset objects unloaded after import = 21

========================================================================
Received Import Request.
  Time since last request: 0.000773 seconds.
  path: Assets/Toon Deserted Temples/Models/Materials/TFD_BG_Dunes_01.mat
  artifactKey: Guid(399009d8159234c4981cd24a2d29c8d9) Importer(2089858483,192608db42251d675da83286b1cce702)
Start importing Assets/Toon Deserted Temples/Models/Materials/TFD_BG_Dunes_01.mat using Guid(399009d8159234c4981cd24a2d29c8d9) Importer(2089858483,192608db42251d675da83286b1cce702) (ScriptedImporter) -> (artifact id: '1eefcd4eb822cc07c9313ecf2a0e6ba0') in 0.1261925 seconds
Number of updated asset objects reloaded before import = 0Number of asset objects unloaded after import = 6

========================================================================
Received Import Request.
  Time since last request: 0.000053 seconds.
  path: Assets/Hovl Studio/Magic effects pack/Materials/MagicCircle2.mat
  artifactKey: Guid(b56ee68f36d76a648a742b6874f4d4a4) Importer(2089858483,192608db42251d675da83286b1cce702)
Start importing Assets/Hovl Studio/Magic effects pack/Materials/MagicCircle2.mat using Guid(b56ee68f36d76a648a742b6874f4d4a4) Importer(2089858483,192608db42251d675da83286b1cce702) (ScriptedImporter) -> (artifact id: '7dd4130f776917924c395f0703b6d3e3') in 0.1141912 seconds
Number of updated asset objects reloaded before import = 0Number of asset objects unloaded after import = 2

========================================================================
Received Import Request.
  Time since last request: 0.000143 seconds.
  path: Assets/Hovl Studio/Magic effects pack/Prefabs/Character auras/Star aura.prefab
  artifactKey: Guid(354b6251e950209409c75ab984acf000) Importer(2089858483,192608db42251d675da83286b1cce702)
Start importing Assets/Hovl Studio/Magic effects pack/Prefabs/Character auras/Star aura.prefab using Guid(354b6251e950209409c75ab984acf000) Importer(2089858483,192608db42251d675da83286b1cce702) (ScriptedImporter) -> (artifact id: '32a8f336a42a5f16edfed4788bee1a09') in 0.2278763 seconds
Number of updated asset objects reloaded before import = 0Number of asset objects unloaded after import = 15

========================================================================
Received Import Request.
  Time since last request: 0.000054 seconds.
  path: Assets/Hovl Studio/Magic effects pack/Prefabs/Slash effects/Stone slash.prefab
  artifactKey: Guid(3407e378c048bb5438424b28c7740b48) Importer(2089858483,192608db42251d675da83286b1cce702)
Start importing Assets/Hovl Studio/Magic effects pack/Prefabs/Slash effects/Stone slash.prefab using Guid(3407e378c048bb5438424b28c7740b48) Importer(2089858483,192608db42251d675da83286b1cce702) (ScriptedImporter) -> (artifact id: '8bffccdb7df88a92e80588295e87c3bf') in 0.243577 seconds
Number of updated asset objects reloaded before import = 0Number of asset objects unloaded after import = 23

========================================================================
Received Import Request.
  Time since last request: 0.000183 seconds.
  path: Assets/Hovl Studio/Magic effects pack/Demo scene/Lightmap-0_comp_light.exr
  artifactKey: Guid(9960b70afbb00c1468c54c31462b736a) Importer(2089858483,192608db42251d675da83286b1cce702)
Start importing Assets/Hovl Studio/Magic effects pack/Demo scene/Lightmap-0_comp_light.exr using Guid(9960b70afbb00c1468c54c31462b736a) Importer(2089858483,192608db42251d675da83286b1cce702) (ScriptedImporter) -> (artifact id: 'dc8628b8f4f7fd043cad4fc82a333e95') in 0.1066914 seconds
Number of updated asset objects reloaded before import = 0Number of asset objects unloaded after import = 1

========================================================================
Received Import Request.
  Time since last request: 0.000055 seconds.
  path: Assets/Hovl Studio/Magic effects pack/Textures/Point1n.png
  artifactKey: Guid(5050511111526384094dd94bcde2676a) Importer(2089858483,192608db42251d675da83286b1cce702)
Start importing Assets/Hovl Studio/Magic effects pack/Textures/Point1n.png using Guid(5050511111526384094dd94bcde2676a) Importer(2089858483,192608db42251d675da83286b1cce702) (ScriptedImporter) -> (artifact id: '504fbb26031be427173c02b411772621') in 0.0553544 seconds
Number of updated asset objects reloaded before import = 0Number of asset objects unloaded after import = 1

========================================================================
Received Import Request.
  Time since last request: 0.000099 seconds.
  path: Assets/Hovl Studio/Magic effects pack/Materials/Circle2.mat
  artifactKey: Guid(8fce5540653d6d8439e52364661e10c9) Importer(2089858483,192608db42251d675da83286b1cce702)
Start importing Assets/Hovl Studio/Magic effects pack/Materials/Circle2.mat using Guid(8fce5540653d6d8439e52364661e10c9) Importer(2089858483,192608db42251d675da83286b1cce702) (ScriptedImporter) -> (artifact id: '0c6fb8d7e883415bcbfe06eb0b4dc3ab') in 0.048379 seconds
Number of updated asset objects reloaded before import = 0Number of asset objects unloaded after import = 2

========================================================================
Received Import Request.
  Time since last request: 0.000038 seconds.
  path: Assets/Hovl Studio/Magic effects pack/Demo scene/Lightmap-0_comp_dir.png
  artifactKey: Guid(4a3abcea8684f464a9b302dd7a047387) Importer(2089858483,192608db42251d675da83286b1cce702)
Start importing Assets/Hovl Studio/Magic effects pack/Demo scene/Lightmap-0_comp_dir.png using Guid(4a3abcea8684f464a9b302dd7a047387) Importer(2089858483,192608db42251d675da83286b1cce702) (ScriptedImporter) -> (artifact id: 'e6446649862673e5e3579e6a9dc3a683') in 0.0949011 seconds
Number of updated asset objects reloaded before import = 0Number of asset objects unloaded after import = 1

========================================================================
Received Import Request.
  Time since last request: 0.000060 seconds.
  path: Assets/Toon Deserted Temples/Terrain/Terrain Brushes/NewBrush 2.brush
  artifactKey: Guid(7528b54754b4061478775c2a8ccaf8bd) Importer(2089858483,192608db42251d675da83286b1cce702)
Start importing Assets/Toon Deserted Temples/Terrain/Terrain Brushes/NewBrush 2.brush using Guid(7528b54754b4061478775c2a8ccaf8bd) Importer(2089858483,192608db42251d675da83286b1cce702) (ScriptedImporter) -> (artifact id: '08f29efb9c2861d8461d97f7412eb9b2') in 1.7070718 seconds
Number of updated asset objects reloaded before import = 0Number of asset objects unloaded after import = 2

========================================================================
Received Import Request.
  Time since last request: 0.000068 seconds.
  path: Assets/STYLIZED Desert Kingdom/Prefabs/Modular Elements/SM_bridge_module_02.prefab
  artifactKey: Guid(1f771219a4b604c44b0126f403f79467) Importer(2089858483,192608db42251d675da83286b1cce702)
Start importing Assets/STYLIZED Desert Kingdom/Prefabs/Modular Elements/SM_bridge_module_02.prefab using Guid(1f771219a4b604c44b0126f403f79467) Importer(2089858483,192608db42251d675da83286b1cce702) (ScriptedImporter) -> (artifact id: '43b3b377cddbcfa40af22e4c7ab20ae2') in 0.2017733 seconds
Number of updated asset objects reloaded before import = 0Number of asset objects unloaded after import = 17

========================================================================
Received Prepare
Refreshing native plugins compatible for Editor in 55.18 ms, found 3 plugins.
Preloading 0 native plugins for Editor in 0.00 ms.
Unloading 25 Unused Serialized files (Serialized files now loaded: 0)
Unloading 6131 unused Assets / (5.9 MB). Loaded Objects now: 6888.
Memory consumption went from 180.9 MB to 175.0 MB.
Total: 1670.884400 ms (FindLiveObjects: 14.357000 ms CreateObjectMapping: 2.937400 ms MarkObjects: 1631.649900 ms  DeleteObjects: 21.422000 ms)

Prepare: number of updated asset objects reloaded= 0
========================================================================
Received Import Request.
  Time since last request: 18.321697 seconds.
  path: Assets/Toon Deserted Temples/Animations/TFD_Candle_10B_Idle3.anim
  artifactKey: Guid(a79c86a70577d1d4f80c1605647b58de) Importer(2089858483,192608db42251d675da83286b1cce702)
Start importing Assets/Toon Deserted Temples/Animations/TFD_Candle_10B_Idle3.anim using Guid(a79c86a70577d1d4f80c1605647b58de) Importer(2089858483,192608db42251d675da83286b1cce702) (ScriptedImporter) -> (artifact id: '1995157cc4578cfb6b4c607959988fe0') in 0.4506468 seconds
Number of updated asset objects reloaded before import = 0Number of asset objects unloaded after import = 1

========================================================================
Received Import Request.
  Time since last request: 0.000089 seconds.
  path: Assets/Toon Deserted Temples/Models/Materials/TFD_Atlas_Cloth_1A.mat
  artifactKey: Guid(0c96fc059eedf294c9c6033759221f89) Importer(2089858483,192608db42251d675da83286b1cce702)
Start importing Assets/Toon Deserted Temples/Models/Materials/TFD_Atlas_Cloth_1A.mat using Guid(0c96fc059eedf294c9c6033759221f89) Importer(2089858483,192608db42251d675da83286b1cce702) (ScriptedImporter) -> (artifact id: 'ba74d94f61423bb2e041f11933ad00bf') in 0.4413969 seconds
Number of updated asset objects reloaded before import = 0Number of asset objects unloaded after import = 5

========================================================================
Received Import Request.
  Time since last request: 0.000058 seconds.
  path: Assets/Toon Deserted Temples/Prefabs/Buildings/Building Kit/TFD_Stairs_02A.prefab
  artifactKey: Guid(2161fa2387d2efc4a93f759a58cb1bf0) Importer(2089858483,192608db42251d675da83286b1cce702)
Start importing Assets/Toon Deserted Temples/Prefabs/Buildings/Building Kit/TFD_Stairs_02A.prefab using Guid(2161fa2387d2efc4a93f759a58cb1bf0) Importer(2089858483,192608db42251d675da83286b1cce702) (ScriptedImporter) -> (artifact id: '232f0f7cd561469367fd9e99b6dee94a') in 0.2035712 seconds
Number of updated asset objects reloaded before import = 0Number of asset objects unloaded after import = 30

========================================================================
Received Import Request.
  Time since last request: 0.000027 seconds.
  path: Assets/Toon Deserted Temples/Models/TFD_Plate_01C.fbx
  artifactKey: Guid(59739050a2f3f9b489ed20513bdb6221) Importer(2089858483,192608db42251d675da83286b1cce702)
Start importing Assets/Toon Deserted Temples/Models/TFD_Plate_01C.fbx using Guid(59739050a2f3f9b489ed20513bdb6221) Importer(2089858483,192608db42251d675da83286b1cce702) (ScriptedImporter) -> (artifact id: 'f00dfe26bd3c759a77c568d494e67900') in 0.1759886 seconds
Number of updated asset objects reloaded before import = 0Number of asset objects unloaded after import = 8

========================================================================
Received Import Request.
  Time since last request: 0.000088 seconds.
  path: Assets/Toon Deserted Temples/Particles/Meshes/TFD_Particle_Quad_04C.prefab
  artifactKey: Guid(64d69fca00d7fb844ba924aa3f94e3b7) Importer(2089858483,192608db42251d675da83286b1cce702)
Start importing Assets/Toon Deserted Temples/Particles/Meshes/TFD_Particle_Quad_04C.prefab using Guid(64d69fca00d7fb844ba924aa3f94e3b7) Importer(2089858483,192608db42251d675da83286b1cce702) (ScriptedImporter) -> (artifact id: '367592ebc060918be032eeca98aba243') in 0.1990921 seconds
Number of updated asset objects reloaded before import = 0Number of asset objects unloaded after import = 8

========================================================================
Received Import Request.
  Time since last request: 0.023595 seconds.
  path: Assets/Toon Deserted Temples/Prefabs/Buildings/Building Kit/TFD_Beam_01A.prefab
  artifactKey: Guid(91f1fb1e081007a438fb0b445a2cd9a7) Importer(2089858483,192608db42251d675da83286b1cce702)
Start importing Assets/Toon Deserted Temples/Prefabs/Buildings/Building Kit/TFD_Beam_01A.prefab using Guid(91f1fb1e081007a438fb0b445a2cd9a7) Importer(2089858483,192608db42251d675da83286b1cce702) (ScriptedImporter) -> (artifact id: '65031476a1c9e48e1fdcfc5f525314d8') in 0.0797235 seconds
Number of updated asset objects reloaded before import = 0Number of asset objects unloaded after import = 26

========================================================================
Received Import Request.
  Time since last request: 0.000033 seconds.
  path: Assets/Toon Deserted Temples/Prefabs/Buildings/Building Kit/TFD_Console_07A.prefab
  artifactKey: Guid(181508fd18afb0f4c9641d61b2781939) Importer(2089858483,192608db42251d675da83286b1cce702)
Start importing Assets/Toon Deserted Temples/Prefabs/Buildings/Building Kit/TFD_Console_07A.prefab using Guid(181508fd18afb0f4c9641d61b2781939) Importer(2089858483,192608db42251d675da83286b1cce702) (ScriptedImporter) -> (artifact id: 'debb2be941c32c9d3a3e6df44aba7f9c') in 0.0997492 seconds
Number of updated asset objects reloaded before import = 0Number of asset objects unloaded after import = 21

========================================================================
Received Import Request.
  Time since last request: 0.000046 seconds.
  path: Assets/Hovl Studio/Magic effects pack/Textures/Snowflake.png
  artifactKey: Guid(0e1a6a9f47773b7478bea4aee1a1b64e) Importer(2089858483,192608db42251d675da83286b1cce702)
Start importing Assets/Hovl Studio/Magic effects pack/Textures/Snowflake.png using Guid(0e1a6a9f47773b7478bea4aee1a1b64e) Importer(2089858483,192608db42251d675da83286b1cce702) (ScriptedImporter) -> (artifact id: '4e625b30772b879655135a3a44445268') in 0.076813 seconds
Number of updated asset objects reloaded before import = 0Number of asset objects unloaded after import = 1

========================================================================
Received Import Request.
  Time since last request: 0.000051 seconds.
  path: Assets/Matthew Guz/Slash Effects FREE/Textures/5-Fire_.png
  artifactKey: Guid(ec85f388fc7202f40b40cbda8d3bb594) Importer(2089858483,192608db42251d675da83286b1cce702)
Start importing Assets/Matthew Guz/Slash Effects FREE/Textures/5-Fire_.png using Guid(ec85f388fc7202f40b40cbda8d3bb594) Importer(2089858483,192608db42251d675da83286b1cce702) (ScriptedImporter) -> (artifact id: 'd7aaea5ba328da798a79e33b88d3bf25') in 0.053386 seconds
Number of updated asset objects reloaded before import = 0Number of asset objects unloaded after import = 1

========================================================================
Received Import Request.
  Time since last request: 0.000026 seconds.
  path: Assets/Hovl Studio/Magic effects pack/Materials/Heart.mat
  artifactKey: Guid(e97a79db1dd66ad4d8f70932abe94b73) Importer(2089858483,192608db42251d675da83286b1cce702)
Start importing Assets/Hovl Studio/Magic effects pack/Materials/Heart.mat using Guid(e97a79db1dd66ad4d8f70932abe94b73) Importer(2089858483,192608db42251d675da83286b1cce702) (ScriptedImporter) -> (artifact id: 'b6d89292edf9a6cca0e50d9aabfdf409') in 0.0391569 seconds
Number of updated asset objects reloaded before import = 0Number of asset objects unloaded after import = 2

========================================================================
Received Import Request.
  Time since last request: 0.000049 seconds.
  path: Assets/Toon Deserted Temples/Models/TFD_Papyrus_Stack_02A.fbx
  artifactKey: Guid(3b00b27f2bbcb7940a2a56c1f4d608e2) Importer(2089858483,192608db42251d675da83286b1cce702)
Start importing Assets/Toon Deserted Temples/Models/TFD_Papyrus_Stack_02A.fbx using Guid(3b00b27f2bbcb7940a2a56c1f4d608e2) Importer(2089858483,192608db42251d675da83286b1cce702) (ScriptedImporter) -> (artifact id: '63817b769743bd3cc91960a6b5500f3d') in 0.0430682 seconds
Number of updated asset objects reloaded before import = 0Number of asset objects unloaded after import = 8

========================================================================
Received Import Request.
  Time since last request: 0.000036 seconds.
  path: Assets/Toon Deserted Temples/Models/TFD_Pestle_01A.fbx
  artifactKey: Guid(3891acd4625056b4a8e378b90159ad07) Importer(2089858483,192608db42251d675da83286b1cce702)
Start importing Assets/Toon Deserted Temples/Models/TFD_Pestle_01A.fbx using Guid(3891acd4625056b4a8e378b90159ad07) Importer(2089858483,192608db42251d675da83286b1cce702) (ScriptedImporter) -> (artifact id: '653c987fb236f352b2d6b9aa980b5126') in 0.0354293 seconds
Number of updated asset objects reloaded before import = 0Number of asset objects unloaded after import = 15

========================================================================
Received Import Request.
  Time since last request: 0.000051 seconds.
  path: Assets/MaximeBrunoni/CountryHouse/Art/Meshes/CountryHouse.fbx
  artifactKey: Guid(40c157d1f354202449acc218645bc884) Importer(2089858483,192608db42251d675da83286b1cce702)
Start importing Assets/MaximeBrunoni/CountryHouse/Art/Meshes/CountryHouse.fbx using Guid(40c157d1f354202449acc218645bc884) Importer(2089858483,192608db42251d675da83286b1cce702) (ScriptedImporter) -> (artifact id: '8b60f6b1c31eef2ead816ca6019ad3f4') in 0.1219461 seconds
Number of updated asset objects reloaded before import = 0Number of asset objects unloaded after import = 68

========================================================================
Received Import Request.
  Time since last request: 0.000024 seconds.
  path: Assets/Toon Deserted Temples/Terrain/Terrain Textures/Materials/TFD_Terrain_Pavement_01_SM.mat
  artifactKey: Guid(ffab967b1082f6c40a994c21972d63a9) Importer(2089858483,192608db42251d675da83286b1cce702)
Start importing Assets/Toon Deserted Temples/Terrain/Terrain Textures/Materials/TFD_Terrain_Pavement_01_SM.mat using Guid(ffab967b1082f6c40a994c21972d63a9) Importer(2089858483,192608db42251d675da83286b1cce702) (ScriptedImporter) -> (artifact id: '36314fee98463f256973f315b6b2b78f') in 0.0710307 seconds
Number of updated asset objects reloaded before import = 0Number of asset objects unloaded after import = 1

========================================================================
Received Import Request.
  Time since last request: 0.000041 seconds.
  path: Assets/Toon Deserted Temples/Particles/Textures/TFD_Sun_Shaft_01A.psd
  artifactKey: Guid(142ed14f6a5eb2e499f84f061e274917) Importer(2089858483,192608db42251d675da83286b1cce702)
Start importing Assets/Toon Deserted Temples/Particles/Textures/TFD_Sun_Shaft_01A.psd using Guid(142ed14f6a5eb2e499f84f061e274917) Importer(2089858483,192608db42251d675da83286b1cce702) (ScriptedImporter) -> (artifact id: '0165dc68ceb0a593179516beab7131ce') in 0.0390601 seconds
Number of updated asset objects reloaded before import = 0Number of asset objects unloaded after import = 1

========================================================================
Received Import Request.
  Time since last request: 0.000043 seconds.
  path: Assets/Toon Deserted Temples/Models/TFD_Urn_02A.fbx
  artifactKey: Guid(d5647670d29dd324b863a41121f22a1c) Importer(2089858483,192608db42251d675da83286b1cce702)
Start importing Assets/Toon Deserted Temples/Models/TFD_Urn_02A.fbx using Guid(d5647670d29dd324b863a41121f22a1c) Importer(2089858483,192608db42251d675da83286b1cce702) (ScriptedImporter) -> (artifact id: 'd89e0180a66ebfb674d4b2d907472a9d') in 0.0462813 seconds
Number of updated asset objects reloaded before import = 0Number of asset objects unloaded after import = 20

========================================================================
Received Import Request.
  Time since last request: 0.000031 seconds.
  path: Assets/Hovl Studio/Magic effects pack/Prefabs/Hits and explosions/Snow hit.prefab
  artifactKey: Guid(0edef91621bb6b34384ccc9dbb98729c) Importer(2089858483,192608db42251d675da83286b1cce702)
Start importing Assets/Hovl Studio/Magic effects pack/Prefabs/Hits and explosions/Snow hit.prefab using Guid(0edef91621bb6b34384ccc9dbb98729c) Importer(2089858483,192608db42251d675da83286b1cce702) (ScriptedImporter) -> (artifact id: '5c9c2c2ec83589a66558e4481a352c9a') in 0.2616857 seconds
Number of updated asset objects reloaded before import = 0Number of asset objects unloaded after import = 23

========================================================================
Received Import Request.
  Time since last request: 0.000043 seconds.
  path: Assets/Toon Deserted Temples/Prefabs/Buildings/Traps/TFD_Trap_02A.prefab
  artifactKey: Guid(216dcff77b343d14eba2520258819be1) Importer(2089858483,192608db42251d675da83286b1cce702)
Start importing Assets/Toon Deserted Temples/Prefabs/Buildings/Traps/TFD_Trap_02A.prefab using Guid(216dcff77b343d14eba2520258819be1) Importer(2089858483,192608db42251d675da83286b1cce702) (ScriptedImporter) -> (artifact id: '1df3cf780021d5c3da9da54155bd3a67') in 0.1165764 seconds
Number of updated asset objects reloaded before import = 0Number of asset objects unloaded after import = 60

========================================================================
Received Import Request.
  Time since last request: 0.000069 seconds.
  path: Assets/Toon Deserted Temples/Models/TFD_Wax_Drip_13C.fbx
  artifactKey: Guid(9b9d70a877efb414ab3aae50e8d49e94) Importer(2089858483,192608db42251d675da83286b1cce702)
Start importing Assets/Toon Deserted Temples/Models/TFD_Wax_Drip_13C.fbx using Guid(9b9d70a877efb414ab3aae50e8d49e94) Importer(2089858483,192608db42251d675da83286b1cce702) (ScriptedImporter) -> (artifact id: 'feb31a1ad18442f31e1ac5e277940bec') in 0.0466867 seconds
Number of updated asset objects reloaded before import = 0Number of asset objects unloaded after import = 20

========================================================================
Received Import Request.
  Time since last request: 0.000030 seconds.
  path: Assets/Toon Deserted Temples/Prefabs/Rocks/TFD_Rock_Small_02A.prefab
  artifactKey: Guid(5725f97494b69414d9fa47f7e6e8c463) Importer(2089858483,192608db42251d675da83286b1cce702)
Start importing Assets/Toon Deserted Temples/Prefabs/Rocks/TFD_Rock_Small_02A.prefab using Guid(5725f97494b69414d9fa47f7e6e8c463) Importer(2089858483,192608db42251d675da83286b1cce702) (ScriptedImporter) -> (artifact id: '09f6edfeeada8aa56adccdfa67dbbef9') in 0.0779705 seconds
Number of updated asset objects reloaded before import = 0Number of asset objects unloaded after import = 28

========================================================================
Received Import Request.
  Time since last request: 0.000038 seconds.
  path: Assets/Hovl Studio/Magic effects pack/Materials/Snowflake.mat
  artifactKey: Guid(110e8ef5ba5275f4c864c6b5190c7891) Importer(2089858483,192608db42251d675da83286b1cce702)
Start importing Assets/Hovl Studio/Magic effects pack/Materials/Snowflake.mat using Guid(110e8ef5ba5275f4c864c6b5190c7891) Importer(2089858483,192608db42251d675da83286b1cce702) (ScriptedImporter) -> (artifact id: 'fafbead7d3149accc769056c851373bb') in 0.0354966 seconds
Number of updated asset objects reloaded before import = 0Number of asset objects unloaded after import = 2

========================================================================
Received Import Request.
  Time since last request: 0.000053 seconds.
  path: Assets/Toon Deserted Temples/Prefabs/Candles/TFD_Wax_01B.prefab
  artifactKey: Guid(0bffd02d1eef1904487315c534f131a2) Importer(2089858483,192608db42251d675da83286b1cce702)
Start importing Assets/Toon Deserted Temples/Prefabs/Candles/TFD_Wax_01B.prefab using Guid(0bffd02d1eef1904487315c534f131a2) Importer(2089858483,192608db42251d675da83286b1cce702) (ScriptedImporter) -> (artifact id: '3c49ab4d704f36dbee57fea92eb3be18') in 0.0985376 seconds
Number of updated asset objects reloaded before import = 0Number of asset objects unloaded after import = 15

========================================================================
Received Import Request.
  Time since last request: 0.000040 seconds.
  path: Assets/Toon Deserted Temples/Prefabs/Candles/TFD_Candle_11A.prefab
  artifactKey: Guid(17afb615c044b584ba71a11171e88809) Importer(2089858483,192608db42251d675da83286b1cce702)
Start importing Assets/Toon Deserted Temples/Prefabs/Candles/TFD_Candle_11A.prefab using Guid(17afb615c044b584ba71a11171e88809) Importer(2089858483,192608db42251d675da83286b1cce702) (ScriptedImporter) -> (artifact id: 'b4d7adf11859087dc707e657f7c9a143') in 0.1173647 seconds
Number of updated asset objects reloaded before import = 0Number of asset objects unloaded after import = 31

========================================================================
Received Import Request.
  Time since last request: 0.000039 seconds.
  path: Assets/STYLIZED Desert Kingdom/Prefabs/Props/SM_marketstand_01 (1).prefab
  artifactKey: Guid(09cf547bc1effdb47b5c003eeed36406) Importer(2089858483,192608db42251d675da83286b1cce702)
Start importing Assets/STYLIZED Desert Kingdom/Prefabs/Props/SM_marketstand_01 (1).prefab using Guid(09cf547bc1effdb47b5c003eeed36406) Importer(2089858483,192608db42251d675da83286b1cce702) (ScriptedImporter) -> (artifact id: '96f9161a0416b07b2c2b319e84f3a44a') in 0.1147224 seconds
Number of updated asset objects reloaded before import = 0Number of asset objects unloaded after import = 16

========================================================================
Received Import Request.
  Time since last request: 0.000228 seconds.
  path: Assets/STYLIZED Desert Kingdom/Meshes/Props/SM_lamp_wall_02.fbx
  artifactKey: Guid(1549ac8eaca68784894669ef2424244b) Importer(2089858483,192608db42251d675da83286b1cce702)
Start importing Assets/STYLIZED Desert Kingdom/Meshes/Props/SM_lamp_wall_02.fbx using Guid(1549ac8eaca68784894669ef2424244b) Importer(2089858483,192608db42251d675da83286b1cce702) (ScriptedImporter) -> (artifact id: '5ef0a86951cdd0d9939e530aa6d32f82') in 0.3690431 seconds
Number of updated asset objects reloaded before import = 0Number of asset objects unloaded after import = 12

========================================================================
Received Import Request.
  Time since last request: 0.000037 seconds.
  path: Assets/STYLIZED Desert Kingdom/Meshes/Buildings/SM_altar_02.fbx
  artifactKey: Guid(dcc62f6caea46324a9606b1be64c6cff) Importer(2089858483,192608db42251d675da83286b1cce702)
Start importing Assets/STYLIZED Desert Kingdom/Meshes/Buildings/SM_altar_02.fbx using Guid(dcc62f6caea46324a9606b1be64c6cff) Importer(2089858483,192608db42251d675da83286b1cce702) (ScriptedImporter) -> (artifact id: '9bc95ea4664b57992092de7eb51cf843') in 0.3045552 seconds
Number of updated asset objects reloaded before import = 0Number of asset objects unloaded after import = 25

========================================================================
Received Import Request.
  Time since last request: 0.000040 seconds.
  path: Assets/STYLIZED Desert Kingdom/Materials/Textures/M_rope_nrm.png
  artifactKey: Guid(4c4d33e1df42a74469078d52219a359c) Importer(2089858483,192608db42251d675da83286b1cce702)
Start importing Assets/STYLIZED Desert Kingdom/Materials/Textures/M_rope_nrm.png using Guid(4c4d33e1df42a74469078d52219a359c) Importer(2089858483,192608db42251d675da83286b1cce702) (ScriptedImporter) -> (artifact id: '2454631af14b35e914329bf9a9dadd3c') in 0.0592428 seconds
Number of updated asset objects reloaded before import = 0Number of asset objects unloaded after import = 1

========================================================================
Received Import Request.
  Time since last request: 0.000030 seconds.
  path: Assets/STYLIZED Desert Kingdom/Meshes/Modular Elements/SM_curbstones_03.fbx
  artifactKey: Guid(2540f45ba49029440833d5dd75aaa393) Importer(2089858483,192608db42251d675da83286b1cce702)
Start importing Assets/STYLIZED Desert Kingdom/Meshes/Modular Elements/SM_curbstones_03.fbx using Guid(2540f45ba49029440833d5dd75aaa393) Importer(2089858483,192608db42251d675da83286b1cce702) (ScriptedImporter) -> (artifact id: '3353cf42b1170059d6f7994409554085') in 0.0920625 seconds
Number of updated asset objects reloaded before import = 0Number of asset objects unloaded after import = 12

========================================================================
Received Import Request.
  Time since last request: 0.000028 seconds.
  path: Assets/STYLIZED Desert Kingdom/Materials/Textures/M_ground_grass_stylized_BaseColor.png
  artifactKey: Guid(773c303463294244aa06326eed1a3517) Importer(2089858483,192608db42251d675da83286b1cce702)
Start importing Assets/STYLIZED Desert Kingdom/Materials/Textures/M_ground_grass_stylized_BaseColor.png using Guid(773c303463294244aa06326eed1a3517) Importer(2089858483,192608db42251d675da83286b1cce702) (ScriptedImporter) -> (artifact id: '114d9022c82f727c61efd81cd67a981d') in 0.0851545 seconds
Number of updated asset objects reloaded before import = 0Number of asset objects unloaded after import = 1

========================================================================
Received Import Request.
  Time since last request: 0.000058 seconds.
  path: Assets/STYLIZED Desert Kingdom/Prefabs/Buildings/SM_house_desert_small_02.prefab
  artifactKey: Guid(6fcb3af7ae3a0e941b8d3181edf5e3be) Importer(2089858483,192608db42251d675da83286b1cce702)
Start importing Assets/STYLIZED Desert Kingdom/Prefabs/Buildings/SM_house_desert_small_02.prefab using Guid(6fcb3af7ae3a0e941b8d3181edf5e3be) Importer(2089858483,192608db42251d675da83286b1cce702) (ScriptedImporter) -> (artifact id: 'bb6ed1592b76579db7c6a5a3ea26bf13') in 0.0981265 seconds
Number of updated asset objects reloaded before import = 0Number of asset objects unloaded after import = 23

========================================================================
Received Import Request.
  Time since last request: 0.000027 seconds.
  path: Assets/STYLIZED Desert Kingdom/Prefabs/Props/SM_spices_market_02.prefab
  artifactKey: Guid(9f8fe24f7724a52459ee9448f9568447) Importer(2089858483,192608db42251d675da83286b1cce702)
Start importing Assets/STYLIZED Desert Kingdom/Prefabs/Props/SM_spices_market_02.prefab using Guid(9f8fe24f7724a52459ee9448f9568447) Importer(2089858483,192608db42251d675da83286b1cce702) (ScriptedImporter) -> (artifact id: '82c06cbc3f98ade9b0fc6ebe168cfdb9') in 0.1684676 seconds
Number of updated asset objects reloaded before import = 0Number of asset objects unloaded after import = 16

========================================================================
Received Import Request.
  Time since last request: 0.000212 seconds.
  path: Assets/STYLIZED Desert Kingdom/Materials/Materials/M_cliffs_desert.mat
  artifactKey: Guid(b8f9919df14d33f49a268109b653f791) Importer(2089858483,192608db42251d675da83286b1cce702)
Start importing Assets/STYLIZED Desert Kingdom/Materials/Materials/M_cliffs_desert.mat using Guid(b8f9919df14d33f49a268109b653f791) Importer(2089858483,192608db42251d675da83286b1cce702) (ScriptedImporter) -> (artifact id: '5b84f9c0a9dc2786462dd7c2eb9da6e6') in 0.183262 seconds
Number of updated asset objects reloaded before import = 0Number of asset objects unloaded after import = 4

========================================================================
Received Import Request.
  Time since last request: 0.000047 seconds.
  path: Assets/STYLIZED Desert Kingdom/Materials/Textures/M_carpets_BaseMap.png
  artifactKey: Guid(db02ade2edc1f9645b81b771df925018) Importer(2089858483,192608db42251d675da83286b1cce702)
Start importing Assets/STYLIZED Desert Kingdom/Materials/Textures/M_carpets_BaseMap.png using Guid(db02ade2edc1f9645b81b771df925018) Importer(2089858483,192608db42251d675da83286b1cce702) (ScriptedImporter) -> (artifact id: '8774fcfe2b0417ad481e8067b83dd7a7') in 0.1046799 seconds
Number of updated asset objects reloaded before import = 0Number of asset objects unloaded after import = 1

========================================================================
Received Import Request.
  Time since last request: 0.000040 seconds.
  path: Assets/STYLIZED Desert Kingdom/Materials/Materials/M_shrub_desert 1.mat
  artifactKey: Guid(29570a74736bdf3439c265cd1c45d11d) Importer(2089858483,192608db42251d675da83286b1cce702)
Start importing Assets/STYLIZED Desert Kingdom/Materials/Materials/M_shrub_desert 1.mat using Guid(29570a74736bdf3439c265cd1c45d11d) Importer(2089858483,192608db42251d675da83286b1cce702) (ScriptedImporter) -> (artifact id: 'ca6e4e2480b25b55fe9efa79fbb886cc') in 0.5111478 seconds
Number of updated asset objects reloaded before import = 0Number of asset objects unloaded after import = 2

========================================================================
Received Import Request.
  Time since last request: 0.000038 seconds.
  path: Assets/STYLIZED Desert Kingdom/Prefabs/Statues/SM_statue_guard (1).prefab
  artifactKey: Guid(fc1c53ab203f78641b20a116875fc96a) Importer(2089858483,192608db42251d675da83286b1cce702)
Start importing Assets/STYLIZED Desert Kingdom/Prefabs/Statues/SM_statue_guard (1).prefab using Guid(fc1c53ab203f78641b20a116875fc96a) Importer(2089858483,192608db42251d675da83286b1cce702) (ScriptedImporter) -> (artifact id: '419c1f8c892d22ebfb744ad1f9914a4d') in 0.1252975 seconds
Number of updated asset objects reloaded before import = 0Number of asset objects unloaded after import = 15

========================================================================
Received Import Request.
  Time since last request: 0.000063 seconds.
  path: Assets/STYLIZED Desert Kingdom/Meshes/Building Parts/SM_wall_arch_03.fbx
  artifactKey: Guid(876ae6b4909d1ec469ef7021a0cb673e) Importer(2089858483,192608db42251d675da83286b1cce702)
Start importing Assets/STYLIZED Desert Kingdom/Meshes/Building Parts/SM_wall_arch_03.fbx using Guid(876ae6b4909d1ec469ef7021a0cb673e) Importer(2089858483,192608db42251d675da83286b1cce702) (ScriptedImporter) -> (artifact id: 'ed255ecfda3c8171ae95f9ba0a901c86') in 0.0652131 seconds
Number of updated asset objects reloaded before import = 0Number of asset objects unloaded after import = 13

========================================================================
Received Import Request.
  Time since last request: 0.000027 seconds.
  path: Assets/STYLIZED Desert Kingdom/Materials/Textures/M_windows_iBaseMap.png
  artifactKey: Guid(f4e34c9eb32bedb4ca03095b4d662dc0) Importer(2089858483,192608db42251d675da83286b1cce702)
Start importing Assets/STYLIZED Desert Kingdom/Materials/Textures/M_windows_iBaseMap.png using Guid(f4e34c9eb32bedb4ca03095b4d662dc0) Importer(2089858483,192608db42251d675da83286b1cce702) (ScriptedImporter) -> (artifact id: '984cc3bddb04370eb1f1618a611808c8') in 0.07311 seconds
Number of updated asset objects reloaded before import = 0Number of asset objects unloaded after import = 1

========================================================================
Received Import Request.
  Time since last request: 0.000052 seconds.
  path: Assets/STYLIZED Desert Kingdom/Materials/Textures/M_market_foods_MaskMap.png
  artifactKey: Guid(453788527a528c34ea1b991fa2407ceb) Importer(2089858483,192608db42251d675da83286b1cce702)
Start importing Assets/STYLIZED Desert Kingdom/Materials/Textures/M_market_foods_MaskMap.png using Guid(453788527a528c34ea1b991fa2407ceb) Importer(2089858483,192608db42251d675da83286b1cce702) (ScriptedImporter) -> (artifact id: '2b85d97fd4ec19d280faead7dfc13f74') in 0.0628445 seconds
Number of updated asset objects reloaded before import = 0Number of asset objects unloaded after import = 1

========================================================================
Received Import Request.
  Time since last request: 0.000043 seconds.
  path: Assets/STYLIZED Desert Kingdom/Meshes/Castle/SM_tower_castle_tall.fbx
  artifactKey: Guid(1aac31796fd7bfd4da8a0f07afcc9231) Importer(2089858483,192608db42251d675da83286b1cce702)
Start importing Assets/STYLIZED Desert Kingdom/Meshes/Castle/SM_tower_castle_tall.fbx using Guid(1aac31796fd7bfd4da8a0f07afcc9231) Importer(2089858483,192608db42251d675da83286b1cce702) (ScriptedImporter) -> (artifact id: 'c40c1c03456ee1ef3f1a7c5c0cbd472f') in 0.0763951 seconds
Number of updated asset objects reloaded before import = 0Number of asset objects unloaded after import = 21

========================================================================
Received Import Request.
  Time since last request: 0.000037 seconds.
  path: Assets/STYLIZED Desert Kingdom/Prefabs/Props/SM_banner_01.prefab
  artifactKey: Guid(aa95f7b7b3ab2d043800d4cc44579e3e) Importer(2089858483,192608db42251d675da83286b1cce702)
Start importing Assets/STYLIZED Desert Kingdom/Prefabs/Props/SM_banner_01.prefab using Guid(aa95f7b7b3ab2d043800d4cc44579e3e) Importer(2089858483,192608db42251d675da83286b1cce702) (ScriptedImporter) -> (artifact id: '95ee0bb145cf7c5cc8233006459fb490') in 0.09725 seconds
Number of updated asset objects reloaded before import = 0Number of asset objects unloaded after import = 16

========================================================================
Received Import Request.
  Time since last request: 0.000025 seconds.
  path: Assets/STYLIZED Desert Kingdom/Materials/Textures
  artifactKey: Guid(c9f0a0cece3009443a6e2a0f7f50e39d) Importer(2089858483,192608db42251d675da83286b1cce702)
Start importing Assets/STYLIZED Desert Kingdom/Materials/Textures using Guid(c9f0a0cece3009443a6e2a0f7f50e39d) Importer(2089858483,192608db42251d675da83286b1cce702) (ScriptedImporter) -> (artifact id: 'df1c8e7a617924718193a9e03fb1ea43') in 0.0247207 seconds
Number of updated asset objects reloaded before import = 0Number of asset objects unloaded after import = 1

========================================================================
Received Import Request.
  Time since last request: 0.000045 seconds.
  path: Assets/STYLIZED Desert Kingdom/Meshes/Modular Elements/SM_floortiles_01.fbx
  artifactKey: Guid(abc4de07f7bbdf949a6ecffdff0876fc) Importer(2089858483,192608db42251d675da83286b1cce702)
Start importing Assets/STYLIZED Desert Kingdom/Meshes/Modular Elements/SM_floortiles_01.fbx using Guid(abc4de07f7bbdf949a6ecffdff0876fc) Importer(2089858483,192608db42251d675da83286b1cce702) (ScriptedImporter) -> (artifact id: 'bbccd7e26957b75233eb721fbaea6060') in 0.036384 seconds
Number of updated asset objects reloaded before import = 0Number of asset objects unloaded after import = 12

========================================================================
Received Import Request.
  Time since last request: 0.000027 seconds.
  path: Assets/STYLIZED Desert Kingdom/Prefabs/Modular Elements/SM_rooftop_pavilion.prefab
  artifactKey: Guid(2d447b53b5bd07f4990d4060be3d3cd8) Importer(2089858483,192608db42251d675da83286b1cce702)
Start importing Assets/STYLIZED Desert Kingdom/Prefabs/Modular Elements/SM_rooftop_pavilion.prefab using Guid(2d447b53b5bd07f4990d4060be3d3cd8) Importer(2089858483,192608db42251d675da83286b1cce702) (ScriptedImporter) -> (artifact id: '72d5a32a486704412cc5666ffe577e0b') in 0.1652886 seconds
Number of updated asset objects reloaded before import = 0Number of asset objects unloaded after import = 22

========================================================================
Received Import Request.
  Time since last request: 0.000029 seconds.
  path: Assets/STYLIZED Desert Kingdom/Materials/Materials/M_skybox_dramatic_nigtht.mat
  artifactKey: Guid(22020297e0703134c9e759dfc4908181) Importer(2089858483,192608db42251d675da83286b1cce702)
Start importing Assets/STYLIZED Desert Kingdom/Materials/Materials/M_skybox_dramatic_nigtht.mat using Guid(22020297e0703134c9e759dfc4908181) Importer(2089858483,192608db42251d675da83286b1cce702) (ScriptedImporter) -> (artifact id: 'fcc07b40e648dae9a0fd60763b42f811') in 0.2995845 seconds
Number of updated asset objects reloaded before import = 0Number of asset objects unloaded after import = 2

========================================================================
Received Import Request.
  Time since last request: 0.000064 seconds.
  path: Assets/STYLIZED Desert Kingdom/Materials/Textures/M_fence_BaseMap.png
  artifactKey: Guid(c9a941aa0c896134ba03e82c0fc6ed1e) Importer(2089858483,192608db42251d675da83286b1cce702)
Start importing Assets/STYLIZED Desert Kingdom/Materials/Textures/M_fence_BaseMap.png using Guid(c9a941aa0c896134ba03e82c0fc6ed1e) Importer(2089858483,192608db42251d675da83286b1cce702) (ScriptedImporter) -> (artifact id: '979e09706429057cb0570c408475d967') in 0.0632914 seconds
Number of updated asset objects reloaded before import = 0Number of asset objects unloaded after import = 1

========================================================================
Received Import Request.
  Time since last request: 0.000028 seconds.
  path: Assets/STYLIZED Desert Kingdom/Prefabs/Props/SM_cart_preset_03.prefab
  artifactKey: Guid(51a7eb51abf7d2a4189bcb56526f4c4a) Importer(2089858483,192608db42251d675da83286b1cce702)
Start importing Assets/STYLIZED Desert Kingdom/Prefabs/Props/SM_cart_preset_03.prefab using Guid(51a7eb51abf7d2a4189bcb56526f4c4a) Importer(2089858483,192608db42251d675da83286b1cce702) (ScriptedImporter) -> (artifact id: '508d4e70dbe1c682427e67855eb5174f') in 0.0938476 seconds
Number of updated asset objects reloaded before import = 0Number of asset objects unloaded after import = 16

========================================================================
Received Import Request.
  Time since last request: 0.000034 seconds.
  path: Assets/STYLIZED Desert Kingdom/Materials/Materials/M_arches_fancy.mat
  artifactKey: Guid(b73ec0b41a847fa4ba8a63146a904c0b) Importer(2089858483,192608db42251d675da83286b1cce702)
Start importing Assets/STYLIZED Desert Kingdom/Materials/Materials/M_arches_fancy.mat using Guid(b73ec0b41a847fa4ba8a63146a904c0b) Importer(2089858483,192608db42251d675da83286b1cce702) (ScriptedImporter) -> (artifact id: '8d1165769aa6eefa9cb21f00742838ae') in 0.104971 seconds
Number of updated asset objects reloaded before import = 0Number of asset objects unloaded after import = 4

========================================================================
Received Import Request.
  Time since last request: 0.000064 seconds.
  path: Assets/STYLIZED Desert Kingdom/Materials/Textures/M_marketassets_BaseMap.png
  artifactKey: Guid(e756df1899dfef04bbc60dd17c8c42f8) Importer(2089858483,192608db42251d675da83286b1cce702)
Start importing Assets/STYLIZED Desert Kingdom/Materials/Textures/M_marketassets_BaseMap.png using Guid(e756df1899dfef04bbc60dd17c8c42f8) Importer(2089858483,192608db42251d675da83286b1cce702) (ScriptedImporter) -> (artifact id: 'c97aaf93f0b68292bd38e3d605a7fa9c') in 0.0547133 seconds
Number of updated asset objects reloaded before import = 0Number of asset objects unloaded after import = 1

========================================================================
Received Import Request.
  Time since last request: 0.000039 seconds.
  path: Assets/STYLIZED Desert Kingdom/Materials/Textures/M_statue_phoenix_MaskMap.png
  artifactKey: Guid(e9141747c23de10418379180910999f1) Importer(2089858483,192608db42251d675da83286b1cce702)
Start importing Assets/STYLIZED Desert Kingdom/Materials/Textures/M_statue_phoenix_MaskMap.png using Guid(e9141747c23de10418379180910999f1) Importer(2089858483,192608db42251d675da83286b1cce702) (ScriptedImporter) -> (artifact id: '6d99e4043dfc0b390538f1a55639cb5f') in 0.0620497 seconds
Number of updated asset objects reloaded before import = 0Number of asset objects unloaded after import = 1

========================================================================
Received Import Request.
  Time since last request: 0.000062 seconds.
  path: Assets/STYLIZED Desert Kingdom/Prefabs/Props/SM_marketstand_03 (2).prefab
  artifactKey: Guid(e9cc9eea8e2f4944a8e62c0fa58ec3ab) Importer(2089858483,192608db42251d675da83286b1cce702)
Start importing Assets/STYLIZED Desert Kingdom/Prefabs/Props/SM_marketstand_03 (2).prefab using Guid(e9cc9eea8e2f4944a8e62c0fa58ec3ab) Importer(2089858483,192608db42251d675da83286b1cce702) (ScriptedImporter) -> (artifact id: 'f7d508b0fe7aae8bcae58d1009fe897a') in 0.0774804 seconds
Number of updated asset objects reloaded before import = 0Number of asset objects unloaded after import = 16

========================================================================
Received Import Request.
  Time since last request: 0.000042 seconds.
  path: Assets/STYLIZED Desert Kingdom/Meshes/Nature/SM_palm_tree_desert_01.fbx
  artifactKey: Guid(6d36421668a31e048bb89f03e04b16f5) Importer(2089858483,192608db42251d675da83286b1cce702)
Start importing Assets/STYLIZED Desert Kingdom/Meshes/Nature/SM_palm_tree_desert_01.fbx using Guid(6d36421668a31e048bb89f03e04b16f5) Importer(2089858483,192608db42251d675da83286b1cce702) (ScriptedImporter) -> (artifact id: '5213d8236feaa1afd59ccfdd536806a7') in 0.0770985 seconds
Number of updated asset objects reloaded before import = 0Number of asset objects unloaded after import = 15

========================================================================
Received Import Request.
  Time since last request: 0.000029 seconds.
  path: Assets/STYLIZED Desert Kingdom/Meshes/Modular Elements/SM_roof_cresting_02.fbx
  artifactKey: Guid(0a8cc4a314125d9408056d60b7331ddc) Importer(2089858483,192608db42251d675da83286b1cce702)
Start importing Assets/STYLIZED Desert Kingdom/Meshes/Modular Elements/SM_roof_cresting_02.fbx using Guid(0a8cc4a314125d9408056d60b7331ddc) Importer(2089858483,192608db42251d675da83286b1cce702) (ScriptedImporter) -> (artifact id: '22d39ff43f23006b810fcc8210abf5ce') in 0.0448353 seconds
Number of updated asset objects reloaded before import = 0Number of asset objects unloaded after import = 12

========================================================================
Received Import Request.
  Time since last request: 0.000035 seconds.
  path: Assets/STYLIZED Desert Kingdom/Meshes/Building Parts/SM_wall_door_large.fbx
  artifactKey: Guid(5ea4dc112ff180445826fc392a9a3cb0) Importer(2089858483,192608db42251d675da83286b1cce702)
Start importing Assets/STYLIZED Desert Kingdom/Meshes/Building Parts/SM_wall_door_large.fbx using Guid(5ea4dc112ff180445826fc392a9a3cb0) Importer(2089858483,192608db42251d675da83286b1cce702) (ScriptedImporter) -> (artifact id: '39913e5d383bd368f7f6cb237dfad3e7') in 0.0716913 seconds
Number of updated asset objects reloaded before import = 0Number of asset objects unloaded after import = 14

========================================================================
Received Import Request.
  Time since last request: 0.000051 seconds.
  path: Assets/STYLIZED Desert Kingdom/Materials/Materials/M_gold.mat
  artifactKey: Guid(ca7591920dbd50142ada3f37e692112c) Importer(2089858483,192608db42251d675da83286b1cce702)
Start importing Assets/STYLIZED Desert Kingdom/Materials/Materials/M_gold.mat using Guid(ca7591920dbd50142ada3f37e692112c) Importer(2089858483,192608db42251d675da83286b1cce702) (ScriptedImporter) -> (artifact id: '0ef8b57b54d96bb0d82ad587108c9979') in 0.1163329 seconds
Number of updated asset objects reloaded before import = 0Number of asset objects unloaded after import = 3

========================================================================
Received Import Request.
  Time since last request: 0.000034 seconds.
  path: Assets/STYLIZED Desert Kingdom/Prefabs/Buildings/SM_house_desert_small_02 (2).prefab
  artifactKey: Guid(3d83af1fa5ce4644880c1c943464a607) Importer(2089858483,192608db42251d675da83286b1cce702)
Start importing Assets/STYLIZED Desert Kingdom/Prefabs/Buildings/SM_house_desert_small_02 (2).prefab using Guid(3d83af1fa5ce4644880c1c943464a607) Importer(2089858483,192608db42251d675da83286b1cce702) (ScriptedImporter) -> (artifact id: '57ba1b44700dfc186fe35f90af659db9') in 0.0890697 seconds
Number of updated asset objects reloaded before import = 0Number of asset objects unloaded after import = 23

========================================================================
Received Import Request.
  Time since last request: 0.000139 seconds.
  path: Assets/STYLIZED Desert Kingdom/Meshes/Buildings/SM_pavilion_india.fbx
  artifactKey: Guid(67205960ce0bb5e40b04bb7410be2cb8) Importer(2089858483,192608db42251d675da83286b1cce702)
Start importing Assets/STYLIZED Desert Kingdom/Meshes/Buildings/SM_pavilion_india.fbx using Guid(67205960ce0bb5e40b04bb7410be2cb8) Importer(2089858483,192608db42251d675da83286b1cce702) (ScriptedImporter) -> (artifact id: '627f3e64f6be7e72dfad8b6f04a7d407') in 0.1026695 seconds
Number of updated asset objects reloaded before import = 0Number of asset objects unloaded after import = 16

========================================================================
Received Import Request.
  Time since last request: 0.000040 seconds.
  path: Assets/STYLIZED Desert Kingdom/Materials/Textures/M_window_frames_Normal.png
  artifactKey: Guid(cce714ad55240a742a428246a33b7059) Importer(2089858483,192608db42251d675da83286b1cce702)
Start importing Assets/STYLIZED Desert Kingdom/Materials/Textures/M_window_frames_Normal.png using Guid(cce714ad55240a742a428246a33b7059) Importer(2089858483,192608db42251d675da83286b1cce702) (ScriptedImporter) -> (artifact id: '00e19bcb8001965b0bef7349289de596') in 0.0486051 seconds
Number of updated asset objects reloaded before import = 0Number of asset objects unloaded after import = 1

========================================================================
Received Import Request.
  Time since last request: 0.000046 seconds.
  path: Assets/STYLIZED Desert Kingdom/Prefabs/Modular Elements/SM_door_wooden_02.prefab
  artifactKey: Guid(eb7bc2716208b7b44ba64d7b4aecdd14) Importer(2089858483,192608db42251d675da83286b1cce702)
Start importing Assets/STYLIZED Desert Kingdom/Prefabs/Modular Elements/SM_door_wooden_02.prefab using Guid(eb7bc2716208b7b44ba64d7b4aecdd14) Importer(2089858483,192608db42251d675da83286b1cce702) (ScriptedImporter) -> (artifact id: '1457e259757e4b2282e765afc5bee867') in 0.07649 seconds
Number of updated asset objects reloaded before import = 0Number of asset objects unloaded after import = 16

========================================================================
Received Import Request.
  Time since last request: 0.000032 seconds.
  path: Assets/STYLIZED Desert Kingdom/Materials/Textures/M_pattern_golden_02_Normal.png
  artifactKey: Guid(7f30a7242735ed549803df94a25609c2) Importer(2089858483,192608db42251d675da83286b1cce702)
Start importing Assets/STYLIZED Desert Kingdom/Materials/Textures/M_pattern_golden_02_Normal.png using Guid(7f30a7242735ed549803df94a25609c2) Importer(2089858483,192608db42251d675da83286b1cce702) (ScriptedImporter) -> (artifact id: '78b6279f648410f93d4565a3c02092e3') in 0.0664497 seconds
Number of updated asset objects reloaded before import = 0Number of asset objects unloaded after import = 1

========================================================================
Received Import Request.
  Time since last request: 0.000111 seconds.
  path: Assets/STYLIZED Desert Kingdom/Meshes/Modular Elements/SM_dome_05.fbx
  artifactKey: Guid(b405cf00d199c7840bd0289b9548eef1) Importer(2089858483,192608db42251d675da83286b1cce702)
Start importing Assets/STYLIZED Desert Kingdom/Meshes/Modular Elements/SM_dome_05.fbx using Guid(b405cf00d199c7840bd0289b9548eef1) Importer(2089858483,192608db42251d675da83286b1cce702) (ScriptedImporter) -> (artifact id: '87e9c6e8f9adde9045a7076c33f93e88') in 0.0485183 seconds
Number of updated asset objects reloaded before import = 0Number of asset objects unloaded after import = 12

========================================================================
Received Import Request.
  Time since last request: 0.000072 seconds.
  path: Assets/STYLIZED Desert Kingdom/Prefabs/Modular Elements/SM_wall_door_01.prefab
  artifactKey: Guid(cab9fdbb5110f4846906b7751ea3f7c3) Importer(2089858483,192608db42251d675da83286b1cce702)
Start importing Assets/STYLIZED Desert Kingdom/Prefabs/Modular Elements/SM_wall_door_01.prefab using Guid(cab9fdbb5110f4846906b7751ea3f7c3) Importer(2089858483,192608db42251d675da83286b1cce702) (ScriptedImporter) -> (artifact id: 'ee6c6cea1493f0abb9df47e71b01f32a') in 0.1466061 seconds
Number of updated asset objects reloaded before import = 0Number of asset objects unloaded after import = 16

========================================================================
Received Import Request.
  Time since last request: 0.000053 seconds.
  path: Assets/STYLIZED Desert Kingdom/Meshes/Modular Elements/SM_floortiles_04.fbx
  artifactKey: Guid(74f8a267ce1ea81438f0c97497760853) Importer(2089858483,192608db42251d675da83286b1cce702)
Start importing Assets/STYLIZED Desert Kingdom/Meshes/Modular Elements/SM_floortiles_04.fbx using Guid(74f8a267ce1ea81438f0c97497760853) Importer(2089858483,192608db42251d675da83286b1cce702) (ScriptedImporter) -> (artifact id: 'a7b2ebb0fa9e845c1647a95658f75cba') in 0.0433297 seconds
Number of updated asset objects reloaded before import = 0Number of asset objects unloaded after import = 12

========================================================================
Received Import Request.
  Time since last request: 0.000057 seconds.
  path: Assets/STYLIZED Desert Kingdom/Prefabs/Props/SM_cart_02.prefab
  artifactKey: Guid(85985f2e79ca83740b94fe5242a3bf91) Importer(2089858483,192608db42251d675da83286b1cce702)
Start importing Assets/STYLIZED Desert Kingdom/Prefabs/Props/SM_cart_02.prefab using Guid(85985f2e79ca83740b94fe5242a3bf91) Importer(2089858483,192608db42251d675da83286b1cce702) (ScriptedImporter) -> (artifact id: 'e4a39566d197353ac8b07022a7107b6c') in 0.0950503 seconds
Number of updated asset objects reloaded before import = 0Number of asset objects unloaded after import = 15

========================================================================
Received Import Request.
  Time since last request: 0.000036 seconds.
  path: Assets/STYLIZED Desert Kingdom/Materials/Textures/M_window_frames_MaskMap.png
  artifactKey: Guid(09feb54ce9b52a74d81b9c7fd7cbd24d) Importer(2089858483,192608db42251d675da83286b1cce702)
Start importing Assets/STYLIZED Desert Kingdom/Materials/Textures/M_window_frames_MaskMap.png using Guid(09feb54ce9b52a74d81b9c7fd7cbd24d) Importer(2089858483,192608db42251d675da83286b1cce702) (ScriptedImporter) -> (artifact id: 'b735db17f8be945fbb2224f0f64879d3') in 0.0356556 seconds
Number of updated asset objects reloaded before import = 0Number of asset objects unloaded after import = 1

========================================================================
Received Import Request.
  Time since last request: 0.000029 seconds.
  path: Assets/STYLIZED Desert Kingdom/Meshes/Props/SM_bread_stacked.fbx
  artifactKey: Guid(6bd289857a8b57743a09d1f75738c9c9) Importer(2089858483,192608db42251d675da83286b1cce702)
Start importing Assets/STYLIZED Desert Kingdom/Meshes/Props/SM_bread_stacked.fbx using Guid(6bd289857a8b57743a09d1f75738c9c9) Importer(2089858483,192608db42251d675da83286b1cce702) (ScriptedImporter) -> (artifact id: '643e9a3383989954ce5babf712037d8d') in 0.0464153 seconds
Number of updated asset objects reloaded before import = 0Number of asset objects unloaded after import = 12

========================================================================
Received Import Request.
  Time since last request: 0.000061 seconds.
  path: Assets/STYLIZED Desert Kingdom/Prefabs/Props/SM_brazier_02.prefab
  artifactKey: Guid(96b497891dcfc054088e276af40e0370) Importer(2089858483,192608db42251d675da83286b1cce702)
Start importing Assets/STYLIZED Desert Kingdom/Prefabs/Props/SM_brazier_02.prefab using Guid(96b497891dcfc054088e276af40e0370) Importer(2089858483,192608db42251d675da83286b1cce702) (ScriptedImporter) -> (artifact id: '7de5e24c3e0d3cbaa3e0c58dbb4a44b1') in 0.0685676 seconds
Number of updated asset objects reloaded before import = 0Number of asset objects unloaded after import = 15

========================================================================
Received Import Request.
  Time since last request: 0.000033 seconds.
  path: Assets/STYLIZED Desert Kingdom/Prefabs/Modular Elements/SM_wall_connector_02 1.prefab
  artifactKey: Guid(98e4f7fad1fb86b4ca992561118af395) Importer(2089858483,192608db42251d675da83286b1cce702)
Start importing Assets/STYLIZED Desert Kingdom/Prefabs/Modular Elements/SM_wall_connector_02 1.prefab using Guid(98e4f7fad1fb86b4ca992561118af395) Importer(2089858483,192608db42251d675da83286b1cce702) (ScriptedImporter) -> (artifact id: '15111294caffe81496b14570cd548284') in 0.0659071 seconds
Number of updated asset objects reloaded before import = 0Number of asset objects unloaded after import = 15

========================================================================
Received Import Request.
  Time since last request: 0.000076 seconds.
  path: Assets/STYLIZED Desert Kingdom/Meshes/Modular Elements/SM_staircase_small_01.fbx
  artifactKey: Guid(0e0fc876260699c449a78b43f5de02ba) Importer(2089858483,192608db42251d675da83286b1cce702)
Start importing Assets/STYLIZED Desert Kingdom/Meshes/Modular Elements/SM_staircase_small_01.fbx using Guid(0e0fc876260699c449a78b43f5de02ba) Importer(2089858483,192608db42251d675da83286b1cce702) (ScriptedImporter) -> (artifact id: 'b118fb99e74e710dbd41cd3d73f44bf4') in 0.0590058 seconds
Number of updated asset objects reloaded before import = 0Number of asset objects unloaded after import = 15

========================================================================
Received Import Request.
  Time since last request: 0.000064 seconds.
  path: Assets/STYLIZED Desert Kingdom/Materials/Textures/M_fireplaces_Normal.png
  artifactKey: Guid(d2bb7915dd4accf4bb59d787b8458736) Importer(2089858483,192608db42251d675da83286b1cce702)
Start importing Assets/STYLIZED Desert Kingdom/Materials/Textures/M_fireplaces_Normal.png using Guid(d2bb7915dd4accf4bb59d787b8458736) Importer(2089858483,192608db42251d675da83286b1cce702) (ScriptedImporter) -> (artifact id: '82ad631f497562d814eae12685be34ca') in 0.0418029 seconds
Number of updated asset objects reloaded before import = 0Number of asset objects unloaded after import = 1

========================================================================
Received Import Request.
  Time since last request: 0.000031 seconds.
  path: Assets/STYLIZED Desert Kingdom/Meshes/Buildings/SM_house_desert_02.fbx
  artifactKey: Guid(6a10ba1be6a7f184d906ea63eca9b3c1) Importer(2089858483,192608db42251d675da83286b1cce702)
Start importing Assets/STYLIZED Desert Kingdom/Meshes/Buildings/SM_house_desert_02.fbx using Guid(6a10ba1be6a7f184d906ea63eca9b3c1) Importer(2089858483,192608db42251d675da83286b1cce702) (ScriptedImporter) -> (artifact id: '62b69bc241382c2779108529f8477bb0') in 0.132416 seconds
Number of updated asset objects reloaded before import = 0Number of asset objects unloaded after import = 21

========================================================================
Received Import Request.
  Time since last request: 0.000047 seconds.
  path: Assets/STYLIZED Desert Kingdom/Prefabs/Modular Elements/SM_wall_door_04.prefab
  artifactKey: Guid(841660f2961362649845bce90f3d1ae0) Importer(2089858483,192608db42251d675da83286b1cce702)
Start importing Assets/STYLIZED Desert Kingdom/Prefabs/Modular Elements/SM_wall_door_04.prefab using Guid(841660f2961362649845bce90f3d1ae0) Importer(2089858483,192608db42251d675da83286b1cce702) (ScriptedImporter) -> (artifact id: 'c517cb6e944c2f8ddfae961fba440c16') in 0.090186 seconds
Number of updated asset objects reloaded before import = 0Number of asset objects unloaded after import = 17

========================================================================
Received Import Request.
  Time since last request: 0.000137 seconds.
  path: Assets/STYLIZED Desert Kingdom/Materials/Textures/M_skybox_01 1.png
  artifactKey: Guid(4409cec1f0fbf42499628e8f1493843f) Importer(2089858483,192608db42251d675da83286b1cce702)
Start importing Assets/STYLIZED Desert Kingdom/Materials/Textures/M_skybox_01 1.png using Guid(4409cec1f0fbf42499628e8f1493843f) Importer(2089858483,192608db42251d675da83286b1cce702) (ScriptedImporter) -> (artifact id: '527c24beac8fe537382d02eed90d903d') in 0.0635477 seconds
Number of updated asset objects reloaded before import = 0Number of asset objects unloaded after import = 1

========================================================================
Received Import Request.
  Time since last request: 0.000031 seconds.
  path: Assets/STYLIZED Desert Kingdom/Prefabs/Modular Elements/SM_door_ornate_04.prefab
  artifactKey: Guid(9861e00d25d037d4abb1f3f4f471dc65) Importer(2089858483,192608db42251d675da83286b1cce702)
Start importing Assets/STYLIZED Desert Kingdom/Prefabs/Modular Elements/SM_door_ornate_04.prefab using Guid(9861e00d25d037d4abb1f3f4f471dc65) Importer(2089858483,192608db42251d675da83286b1cce702) (ScriptedImporter) -> (artifact id: '2664909cbbd8998c7cf04e56165cd8fe') in 0.0889299 seconds
Number of updated asset objects reloaded before import = 0Number of asset objects unloaded after import = 15

========================================================================
Received Import Request.
  Time since last request: 0.000041 seconds.
  path: Assets/STYLIZED Desert Kingdom/Prefabs/Modular Elements/SM_floortiles_small_01.prefab
  artifactKey: Guid(8bc2c15348d11ed4cb5d527d304e8fa5) Importer(2089858483,192608db42251d675da83286b1cce702)
Start importing Assets/STYLIZED Desert Kingdom/Prefabs/Modular Elements/SM_floortiles_small_01.prefab using Guid(8bc2c15348d11ed4cb5d527d304e8fa5) Importer(2089858483,192608db42251d675da83286b1cce702) (ScriptedImporter) -> (artifact id: '34a05411408285ea4b5a8c4c7860bfc4') in 0.1990028 seconds
Number of updated asset objects reloaded before import = 0Number of asset objects unloaded after import = 15

========================================================================
Received Import Request.
  Time since last request: 0.000057 seconds.
  path: Assets/STYLIZED Desert Kingdom/Meshes/Modular Elements/SM_staircase_wide.fbx
  artifactKey: Guid(1be7e9001e00c1447ab44fd60c00907f) Importer(2089858483,192608db42251d675da83286b1cce702)
Start importing Assets/STYLIZED Desert Kingdom/Meshes/Modular Elements/SM_staircase_wide.fbx using Guid(1be7e9001e00c1447ab44fd60c00907f) Importer(2089858483,192608db42251d675da83286b1cce702) (ScriptedImporter) -> (artifact id: '462d8506462edebbc418ba5a40a31d69') in 0.11811 seconds
Number of updated asset objects reloaded before import = 0Number of asset objects unloaded after import = 15

========================================================================
Received Import Request.
  Time since last request: 0.000032 seconds.
  path: Assets/STYLIZED Desert Kingdom/Meshes/Modular Elements/SM_railing_sandstone_01.fbx
  artifactKey: Guid(888f692a17a149d418b528c4843e70f8) Importer(2089858483,192608db42251d675da83286b1cce702)
Start importing Assets/STYLIZED Desert Kingdom/Meshes/Modular Elements/SM_railing_sandstone_01.fbx using Guid(888f692a17a149d418b528c4843e70f8) Importer(2089858483,192608db42251d675da83286b1cce702) (ScriptedImporter) -> (artifact id: 'f4100062f92876cc83fdd9efa52f245a') in 0.0544567 seconds
Number of updated asset objects reloaded before import = 0Number of asset objects unloaded after import = 12

========================================================================
Received Import Request.
  Time since last request: 0.000031 seconds.
  path: Assets/STYLIZED Desert Kingdom/Meshes/Modular Elements/SM_attachment_module_01.fbx
  artifactKey: Guid(1c055d0d54520c345a9ddeec37bae8d7) Importer(2089858483,192608db42251d675da83286b1cce702)
Start importing Assets/STYLIZED Desert Kingdom/Meshes/Modular Elements/SM_attachment_module_01.fbx using Guid(1c055d0d54520c345a9ddeec37bae8d7) Importer(2089858483,192608db42251d675da83286b1cce702) (ScriptedImporter) -> (artifact id: 'ca0b6086fbc051e0f6e8b2f01d91ebcc') in 0.0773318 seconds
Number of updated asset objects reloaded before import = 0Number of asset objects unloaded after import = 17

========================================================================
Received Import Request.
  Time since last request: 0.000034 seconds.
  path: Assets/STYLIZED Desert Kingdom/Prefabs/Props/SM_banner_01 (1).prefab
  artifactKey: Guid(2a8eab8a6baa2da4bab76ea391dd0024) Importer(2089858483,192608db42251d675da83286b1cce702)
Start importing Assets/STYLIZED Desert Kingdom/Prefabs/Props/SM_banner_01 (1).prefab using Guid(2a8eab8a6baa2da4bab76ea391dd0024) Importer(2089858483,192608db42251d675da83286b1cce702) (ScriptedImporter) -> (artifact id: '993c26bcfa956602d9a492492c11db60') in 0.1183207 seconds
Number of updated asset objects reloaded before import = 0Number of asset objects unloaded after import = 16

========================================================================
Received Import Request.
  Time since last request: 0.000024 seconds.
  path: Assets/STYLIZED Desert Kingdom/Prefabs/Props/SM_fruit_04.prefab
  artifactKey: Guid(b62f5c79242d1344abd40de3735f9a36) Importer(2089858483,192608db42251d675da83286b1cce702)
Start importing Assets/STYLIZED Desert Kingdom/Prefabs/Props/SM_fruit_04.prefab using Guid(b62f5c79242d1344abd40de3735f9a36) Importer(2089858483,192608db42251d675da83286b1cce702) (ScriptedImporter) -> (artifact id: 'b552bdfddfdd076a61db8814d10484d8') in 0.0762521 seconds
Number of updated asset objects reloaded before import = 0Number of asset objects unloaded after import = 15

========================================================================
Received Import Request.
  Time since last request: 0.000038 seconds.
  path: Assets/STYLIZED Desert Kingdom/Prefabs/Modular Elements/SM_wall_arch_04.prefab
  artifactKey: Guid(91dd286e5b89f6045a7e2ee8af2fb314) Importer(2089858483,192608db42251d675da83286b1cce702)
Start importing Assets/STYLIZED Desert Kingdom/Prefabs/Modular Elements/SM_wall_arch_04.prefab using Guid(91dd286e5b89f6045a7e2ee8af2fb314) Importer(2089858483,192608db42251d675da83286b1cce702) (ScriptedImporter) -> (artifact id: '9039f7e07fd25e0a8b4eb44418dc027d') in 0.0773013 seconds
Number of updated asset objects reloaded before import = 0Number of asset objects unloaded after import = 17

========================================================================
Received Import Request.
  Time since last request: 0.000048 seconds.
  path: Assets/STYLIZED Desert Kingdom/Materials/Materials/M_door.mat
  artifactKey: Guid(8776502dfa05aba498f71182ce594ecc) Importer(2089858483,192608db42251d675da83286b1cce702)
Start importing Assets/STYLIZED Desert Kingdom/Materials/Materials/M_door.mat using Guid(8776502dfa05aba498f71182ce594ecc) Importer(2089858483,192608db42251d675da83286b1cce702) (ScriptedImporter) -> (artifact id: 'ff9e71293240b3e4f696700174dfa198') in 0.0541847 seconds
Number of updated asset objects reloaded before import = 0Number of asset objects unloaded after import = 1

========================================================================
Received Import Request.
  Time since last request: 0.000036 seconds.
  path: Assets/STYLIZED Desert Kingdom/Materials/Materials/M_fog.mat
  artifactKey: Guid(d698a99653f35514e979c46e84593fac) Importer(2089858483,192608db42251d675da83286b1cce702)
Start importing Assets/STYLIZED Desert Kingdom/Materials/Materials/M_fog.mat using Guid(d698a99653f35514e979c46e84593fac) Importer(2089858483,192608db42251d675da83286b1cce702) (ScriptedImporter) -> (artifact id: '6f6ff22b27946329ad527d0b0b4750fa') in 0.0876467 seconds
Number of updated asset objects reloaded before import = 0Number of asset objects unloaded after import = 2

========================================================================
Received Import Request.
  Time since last request: 0.000059 seconds.
  path: Assets/STYLIZED Desert Kingdom/Prefabs/Statues/SM_statue_guard.prefab
  artifactKey: Guid(549752be5b59d8e48932581eb7414c15) Importer(2089858483,192608db42251d675da83286b1cce702)
Start importing Assets/STYLIZED Desert Kingdom/Prefabs/Statues/SM_statue_guard.prefab using Guid(549752be5b59d8e48932581eb7414c15) Importer(2089858483,192608db42251d675da83286b1cce702) (ScriptedImporter) -> (artifact id: '42c656c3c81906dfe48f13b0f56eb06d') in 0.0978325 seconds
Number of updated asset objects reloaded before import = 0Number of asset objects unloaded after import = 15

========================================================================
Received Import Request.
  Time since last request: 0.000043 seconds.
  path: Assets/STYLIZED Desert Kingdom/Prefabs/Modular Elements/SM_wall_large_04.prefab
  artifactKey: Guid(dbef884212ccadd45a4d2848993e362a) Importer(2089858483,192608db42251d675da83286b1cce702)
Start importing Assets/STYLIZED Desert Kingdom/Prefabs/Modular Elements/SM_wall_large_04.prefab using Guid(dbef884212ccadd45a4d2848993e362a) Importer(2089858483,192608db42251d675da83286b1cce702) (ScriptedImporter) -> (artifact id: '768da3b1443806452fa273a3b18c86cd') in 0.0952459 seconds
Number of updated asset objects reloaded before import = 0Number of asset objects unloaded after import = 18

========================================================================
Received Import Request.
  Time since last request: 0.000029 seconds.
  path: Assets/STYLIZED Desert Kingdom/Materials
  artifactKey: Guid(4570ea33cc04f554884d691a353fa7a8) Importer(2089858483,192608db42251d675da83286b1cce702)
Start importing Assets/STYLIZED Desert Kingdom/Materials using Guid(4570ea33cc04f554884d691a353fa7a8) Importer(2089858483,192608db42251d675da83286b1cce702) (ScriptedImporter) -> (artifact id: '444f226601ab3e6bfe4c25d4cf219ef0') in 0.0238263 seconds
Number of updated asset objects reloaded before import = 0Number of asset objects unloaded after import = 1

========================================================================
Received Import Request.
  Time since last request: 0.000058 seconds.
  path: Assets/STYLIZED Desert Kingdom/Meshes/Modular Elements/SM_door_ornate_05.fbx
  artifactKey: Guid(2306290708062bf4199835ef1c7cdd99) Importer(2089858483,192608db42251d675da83286b1cce702)
Start importing Assets/STYLIZED Desert Kingdom/Meshes/Modular Elements/SM_door_ornate_05.fbx using Guid(2306290708062bf4199835ef1c7cdd99) Importer(2089858483,192608db42251d675da83286b1cce702) (ScriptedImporter) -> (artifact id: '47153bb012e89a7a5b7b5c655a7b4126') in 0.0531877 seconds
Number of updated asset objects reloaded before import = 0Number of asset objects unloaded after import = 12

========================================================================
Received Import Request.
  Time since last request: 0.000067 seconds.
  path: Assets/STYLIZED Desert Kingdom/Prefabs/Modular Elements/SM_arch_01.prefab
  artifactKey: Guid(78296b273da40554dbc0a5f804e84c4a) Importer(2089858483,192608db42251d675da83286b1cce702)
Start importing Assets/STYLIZED Desert Kingdom/Prefabs/Modular Elements/SM_arch_01.prefab using Guid(78296b273da40554dbc0a5f804e84c4a) Importer(2089858483,192608db42251d675da83286b1cce702) (ScriptedImporter) -> (artifact id: '9a242f444eae69ded97ce1d99c5025d6') in 0.1071804 seconds
Number of updated asset objects reloaded before import = 0Number of asset objects unloaded after import = 19

========================================================================
Received Import Request.
  Time since last request: 0.000047 seconds.
  path: Assets/STYLIZED Desert Kingdom/Materials/Textures/M_carpets_Normal.png
  artifactKey: Guid(18a1d46fcc1bf1f4580d35df636904af) Importer(2089858483,192608db42251d675da83286b1cce702)
Start importing Assets/STYLIZED Desert Kingdom/Materials/Textures/M_carpets_Normal.png using Guid(18a1d46fcc1bf1f4580d35df636904af) Importer(2089858483,192608db42251d675da83286b1cce702) (ScriptedImporter) -> (artifact id: 'd1a004767101eb7ed27d4eb30fc0fc80') in 0.1193321 seconds
Number of updated asset objects reloaded before import = 0Number of asset objects unloaded after import = 1

========================================================================
Received Import Request.
  Time since last request: 0.000045 seconds.
  path: Assets/STYLIZED Desert Kingdom/Meshes/Traps/SM_spike_trap_spikes.fbx
  artifactKey: Guid(00662d5fc842b9d40b260ffc9a592b37) Importer(2089858483,192608db42251d675da83286b1cce702)
Start importing Assets/STYLIZED Desert Kingdom/Meshes/Traps/SM_spike_trap_spikes.fbx using Guid(00662d5fc842b9d40b260ffc9a592b37) Importer(2089858483,192608db42251d675da83286b1cce702) (ScriptedImporter) -> (artifact id: 'b0c05b627a72d43b4d7b7f3d11ef606e') in 0.0621553 seconds
Number of updated asset objects reloaded before import = 0Number of asset objects unloaded after import = 12

========================================================================
Received Import Request.
  Time since last request: 0.000055 seconds.
  path: Assets/STYLIZED Desert Kingdom/Materials/Materials/M_groundtiles_fancy.mat
  artifactKey: Guid(55de2690e94ee4f4cb52806f60862d17) Importer(2089858483,192608db42251d675da83286b1cce702)
Start importing Assets/STYLIZED Desert Kingdom/Materials/Materials/M_groundtiles_fancy.mat using Guid(55de2690e94ee4f4cb52806f60862d17) Importer(2089858483,192608db42251d675da83286b1cce702) (ScriptedImporter) -> (artifact id: 'a91400261fef0981e704682623b8c145') in 0.1598499 seconds
Number of updated asset objects reloaded before import = 0Number of asset objects unloaded after import = 4

========================================================================
Received Import Request.
  Time since last request: 0.000037 seconds.
  path: Assets/STYLIZED Desert Kingdom/Prefabs/Modular Elements/SM_wall_door_03.prefab
  artifactKey: Guid(6fe646575996dbf48a52f209996a453d) Importer(2089858483,192608db42251d675da83286b1cce702)
Start importing Assets/STYLIZED Desert Kingdom/Prefabs/Modular Elements/SM_wall_door_03.prefab using Guid(6fe646575996dbf48a52f209996a453d) Importer(2089858483,192608db42251d675da83286b1cce702) (ScriptedImporter) -> (artifact id: '86f1d7a79f774eec8543f249871ad0f4') in 0.0793964 seconds
Number of updated asset objects reloaded before import = 0Number of asset objects unloaded after import = 16

========================================================================
Received Import Request.
  Time since last request: 0.000051 seconds.
  path: Assets/STYLIZED Desert Kingdom/Prefabs/Buildings/SM_house_desert_03 (1).prefab
  artifactKey: Guid(43d08fb0a8112de4a9bc3de560050502) Importer(2089858483,192608db42251d675da83286b1cce702)
Start importing Assets/STYLIZED Desert Kingdom/Prefabs/Buildings/SM_house_desert_03 (1).prefab using Guid(43d08fb0a8112de4a9bc3de560050502) Importer(2089858483,192608db42251d675da83286b1cce702) (ScriptedImporter) -> (artifact id: '6249f6d6f31a188431b224996d874c76') in 0.1127769 seconds
Number of updated asset objects reloaded before import = 0Number of asset objects unloaded after import = 20

========================================================================
Received Import Request.
  Time since last request: 0.000043 seconds.
  path: Assets/STYLIZED Desert Kingdom/Meshes/Traps/SM_bar_wooden.fbx
  artifactKey: Guid(1d80d279c9fc7fb4e95c9fb193d88b0c) Importer(2089858483,192608db42251d675da83286b1cce702)
Start importing Assets/STYLIZED Desert Kingdom/Meshes/Traps/SM_bar_wooden.fbx using Guid(1d80d279c9fc7fb4e95c9fb193d88b0c) Importer(2089858483,192608db42251d675da83286b1cce702) (ScriptedImporter) -> (artifact id: '9aa501c759da7c314600b9b547a84aaa') in 0.0479955 seconds
Number of updated asset objects reloaded before import = 0Number of asset objects unloaded after import = 13

========================================================================
Received Import Request.
  Time since last request: 0.000078 seconds.
  path: Assets/STYLIZED Desert Kingdom/Prefabs/Traps
  artifactKey: Guid(5f0c6addd5232e140a269856f125231c) Importer(2089858483,192608db42251d675da83286b1cce702)
Start importing Assets/STYLIZED Desert Kingdom/Prefabs/Traps using Guid(5f0c6addd5232e140a269856f125231c) Importer(2089858483,192608db42251d675da83286b1cce702) (ScriptedImporter) -> (artifact id: '63a5c8d1af9c4d4698adc40fa6d5bd59') in 0.0250342 seconds
Number of updated asset objects reloaded before import = 0Number of asset objects unloaded after import = 1

========================================================================
Received Import Request.
  Time since last request: 0.000061 seconds.
  path: Assets/STYLIZED Desert Kingdom/Prefabs/Buildings/SM_house_desert_03.prefab
  artifactKey: Guid(f596b09777690184c93a7b81f3938d51) Importer(2089858483,192608db42251d675da83286b1cce702)
Start importing Assets/STYLIZED Desert Kingdom/Prefabs/Buildings/SM_house_desert_03.prefab using Guid(f596b09777690184c93a7b81f3938d51) Importer(2089858483,192608db42251d675da83286b1cce702) (ScriptedImporter) -> (artifact id: '5e1d087ad450914f2d7487379e3770b6') in 0.0916266 seconds
Number of updated asset objects reloaded before import = 0Number of asset objects unloaded after import = 20

========================================================================
Received Import Request.
  Time since last request: 0.000042 seconds.
  path: Assets/STYLIZED Desert Kingdom/Prefabs/Buildings/SM_minaret_03.prefab
  artifactKey: Guid(c4abee313bc8de847a46c7fec8b4c7fd) Importer(2089858483,192608db42251d675da83286b1cce702)
Start importing Assets/STYLIZED Desert Kingdom/Prefabs/Buildings/SM_minaret_03.prefab using Guid(c4abee313bc8de847a46c7fec8b4c7fd) Importer(2089858483,192608db42251d675da83286b1cce702) (ScriptedImporter) -> (artifact id: '54df967a9bedf2bb8b22c56c2e21a1fe') in 0.0858787 seconds
Number of updated asset objects reloaded before import = 0Number of asset objects unloaded after import = 17

========================================================================
Received Import Request.
  Time since last request: 0.000038 seconds.
  path: Assets/STYLIZED Desert Kingdom/Meshes/Props/SM_table_empty.fbx
  artifactKey: Guid(34f07a599b4103f47be2065e157f3c8f) Importer(2089858483,192608db42251d675da83286b1cce702)
Start importing Assets/STYLIZED Desert Kingdom/Meshes/Props/SM_table_empty.fbx using Guid(34f07a599b4103f47be2065e157f3c8f) Importer(2089858483,192608db42251d675da83286b1cce702) (ScriptedImporter) -> (artifact id: '328c51ba7df04ba97fe901545ccf43a8') in 0.0543446 seconds
Number of updated asset objects reloaded before import = 0Number of asset objects unloaded after import = 12

========================================================================
Received Import Request.
  Time since last request: 0.000070 seconds.
  path: Assets/STYLIZED Desert Kingdom/Materials/Materials/M_banner 1.mat
  artifactKey: Guid(a58975ef6e263cd4fae0d7dc6dadfbf4) Importer(2089858483,192608db42251d675da83286b1cce702)
Start importing Assets/STYLIZED Desert Kingdom/Materials/Materials/M_banner 1.mat using Guid(a58975ef6e263cd4fae0d7dc6dadfbf4) Importer(2089858483,192608db42251d675da83286b1cce702) (ScriptedImporter) -> (artifact id: '524a1cb62a1f15e7f7b9faf2c9445845') in 0.0380052 seconds
Number of updated asset objects reloaded before import = 0Number of asset objects unloaded after import = 3

========================================================================
Received Import Request.
  Time since last request: 0.000054 seconds.
  path: Assets/STYLIZED Desert Kingdom/Meshes/Props/new/M_chest.fbx
  artifactKey: Guid(d90cec8bca86ca5459abefb4b01d3849) Importer(2089858483,192608db42251d675da83286b1cce702)
Start importing Assets/STYLIZED Desert Kingdom/Meshes/Props/new/M_chest.fbx using Guid(d90cec8bca86ca5459abefb4b01d3849) Importer(2089858483,192608db42251d675da83286b1cce702) (ScriptedImporter) -> (artifact id: 'bf07a2d6b29f573f9a684459caaa18a7') in 0.0820238 seconds
Number of updated asset objects reloaded before import = 0Number of asset objects unloaded after import = 12

========================================================================
Received Import Request.
  Time since last request: 0.000065 seconds.
  path: Assets/STYLIZED Desert Kingdom/Materials/Materials/M_pattern_01 2.mat
  artifactKey: Guid(9ecf2920f81ccf3469fdce43993c9509) Importer(2089858483,192608db42251d675da83286b1cce702)
Start importing Assets/STYLIZED Desert Kingdom/Materials/Materials/M_pattern_01 2.mat using Guid(9ecf2920f81ccf3469fdce43993c9509) Importer(2089858483,192608db42251d675da83286b1cce702) (ScriptedImporter) -> (artifact id: 'a0dda9d50fd22ff22d825883dd9194eb') in 0.0878694 seconds
Number of updated asset objects reloaded before import = 0Number of asset objects unloaded after import = 3

========================================================================
Received Import Request.
  Time since last request: 0.000063 seconds.
  path: Assets/STYLIZED Desert Kingdom/Materials/Textures/M_metalbars_MaskMap.png
  artifactKey: Guid(351b60d080cbe38428301d00954b123d) Importer(2089858483,192608db42251d675da83286b1cce702)
Start importing Assets/STYLIZED Desert Kingdom/Materials/Textures/M_metalbars_MaskMap.png using Guid(351b60d080cbe38428301d00954b123d) Importer(2089858483,192608db42251d675da83286b1cce702) (ScriptedImporter) -> (artifact id: 'ac528daf79d7b9ab57e7bcc65342f962') in 0.0568789 seconds
Number of updated asset objects reloaded before import = 0Number of asset objects unloaded after import = 1

========================================================================
Received Import Request.
  Time since last request: 0.000033 seconds.
  path: Assets/STYLIZED Desert Kingdom/Materials/Textures/M_door_ornate_MaskMap.png
  artifactKey: Guid(0c888922002b06e44a02cf1db2021f26) Importer(2089858483,192608db42251d675da83286b1cce702)
Start importing Assets/STYLIZED Desert Kingdom/Materials/Textures/M_door_ornate_MaskMap.png using Guid(0c888922002b06e44a02cf1db2021f26) Importer(2089858483,192608db42251d675da83286b1cce702) (ScriptedImporter) -> (artifact id: '80ab6df06ed3e97eb73c1332a0cd19ba') in 0.0463395 seconds
Number of updated asset objects reloaded before import = 0Number of asset objects unloaded after import = 1

========================================================================
Received Import Request.
  Time since last request: 0.000036 seconds.
  path: Assets/STYLIZED Desert Kingdom/Meshes/Building Parts/SM_wall_c_door.fbx
  artifactKey: Guid(cd9eb49b20f84834daa43263ac8c55fb) Importer(2089858483,192608db42251d675da83286b1cce702)
Start importing Assets/STYLIZED Desert Kingdom/Meshes/Building Parts/SM_wall_c_door.fbx using Guid(cd9eb49b20f84834daa43263ac8c55fb) Importer(2089858483,192608db42251d675da83286b1cce702) (ScriptedImporter) -> (artifact id: '5bf2b17ae3d75c85092bed055dcd6f75') in 0.0842691 seconds
Number of updated asset objects reloaded before import = 0Number of asset objects unloaded after import = 16

========================================================================
Received Import Request.
  Time since last request: 0.000051 seconds.
  path: Assets/STYLIZED Desert Kingdom/Meshes/Modular Elements/SM_door_ornate_02.fbx
  artifactKey: Guid(66e61833180d46e45999e612e7251c3c) Importer(2089858483,192608db42251d675da83286b1cce702)
Start importing Assets/STYLIZED Desert Kingdom/Meshes/Modular Elements/SM_door_ornate_02.fbx using Guid(66e61833180d46e45999e612e7251c3c) Importer(2089858483,192608db42251d675da83286b1cce702) (ScriptedImporter) -> (artifact id: '39954fccd255ccbc79edb736b7f444b2') in 0.0656664 seconds
Number of updated asset objects reloaded before import = 0Number of asset objects unloaded after import = 12

========================================================================
Received Import Request.
  Time since last request: 0.000044 seconds.
  path: Assets/STYLIZED Desert Kingdom/Materials/Textures/M_goldvases_BaseMap.png
  artifactKey: Guid(f4757db92422f454f8b91dd5c2c86831) Importer(2089858483,192608db42251d675da83286b1cce702)
Start importing Assets/STYLIZED Desert Kingdom/Materials/Textures/M_goldvases_BaseMap.png using Guid(f4757db92422f454f8b91dd5c2c86831) Importer(2089858483,192608db42251d675da83286b1cce702) (ScriptedImporter) -> (artifact id: '117342033bda96e555e4e139428c8995') in 0.0434811 seconds
Number of updated asset objects reloaded before import = 0Number of asset objects unloaded after import = 1

========================================================================
Received Import Request.
  Time since last request: 0.000042 seconds.
  path: Assets/STYLIZED Desert Kingdom/Meshes/Modular Elements/SM_wall_window_04.fbx
  artifactKey: Guid(c5f52e3fa0a277f43acddcfb2b712e39) Importer(2089858483,192608db42251d675da83286b1cce702)
Start importing Assets/STYLIZED Desert Kingdom/Meshes/Modular Elements/SM_wall_window_04.fbx using Guid(c5f52e3fa0a277f43acddcfb2b712e39) Importer(2089858483,192608db42251d675da83286b1cce702) (ScriptedImporter) -> (artifact id: '9416fe06090b78f55c2d304b74c317b6') in 0.0863261 seconds
Number of updated asset objects reloaded before import = 0Number of asset objects unloaded after import = 16

========================================================================
Received Import Request.
  Time since last request: 0.000086 seconds.
  path: Assets/STYLIZED Desert Kingdom/Meshes/Modular Elements/SM_wall_large_03.fbx
  artifactKey: Guid(bbd73f1c1180e8c4f8708aa1e1b53218) Importer(2089858483,192608db42251d675da83286b1cce702)
Start importing Assets/STYLIZED Desert Kingdom/Meshes/Modular Elements/SM_wall_large_03.fbx using Guid(bbd73f1c1180e8c4f8708aa1e1b53218) Importer(2089858483,192608db42251d675da83286b1cce702) (ScriptedImporter) -> (artifact id: 'db81cdb1530e789ff84d42445fd54d95') in 0.1192332 seconds
Number of updated asset objects reloaded before import = 0Number of asset objects unloaded after import = 19

========================================================================
Received Import Request.
  Time since last request: 0.000036 seconds.
  path: Assets/STYLIZED Desert Kingdom/Materials/Textures/M_brickwall_sandstone_01_Height.png
  artifactKey: Guid(8e23a7611af8ecb44acf75e173901b0e) Importer(2089858483,192608db42251d675da83286b1cce702)
Start importing Assets/STYLIZED Desert Kingdom/Materials/Textures/M_brickwall_sandstone_01_Height.png using Guid(8e23a7611af8ecb44acf75e173901b0e) Importer(2089858483,192608db42251d675da83286b1cce702) (ScriptedImporter) -> (artifact id: '4d563b5f7e802510569a336eb729f1c5') in 0.0544554 seconds
Number of updated asset objects reloaded before import = 0Number of asset objects unloaded after import = 1

========================================================================
Received Import Request.
  Time since last request: 0.000076 seconds.
  path: Assets/STYLIZED Desert Kingdom/Meshes/Buildings/SM_mausoleum_01.fbx
  artifactKey: Guid(c1fdb6f4d5722d04dbd75b9e3c7b3b0d) Importer(2089858483,192608db42251d675da83286b1cce702)
Start importing Assets/STYLIZED Desert Kingdom/Meshes/Buildings/SM_mausoleum_01.fbx using Guid(c1fdb6f4d5722d04dbd75b9e3c7b3b0d) Importer(2089858483,192608db42251d675da83286b1cce702) (ScriptedImporter) -> (artifact id: '54b235827d79ebed404ab10dcb9b6443') in 0.1271527 seconds
Number of updated asset objects reloaded before import = 0Number of asset objects unloaded after import = 21

========================================================================
Received Import Request.
  Time since last request: 0.000050 seconds.
  path: Assets/STYLIZED Desert Kingdom/Prefabs/Modular Elements/SM_dome_01.prefab
  artifactKey: Guid(7dd6b6a4c3fbaca4bb3c975f03d7cdee) Importer(2089858483,192608db42251d675da83286b1cce702)
Start importing Assets/STYLIZED Desert Kingdom/Prefabs/Modular Elements/SM_dome_01.prefab using Guid(7dd6b6a4c3fbaca4bb3c975f03d7cdee) Importer(2089858483,192608db42251d675da83286b1cce702) (ScriptedImporter) -> (artifact id: '48cbcea021c8aab52d0bb3740a8a61e4') in 0.0900024 seconds
Number of updated asset objects reloaded before import = 0Number of asset objects unloaded after import = 17

========================================================================
Received Import Request.
  Time since last request: 0.000049 seconds.
  path: Assets/STYLIZED Desert Kingdom/Prefabs/Modular Elements/SM_wall_large_01.prefab
  artifactKey: Guid(3efae7922ae24fc46b2c3365202fb7a9) Importer(2089858483,192608db42251d675da83286b1cce702)
Start importing Assets/STYLIZED Desert Kingdom/Prefabs/Modular Elements/SM_wall_large_01.prefab using Guid(3efae7922ae24fc46b2c3365202fb7a9) Importer(2089858483,192608db42251d675da83286b1cce702) (ScriptedImporter) -> (artifact id: 'cc608a28b97e2f6851a01eca54b50a8a') in 0.1027599 seconds
Number of updated asset objects reloaded before import = 0Number of asset objects unloaded after import = 21

========================================================================
Received Import Request.
  Time since last request: 0.000077 seconds.
  path: Assets/STYLIZED Desert Kingdom/Prefabs/Buildings/SM_house_desert_03 (2).prefab
  artifactKey: Guid(60f5e9542e9aa6849aea1553a30dc5c1) Importer(2089858483,192608db42251d675da83286b1cce702)
Start importing Assets/STYLIZED Desert Kingdom/Prefabs/Buildings/SM_house_desert_03 (2).prefab using Guid(60f5e9542e9aa6849aea1553a30dc5c1) Importer(2089858483,192608db42251d675da83286b1cce702) (ScriptedImporter) -> (artifact id: '8b2d945750b610dc25d8233e82bb8f01') in 0.0997936 seconds
Number of updated asset objects reloaded before import = 0Number of asset objects unloaded after import = 20

========================================================================
Received Import Request.
  Time since last request: 0.000067 seconds.
  path: Assets/STYLIZED Desert Kingdom/Prefabs/Props/M_chest.prefab
  artifactKey: Guid(a23f6bb16350bfd45980e252e0771f0c) Importer(2089858483,192608db42251d675da83286b1cce702)
Start importing Assets/STYLIZED Desert Kingdom/Prefabs/Props/M_chest.prefab using Guid(a23f6bb16350bfd45980e252e0771f0c) Importer(2089858483,192608db42251d675da83286b1cce702) (ScriptedImporter) -> (artifact id: 'd627d9d4b5615d40b261f20a9748d65b') in 0.103791 seconds
Number of updated asset objects reloaded before import = 0Number of asset objects unloaded after import = 15

========================================================================
Received Import Request.
  Time since last request: 0.000040 seconds.
  path: Assets/STYLIZED Desert Kingdom/Materials/Textures/M_baskets_MaskMap.png
  artifactKey: Guid(bc333942f9073dc42a55ec0ed8812e0b) Importer(2089858483,192608db42251d675da83286b1cce702)
Start importing Assets/STYLIZED Desert Kingdom/Materials/Textures/M_baskets_MaskMap.png using Guid(bc333942f9073dc42a55ec0ed8812e0b) Importer(2089858483,192608db42251d675da83286b1cce702) (ScriptedImporter) -> (artifact id: '90256d57861584a27292d430558eacee') in 0.0527378 seconds
Number of updated asset objects reloaded before import = 0Number of asset objects unloaded after import = 1

========================================================================
Received Import Request.
  Time since last request: 0.000116 seconds.
  path: Assets/STYLIZED Desert Kingdom/Meshes/Props/new03/SM_marketstand_preset_06.fbx
  artifactKey: Guid(52c376b4314fafb4495a9f84d2f1609e) Importer(2089858483,192608db42251d675da83286b1cce702)
Start importing Assets/STYLIZED Desert Kingdom/Meshes/Props/new03/SM_marketstand_preset_06.fbx using Guid(52c376b4314fafb4495a9f84d2f1609e) Importer(2089858483,192608db42251d675da83286b1cce702) (ScriptedImporter) -> (artifact id: '2d053be29fe1bf9f52bce689e7b577c8') in 0.0819691 seconds
Number of updated asset objects reloaded before import = 0Number of asset objects unloaded after import = 15

========================================================================
Received Import Request.
  Time since last request: 0.000035 seconds.
  path: Assets/STYLIZED Desert Kingdom/Prefabs/Props/SM_banner_03 (2).prefab
  artifactKey: Guid(a3383cebe8fd29740bb5e7ee9bdd204f) Importer(2089858483,192608db42251d675da83286b1cce702)
Start importing Assets/STYLIZED Desert Kingdom/Prefabs/Props/SM_banner_03 (2).prefab using Guid(a3383cebe8fd29740bb5e7ee9bdd204f) Importer(2089858483,192608db42251d675da83286b1cce702) (ScriptedImporter) -> (artifact id: '9da732be81e43074b8d63f2d42cf24a1') in 0.0869256 seconds
Number of updated asset objects reloaded before import = 0Number of asset objects unloaded after import = 16

========================================================================
Received Import Request.
  Time since last request: 0.000042 seconds.
  path: Assets/STYLIZED Desert Kingdom/Prefabs/Buildings/SM_admistrative_building_02 (2).prefab
  artifactKey: Guid(cae370120dcfbcf41ab38e56df27425a) Importer(2089858483,192608db42251d675da83286b1cce702)
Start importing Assets/STYLIZED Desert Kingdom/Prefabs/Buildings/SM_admistrative_building_02 (2).prefab using Guid(cae370120dcfbcf41ab38e56df27425a) Importer(2089858483,192608db42251d675da83286b1cce702) (ScriptedImporter) -> (artifact id: '7230852b87dfc40a306992720b7e92be') in 0.144158 seconds
Number of updated asset objects reloaded before import = 0Number of asset objects unloaded after import = 22

========================================================================
Received Import Request.
  Time since last request: 0.000077 seconds.
  path: Assets/STYLIZED Desert Kingdom/Meshes/Building Parts
  artifactKey: Guid(70598e26932728945b74b1d60e97d732) Importer(2089858483,192608db42251d675da83286b1cce702)
Start importing Assets/STYLIZED Desert Kingdom/Meshes/Building Parts using Guid(70598e26932728945b74b1d60e97d732) Importer(2089858483,192608db42251d675da83286b1cce702) (ScriptedImporter) -> (artifact id: '028f9ee01db5334465e0739c4719a515') in 0.0540063 seconds
Number of updated asset objects reloaded before import = 0Number of asset objects unloaded after import = 1

========================================================================
Received Import Request.
  Time since last request: 0.000034 seconds.
  path: Assets/STYLIZED Desert Kingdom/Meshes/Props/SM_banner_01.fbx
  artifactKey: Guid(6a84084a313949b419b8c45bf62681c8) Importer(2089858483,192608db42251d675da83286b1cce702)
Start importing Assets/STYLIZED Desert Kingdom/Meshes/Props/SM_banner_01.fbx using Guid(6a84084a313949b419b8c45bf62681c8) Importer(2089858483,192608db42251d675da83286b1cce702) (ScriptedImporter) -> (artifact id: '3c76b558b23c1005efc282ee261541ce') in 0.0779779 seconds
Number of updated asset objects reloaded before import = 0Number of asset objects unloaded after import = 13

========================================================================
Received Import Request.
  Time since last request: 0.000036 seconds.
  path: Assets/STYLIZED Desert Kingdom/Materials/Textures/M_baskets_Normal.png
  artifactKey: Guid(a560c77d097d5a9429552348ac32f6a7) Importer(2089858483,192608db42251d675da83286b1cce702)
Start importing Assets/STYLIZED Desert Kingdom/Materials/Textures/M_baskets_Normal.png using Guid(a560c77d097d5a9429552348ac32f6a7) Importer(2089858483,192608db42251d675da83286b1cce702) (ScriptedImporter) -> (artifact id: 'f7da68314a97529a639592a4ed047852') in 0.0745586 seconds
Number of updated asset objects reloaded before import = 0Number of asset objects unloaded after import = 1

========================================================================
Received Import Request.
  Time since last request: 0.000045 seconds.
  path: Assets/STYLIZED Desert Kingdom/Materials/Materials/M_pattern_line 1.mat
  artifactKey: Guid(eb41f7930715f10438b75d2eb6aad799) Importer(2089858483,192608db42251d675da83286b1cce702)
Start importing Assets/STYLIZED Desert Kingdom/Materials/Materials/M_pattern_line 1.mat using Guid(eb41f7930715f10438b75d2eb6aad799) Importer(2089858483,192608db42251d675da83286b1cce702) (ScriptedImporter) -> (artifact id: '3234399cd935b10aa25dd6494eb70cc7') in 0.0690895 seconds
Number of updated asset objects reloaded before import = 0Number of asset objects unloaded after import = 4

========================================================================
Received Import Request.
  Time since last request: 0.000026 seconds.
  path: Assets/STYLIZED Desert Kingdom/Scenes/DEMO Dungeon.unity
  artifactKey: Guid(475e54d8ec28f7e48926d95af9d33fd6) Importer(2089858483,192608db42251d675da83286b1cce702)
Start importing Assets/STYLIZED Desert Kingdom/Scenes/DEMO Dungeon.unity using Guid(475e54d8ec28f7e48926d95af9d33fd6) Importer(2089858483,192608db42251d675da83286b1cce702) (ScriptedImporter) -> (artifact id: '4e9f3fc0e91d3fa7f8cf9482a3d48da5') in 0.229449 seconds
Number of updated asset objects reloaded before import = 0Number of asset objects unloaded after import = 1

========================================================================
Received Import Request.
  Time since last request: 0.000048 seconds.
  path: Assets/Blink/Art/Weapons/LowPoly/FreeRPGWeapons/Spears/Spear_2H_Textures/Spear2H_Basic.mat
  artifactKey: Guid(7325986fc79e935449442f573b5da26a) Importer(2089858483,192608db42251d675da83286b1cce702)
Start importing Assets/Blink/Art/Weapons/LowPoly/FreeRPGWeapons/Spears/Spear_2H_Textures/Spear2H_Basic.mat using Guid(7325986fc79e935449442f573b5da26a) Importer(2089858483,192608db42251d675da83286b1cce702) (ScriptedImporter) -> (artifact id: 'f45a9e41d1f38458af30f228ba34e191') in 0.1542704 seconds
Number of updated asset objects reloaded before import = 0Number of asset objects unloaded after import = 4

========================================================================
Received Import Request.
  Time since last request: 0.000073 seconds.
  path: Assets/STYLIZED Desert Kingdom/Prefabs/Castle/SM_tower_castle_tall.prefab
  artifactKey: Guid(762fc26f7fda8c744b88dcc539a116b2) Importer(2089858483,192608db42251d675da83286b1cce702)
Start importing Assets/STYLIZED Desert Kingdom/Prefabs/Castle/SM_tower_castle_tall.prefab using Guid(762fc26f7fda8c744b88dcc539a116b2) Importer(2089858483,192608db42251d675da83286b1cce702) (ScriptedImporter) -> (artifact id: 'dbffc96bdc3c4bbda3b2f078502cd93b') in 0.0951627 seconds
Number of updated asset objects reloaded before import = 0Number of asset objects unloaded after import = 23

========================================================================
Received Import Request.
  Time since last request: 0.000036 seconds.
  path: Assets/STYLIZED Desert Kingdom/Materials/Materials/M_edges_01.mat
  artifactKey: Guid(032275524f150f6488c78ab219d3e532) Importer(2089858483,192608db42251d675da83286b1cce702)
Start importing Assets/STYLIZED Desert Kingdom/Materials/Materials/M_edges_01.mat using Guid(032275524f150f6488c78ab219d3e532) Importer(2089858483,192608db42251d675da83286b1cce702) (ScriptedImporter) -> (artifact id: 'cc8452767a931b44e860eb7a04d3f2ea') in 0.1017189 seconds
Number of updated asset objects reloaded before import = 0Number of asset objects unloaded after import = 4

========================================================================
Received Import Request.
  Time since last request: 0.000043 seconds.
  path: Assets/Blink/Art/Weapons/LowPoly/FreeRPGWeapons/Maces/Mace_2H_Textures/Mace2H_Medium.mat
  artifactKey: Guid(2d405b770a77ad34da35319e1bddb961) Importer(2089858483,192608db42251d675da83286b1cce702)
Start importing Assets/Blink/Art/Weapons/LowPoly/FreeRPGWeapons/Maces/Mace_2H_Textures/Mace2H_Medium.mat using Guid(2d405b770a77ad34da35319e1bddb961) Importer(2089858483,192608db42251d675da83286b1cce702) (ScriptedImporter) -> (artifact id: '83b37e331909251afe5a9af2b7dfe35e') in 0.2670654 seconds
Number of updated asset objects reloaded before import = 0Number of asset objects unloaded after import = 4

========================================================================
Received Import Request.
  Time since last request: 0.000073 seconds.
  path: Assets/Blink/Art/Weapons/LowPoly/FreeRPGWeapons/_PREFABS/Bow_Epic.prefab
  artifactKey: Guid(d0c32318984847e428ac1bce4ea19377) Importer(2089858483,192608db42251d675da83286b1cce702)
Start importing Assets/Blink/Art/Weapons/LowPoly/FreeRPGWeapons/_PREFABS/Bow_Epic.prefab using Guid(d0c32318984847e428ac1bce4ea19377) Importer(2089858483,192608db42251d675da83286b1cce702) (ScriptedImporter) -> (artifact id: '60a22ca57905b8636272e59f4ea61fde') in 0.1626903 seconds
Number of updated asset objects reloaded before import = 0Number of asset objects unloaded after import = 8

========================================================================
Received Import Request.
  Time since last request: 0.000044 seconds.
  path: Assets/Blink/Art/Weapons/LowPoly/FreeRPGWeapons/Axes
  artifactKey: Guid(6719770c0ed03cd40a5d3607fc41c2e0) Importer(2089858483,192608db42251d675da83286b1cce702)
Start importing Assets/Blink/Art/Weapons/LowPoly/FreeRPGWeapons/Axes using Guid(6719770c0ed03cd40a5d3607fc41c2e0) Importer(2089858483,192608db42251d675da83286b1cce702) (ScriptedImporter) -> (artifact id: '1e00fed96282755742bd038d7c7edb90') in 0.035012 seconds
Number of updated asset objects reloaded before import = 0Number of asset objects unloaded after import = 1

========================================================================
Received Import Request.
  Time since last request: 0.000056 seconds.
  path: Assets/Blink/Art/Weapons/LowPoly/FreeRPGWeapons/Axes/Axe_2H_Textures/Axe2H_Basic.mat
  artifactKey: Guid(5269dca51d1b4db48ac467ad0386c9f4) Importer(2089858483,192608db42251d675da83286b1cce702)
Start importing Assets/Blink/Art/Weapons/LowPoly/FreeRPGWeapons/Axes/Axe_2H_Textures/Axe2H_Basic.mat using Guid(5269dca51d1b4db48ac467ad0386c9f4) Importer(2089858483,192608db42251d675da83286b1cce702) (ScriptedImporter) -> (artifact id: 'c31698ce2caec7dde534ae1dd5b68319') in 0.1460465 seconds
Number of updated asset objects reloaded before import = 0Number of asset objects unloaded after import = 4

========================================================================
Received Import Request.
  Time since last request: 0.000196 seconds.
  path: Assets/Blink/Art/Weapons/LowPoly/FreeRPGWeapons/Bow/Bow_Textures/Bow_Medium.mat
  artifactKey: Guid(b629cca9f570dfd4da8f509e4d560937) Importer(2089858483,192608db42251d675da83286b1cce702)
Start importing Assets/Blink/Art/Weapons/LowPoly/FreeRPGWeapons/Bow/Bow_Textures/Bow_Medium.mat using Guid(b629cca9f570dfd4da8f509e4d560937) Importer(2089858483,192608db42251d675da83286b1cce702) (ScriptedImporter) -> (artifact id: '57347967948e3f64974df8efe1bec4fa') in 0.198922 seconds
Number of updated asset objects reloaded before import = 0Number of asset objects unloaded after import = 4

========================================================================
Received Import Request.
  Time since last request: 0.000049 seconds.
  path: Assets/Blink/Art/Weapons/LowPoly/FreeRPGWeapons/Wand/Wand.fbx
  artifactKey: Guid(67be24e8ee52ec04497cfee5403c5fa3) Importer(2089858483,192608db42251d675da83286b1cce702)
Start importing Assets/Blink/Art/Weapons/LowPoly/FreeRPGWeapons/Wand/Wand.fbx using Guid(67be24e8ee52ec04497cfee5403c5fa3) Importer(2089858483,192608db42251d675da83286b1cce702) (ScriptedImporter) -> (artifact id: '2e1c9e407ccc5d8a54a882f8480d89ba') in 0.0505316 seconds
Number of updated asset objects reloaded before import = 0Number of asset objects unloaded after import = 8

========================================================================
Received Import Request.
  Time since last request: 0.000090 seconds.
  path: Assets/Blink/Art/Weapons/LowPoly/FreeRPGWeapons/Axes/Axe_1H_Textures/Axe1H_Basic_BaseColor.png
  artifactKey: Guid(53af5dbb7e2d73d43a660de7403a525e) Importer(2089858483,192608db42251d675da83286b1cce702)
Start importing Assets/Blink/Art/Weapons/LowPoly/FreeRPGWeapons/Axes/Axe_1H_Textures/Axe1H_Basic_BaseColor.png using Guid(53af5dbb7e2d73d43a660de7403a525e) Importer(2089858483,192608db42251d675da83286b1cce702) (ScriptedImporter) -> (artifact id: '0441c65f58a309d2177e73b3669dbe5f') in 0.0659404 seconds
Number of updated asset objects reloaded before import = 0Number of asset objects unloaded after import = 1

========================================================================
Received Import Request.
  Time since last request: 0.000044 seconds.
  path: Assets/Blink/Art/Weapons/LowPoly/FreeRPGWeapons/Spears/Spear_2H_Textures/Spear2H_Medium_BaseColor.png
  artifactKey: Guid(565ba3ed18912844690d415cdd98f97b) Importer(2089858483,192608db42251d675da83286b1cce702)
Start importing Assets/Blink/Art/Weapons/LowPoly/FreeRPGWeapons/Spears/Spear_2H_Textures/Spear2H_Medium_BaseColor.png using Guid(565ba3ed18912844690d415cdd98f97b) Importer(2089858483,192608db42251d675da83286b1cce702) (ScriptedImporter) -> (artifact id: 'aeaf91472bfbf7a195a85d9841321a13') in 0.0370602 seconds
Number of updated asset objects reloaded before import = 0Number of asset objects unloaded after import = 1

========================================================================
Received Import Request.
  Time since last request: 0.000062 seconds.
  path: Assets/Blink/Art/Weapons/LowPoly/FreeRPGWeapons/_PREFABS/Shield_Basic.prefab
  artifactKey: Guid(a71d1f9b3c3dfdf4f8190625852fd277) Importer(2089858483,192608db42251d675da83286b1cce702)
Start importing Assets/Blink/Art/Weapons/LowPoly/FreeRPGWeapons/_PREFABS/Shield_Basic.prefab using Guid(a71d1f9b3c3dfdf4f8190625852fd277) Importer(2089858483,192608db42251d675da83286b1cce702) (ScriptedImporter) -> (artifact id: 'fcb2d1733df9d882975ae6aa8b0235b2') in 0.1313141 seconds
Number of updated asset objects reloaded before import = 0Number of asset objects unloaded after import = 8

========================================================================
Received Import Request.
  Time since last request: 0.000032 seconds.
  path: Assets/STYLIZED Desert Kingdom/Meshes/Building Parts/SM_arch_01.fbx
  artifactKey: Guid(28958410303dcb746aade0e123332b1a) Importer(2089858483,192608db42251d675da83286b1cce702)
Start importing Assets/STYLIZED Desert Kingdom/Meshes/Building Parts/SM_arch_01.fbx using Guid(28958410303dcb746aade0e123332b1a) Importer(2089858483,192608db42251d675da83286b1cce702) (ScriptedImporter) -> (artifact id: 'd54f44fc5aa2f1c96a2bf689470e6c67') in 0.0811574 seconds
Number of updated asset objects reloaded before import = 0Number of asset objects unloaded after import = 17

========================================================================
Received Import Request.
  Time since last request: 0.000052 seconds.
  path: Assets/STYLIZED Desert Kingdom/Prefabs/Buildings/SM_admistrative_building_02 (1).prefab
  artifactKey: Guid(d87b0f8cac0ced8418bdf2233a5d8a1e) Importer(2089858483,192608db42251d675da83286b1cce702)
Start importing Assets/STYLIZED Desert Kingdom/Prefabs/Buildings/SM_admistrative_building_02 (1).prefab using Guid(d87b0f8cac0ced8418bdf2233a5d8a1e) Importer(2089858483,192608db42251d675da83286b1cce702) (ScriptedImporter) -> (artifact id: '8c674756c0eb958ef62824146efb5ebf') in 0.0919511 seconds
Number of updated asset objects reloaded before import = 0Number of asset objects unloaded after import = 21

========================================================================
Received Import Request.
  Time since last request: 0.000046 seconds.
  path: Assets/STYLIZED Desert Kingdom/Materials/Textures/M_door_fancy_MaskMap.png
  artifactKey: Guid(20210fb3745eced4f8131fd7c3be5f1a) Importer(2089858483,192608db42251d675da83286b1cce702)
Start importing Assets/STYLIZED Desert Kingdom/Materials/Textures/M_door_fancy_MaskMap.png using Guid(20210fb3745eced4f8131fd7c3be5f1a) Importer(2089858483,192608db42251d675da83286b1cce702) (ScriptedImporter) -> (artifact id: '63316d499161451d04dc7cd091442124') in 0.0406343 seconds
Number of updated asset objects reloaded before import = 0Number of asset objects unloaded after import = 1

========================================================================
Received Import Request.
  Time since last request: 0.000040 seconds.
  path: Assets/STYLIZED Desert Kingdom/Materials/Terrain
  artifactKey: Guid(889a3cde2923f2240a21309e8f5a283c) Importer(2089858483,192608db42251d675da83286b1cce702)
Start importing Assets/STYLIZED Desert Kingdom/Materials/Terrain using Guid(889a3cde2923f2240a21309e8f5a283c) Importer(2089858483,192608db42251d675da83286b1cce702) (ScriptedImporter) -> (artifact id: 'f37b798d251d8017681442528deb7107') in 0.042624 seconds
Number of updated asset objects reloaded before import = 0Number of asset objects unloaded after import = 1

========================================================================
Received Import Request.
  Time since last request: 0.000106 seconds.
  path: Assets/Blink/Art/Weapons/LowPoly/FreeRPGWeapons/Wand/Wand_Textures/Wand_Epic_Normal.png
  artifactKey: Guid(5833b11dcd90d9c48a22280a23d2da6a) Importer(2089858483,192608db42251d675da83286b1cce702)
Start importing Assets/Blink/Art/Weapons/LowPoly/FreeRPGWeapons/Wand/Wand_Textures/Wand_Epic_Normal.png using Guid(5833b11dcd90d9c48a22280a23d2da6a) Importer(2089858483,192608db42251d675da83286b1cce702) (ScriptedImporter) -> (artifact id: '1e137ef6030ba402bd4e3a930083c819') in 0.1193127 seconds
Number of updated asset objects reloaded before import = 0Number of asset objects unloaded after import = 1

========================================================================
Received Import Request.
  Time since last request: 0.000051 seconds.
  path: Assets/STYLIZED Desert Kingdom/Prefabs/Buildings/SM_house_desert_small_03.prefab
  artifactKey: Guid(165ddf90ea4da1a4798641b42e516d6d) Importer(2089858483,192608db42251d675da83286b1cce702)
Start importing Assets/STYLIZED Desert Kingdom/Prefabs/Buildings/SM_house_desert_small_03.prefab using Guid(165ddf90ea4da1a4798641b42e516d6d) Importer(2089858483,192608db42251d675da83286b1cce702) (ScriptedImporter) -> (artifact id: '886e26ab185c7b91abbc3ce6aa5a5679') in 0.1849591 seconds
Number of updated asset objects reloaded before import = 0Number of asset objects unloaded after import = 22

========================================================================
Received Import Request.
  Time since last request: 0.000073 seconds.
  path: Assets/STYLIZED Desert Kingdom/Meshes/Buildings/New Folder/SM_admistrative_building_02.fbx
  artifactKey: Guid(bae8e43b0f7bad64c80a3ce9231eb8fd) Importer(2089858483,192608db42251d675da83286b1cce702)
Start importing Assets/STYLIZED Desert Kingdom/Meshes/Buildings/New Folder/SM_admistrative_building_02.fbx using Guid(bae8e43b0f7bad64c80a3ce9231eb8fd) Importer(2089858483,192608db42251d675da83286b1cce702) (ScriptedImporter) -> (artifact id: '8b9e5f82b5c21e667b7c28605ce9e842') in 0.1880771 seconds
Number of updated asset objects reloaded before import = 0Number of asset objects unloaded after import = 23

========================================================================
Received Import Request.
  Time since last request: 0.000083 seconds.
  path: Assets/Blink/Art/Weapons/LowPoly/FreeRPGWeapons/Shield/Shield.fbx
  artifactKey: Guid(1936cb69ddb2ed94b80717b88483f8a2) Importer(2089858483,192608db42251d675da83286b1cce702)
Start importing Assets/Blink/Art/Weapons/LowPoly/FreeRPGWeapons/Shield/Shield.fbx using Guid(1936cb69ddb2ed94b80717b88483f8a2) Importer(2089858483,192608db42251d675da83286b1cce702) (ScriptedImporter) -> (artifact id: 'caec44ff2bf146d2c570eece941b438a') in 0.0528721 seconds
Number of updated asset objects reloaded before import = 0Number of asset objects unloaded after import = 8

========================================================================
Received Import Request.
  Time since last request: 0.000026 seconds.
  path: Assets/Blink/Art/Weapons/LowPoly/FreeRPGWeapons/Bow/Bow_Textures/Bow_Epic.mat
  artifactKey: Guid(1ee4688279d442648af0e658d7bb0cb8) Importer(2089858483,192608db42251d675da83286b1cce702)
Start importing Assets/Blink/Art/Weapons/LowPoly/FreeRPGWeapons/Bow/Bow_Textures/Bow_Epic.mat using Guid(1ee4688279d442648af0e658d7bb0cb8) Importer(2089858483,192608db42251d675da83286b1cce702) (ScriptedImporter) -> (artifact id: 'ba77bef7273ad6ecde40a3b493630979') in 0.3383344 seconds
Number of updated asset objects reloaded before import = 0Number of asset objects unloaded after import = 5

========================================================================
Received Import Request.
  Time since last request: 0.000036 seconds.
  path: Assets/Blink/Art
  artifactKey: Guid(025e605853e13e143914c6df06ec479d) Importer(2089858483,192608db42251d675da83286b1cce702)
Start importing Assets/Blink/Art using Guid(025e605853e13e143914c6df06ec479d) Importer(2089858483,192608db42251d675da83286b1cce702) (ScriptedImporter) -> (artifact id: 'ead5ad3082ed2dc0d7435b8215cae12a') in 0.0272278 seconds
Number of updated asset objects reloaded before import = 0Number of asset objects unloaded after import = 1

========================================================================
Received Import Request.
  Time since last request: 0.000049 seconds.
  path: Assets/Blink/Art/Weapons/LowPoly/FreeRPGWeapons/_PREFABS/Axe2H_Epic.prefab
  artifactKey: Guid(d2a4ffc4311ba5e4c81b0fc76531c362) Importer(2089858483,192608db42251d675da83286b1cce702)
Start importing Assets/Blink/Art/Weapons/LowPoly/FreeRPGWeapons/_PREFABS/Axe2H_Epic.prefab using Guid(d2a4ffc4311ba5e4c81b0fc76531c362) Importer(2089858483,192608db42251d675da83286b1cce702) (ScriptedImporter) -> (artifact id: '727307f1cedd38d74905e995365d4567') in 0.0908855 seconds
Number of updated asset objects reloaded before import = 0Number of asset objects unloaded after import = 8

========================================================================
Received Import Request.
  Time since last request: 0.000037 seconds.
  path: Assets/Blink/Art/Weapons/LowPoly/FreeRPGWeapons/Maces/Mace_2H_Textures/Mace2H_Medium_Normal.png
  artifactKey: Guid(292c6bc2e1d2dfd4da72539d77594f0f) Importer(2089858483,192608db42251d675da83286b1cce702)
Start importing Assets/Blink/Art/Weapons/LowPoly/FreeRPGWeapons/Maces/Mace_2H_Textures/Mace2H_Medium_Normal.png using Guid(292c6bc2e1d2dfd4da72539d77594f0f) Importer(2089858483,192608db42251d675da83286b1cce702) (ScriptedImporter) -> (artifact id: '2362c3d23b984ee49cef0cf602a2530d') in 0.0581346 seconds
Number of updated asset objects reloaded before import = 0Number of asset objects unloaded after import = 1

========================================================================
Received Import Request.
  Time since last request: 0.000035 seconds.
  path: Assets/Blink/Art/Weapons/LowPoly/FreeRPGWeapons/Spears/Spear_2H_Textures/Spear2H_Epic_Normal.png
  artifactKey: Guid(32ee5f647d59de04fbba31899b50b6a9) Importer(2089858483,192608db42251d675da83286b1cce702)
Start importing Assets/Blink/Art/Weapons/LowPoly/FreeRPGWeapons/Spears/Spear_2H_Textures/Spear2H_Epic_Normal.png using Guid(32ee5f647d59de04fbba31899b50b6a9) Importer(2089858483,192608db42251d675da83286b1cce702) (ScriptedImporter) -> (artifact id: 'd8e56bf89f9c4582077b2c4f15cac4cb') in 0.0801198 seconds
Number of updated asset objects reloaded before import = 0Number of asset objects unloaded after import = 1

========================================================================
Received Import Request.
  Time since last request: 0.000099 seconds.
  path: Assets/Blink/Art/Weapons/LowPoly/FreeRPGWeapons/Axes/Axe_1H_Textures/Axe1H_Epic.mat
  artifactKey: Guid(52d2880db7b38b349bf63d58531bc99c) Importer(2089858483,192608db42251d675da83286b1cce702)
Start importing Assets/Blink/Art/Weapons/LowPoly/FreeRPGWeapons/Axes/Axe_1H_Textures/Axe1H_Epic.mat using Guid(52d2880db7b38b349bf63d58531bc99c) Importer(2089858483,192608db42251d675da83286b1cce702) (ScriptedImporter) -> (artifact id: 'fbb0dc023a01eb9d4e948a038e2b095f') in 0.1075449 seconds
Number of updated asset objects reloaded before import = 0Number of asset objects unloaded after import = 5

========================================================================
Received Import Request.
  Time since last request: 0.000035 seconds.
  path: Assets/Blink/Art/Weapons/LowPoly/FreeRPGWeapons/Shield/Shields_Textures/Shield_Medium.mat
  artifactKey: Guid(78842c4df7a94fa4aab346eb5b091bee) Importer(2089858483,192608db42251d675da83286b1cce702)
Start importing Assets/Blink/Art/Weapons/LowPoly/FreeRPGWeapons/Shield/Shields_Textures/Shield_Medium.mat using Guid(78842c4df7a94fa4aab346eb5b091bee) Importer(2089858483,192608db42251d675da83286b1cce702) (ScriptedImporter) -> (artifact id: 'c1651efd0ad9c616320998c91cfc1599') in 0.1406654 seconds
Number of updated asset objects reloaded before import = 0Number of asset objects unloaded after import = 4

========================================================================
Received Import Request.
  Time since last request: 0.000054 seconds.
  path: Assets/Blink/Art/Weapons/LowPoly/FreeRPGWeapons/Spears/Spear_1H_Textures/Spear1H_Medium.mat
  artifactKey: Guid(be19b84856293bf42b9826c8d8d47454) Importer(2089858483,192608db42251d675da83286b1cce702)
Start importing Assets/Blink/Art/Weapons/LowPoly/FreeRPGWeapons/Spears/Spear_1H_Textures/Spear1H_Medium.mat using Guid(be19b84856293bf42b9826c8d8d47454) Importer(2089858483,192608db42251d675da83286b1cce702) (ScriptedImporter) -> (artifact id: 'c148ecff1ab35d73e66bbfce8327463a') in 0.0967492 seconds
Number of updated asset objects reloaded before import = 0Number of asset objects unloaded after import = 4

========================================================================
Received Import Request.
  Time since last request: 0.000064 seconds.
  path: Assets/Training_dummy/Texture/training_dummy.png
  artifactKey: Guid(e6ea158b31b4d6c4da5de15073234555) Importer(2089858483,192608db42251d675da83286b1cce702)
Start importing Assets/Training_dummy/Texture/training_dummy.png using Guid(e6ea158b31b4d6c4da5de15073234555) Importer(2089858483,192608db42251d675da83286b1cce702) (ScriptedImporter) -> (artifact id: '7cfba1d0fd7d888cb33a8ecb18a03129') in 0.0571607 seconds
Number of updated asset objects reloaded before import = 0Number of asset objects unloaded after import = 1

========================================================================
Received Import Request.
  Time since last request: 0.000039 seconds.
  path: Assets/Blink/Art/Weapons/LowPoly/FreeRPGWeapons/_PREFABS/Mace2H_Epic.prefab
  artifactKey: Guid(0b87c5c82fdfc6c4686ad668eb24450e) Importer(2089858483,192608db42251d675da83286b1cce702)
Start importing Assets/Blink/Art/Weapons/LowPoly/FreeRPGWeapons/_PREFABS/Mace2H_Epic.prefab using Guid(0b87c5c82fdfc6c4686ad668eb24450e) Importer(2089858483,192608db42251d675da83286b1cce702) (ScriptedImporter) -> (artifact id: '8dd0add36d4b4e7e13ae0b92a4f5ec21') in 0.0762764 seconds
Number of updated asset objects reloaded before import = 0Number of asset objects unloaded after import = 8

========================================================================
Received Import Request.
  Time since last request: 0.000055 seconds.
  path: Assets/Blink/Art/Weapons/LowPoly/FreeRPGWeapons/Bow/Bow_Textures/Bow_Epic_Normal.png
  artifactKey: Guid(2797dbbcd367ef84aac3b736a8bca868) Importer(2089858483,192608db42251d675da83286b1cce702)
Start importing Assets/Blink/Art/Weapons/LowPoly/FreeRPGWeapons/Bow/Bow_Textures/Bow_Epic_Normal.png using Guid(2797dbbcd367ef84aac3b736a8bca868) Importer(2089858483,192608db42251d675da83286b1cce702) (ScriptedImporter) -> (artifact id: '093f830511073e251b1362fabdf07f28') in 0.0437313 seconds
Number of updated asset objects reloaded before import = 0Number of asset objects unloaded after import = 1

========================================================================
Received Import Request.
  Time since last request: 0.000047 seconds.
  path: Assets/Blink/Art/Weapons/LowPoly/FreeRPGWeapons/Bow/Bow_Textures/Bow_Medium_BaseColor.png
  artifactKey: Guid(9bfa0eb854905d942a64863f7935215d) Importer(2089858483,192608db42251d675da83286b1cce702)
Start importing Assets/Blink/Art/Weapons/LowPoly/FreeRPGWeapons/Bow/Bow_Textures/Bow_Medium_BaseColor.png using Guid(9bfa0eb854905d942a64863f7935215d) Importer(2089858483,192608db42251d675da83286b1cce702) (ScriptedImporter) -> (artifact id: '517ba17d48ed03900092f7e2a7a5411a') in 0.0548487 seconds
Number of updated asset objects reloaded before import = 0Number of asset objects unloaded after import = 1

========================================================================
Received Import Request.
  Time since last request: 0.000036 seconds.
  path: Assets/Blink/Art/Weapons/LowPoly/FreeRPGWeapons/Wand
  artifactKey: Guid(27aca15551414be4584de36cf1d535e4) Importer(2089858483,192608db42251d675da83286b1cce702)
Start importing Assets/Blink/Art/Weapons/LowPoly/FreeRPGWeapons/Wand using Guid(27aca15551414be4584de36cf1d535e4) Importer(2089858483,192608db42251d675da83286b1cce702) (ScriptedImporter) -> (artifact id: '7bf9302291e399dcdb456d5c6a2ed04f') in 0.0267418 seconds
Number of updated asset objects reloaded before import = 0Number of asset objects unloaded after import = 1

========================================================================
Received Import Request.
  Time since last request: 0.000027 seconds.
  path: Assets/Blink/Art/Weapons/LowPoly/FreeRPGWeapons/Spears/Spear_2H_Textures/Spear2H_Medium_MetallicSmoothness.png
  artifactKey: Guid(4cc8cd715bfb0a048ad00393b01cd552) Importer(2089858483,192608db42251d675da83286b1cce702)
Start importing Assets/Blink/Art/Weapons/LowPoly/FreeRPGWeapons/Spears/Spear_2H_Textures/Spear2H_Medium_MetallicSmoothness.png using Guid(4cc8cd715bfb0a048ad00393b01cd552) Importer(2089858483,192608db42251d675da83286b1cce702) (ScriptedImporter) -> (artifact id: '9156117b407200d56674f31a3d6cb6e8') in 0.0720679 seconds
Number of updated asset objects reloaded before import = 0Number of asset objects unloaded after import = 1

========================================================================
Received Import Request.
  Time since last request: 0.000103 seconds.
  path: Assets/Cartoon_Farm_Crops/Materials/Eggplant_Fruit.mat
  artifactKey: Guid(84069b5b67b23e24b85eac888c3f5bc2) Importer(2089858483,192608db42251d675da83286b1cce702)
Start importing Assets/Cartoon_Farm_Crops/Materials/Eggplant_Fruit.mat using Guid(84069b5b67b23e24b85eac888c3f5bc2) Importer(2089858483,192608db42251d675da83286b1cce702) (ScriptedImporter) -> (artifact id: 'e7973b68c2f0c29d45b1f348d90024d6') in 0.0550813 seconds
Number of updated asset objects reloaded before import = 0Number of asset objects unloaded after import = 1

========================================================================
Received Import Request.
  Time since last request: 0.000033 seconds.
  path: Assets/Standard Assets/Effects
  artifactKey: Guid(884d6168421c8154cb6d7c6fff07e804) Importer(2089858483,192608db42251d675da83286b1cce702)
Start importing Assets/Standard Assets/Effects using Guid(884d6168421c8154cb6d7c6fff07e804) Importer(2089858483,192608db42251d675da83286b1cce702) (ScriptedImporter) -> (artifact id: '625c7b240db44b7ab89140567c542155') in 0.026271 seconds
Number of updated asset objects reloaded before import = 0Number of asset objects unloaded after import = 1

========================================================================
Received Import Request.
  Time since last request: 0.000038 seconds.
  path: Assets/Cartoon_Farm_Crops/Scenes/DemoSceneSettings.lighting
  artifactKey: Guid(e58fde6fcccdcbe4cb9dac613be248c3) Importer(2089858483,192608db42251d675da83286b1cce702)
Start importing Assets/Cartoon_Farm_Crops/Scenes/DemoSceneSettings.lighting using Guid(e58fde6fcccdcbe4cb9dac613be248c3) Importer(2089858483,192608db42251d675da83286b1cce702) (ScriptedImporter) -> (artifact id: '91446c32bc3568cb3da1970f6ebbc110') in 0.1213811 seconds
Number of updated asset objects reloaded before import = 0Number of asset objects unloaded after import = 1

========================================================================
Received Import Request.
  Time since last request: 0.000169 seconds.
  path: Assets/Cartoon_Farm_Crops/Prefabs/Mobile/Dirt_Pile.prefab
  artifactKey: Guid(8dfbe94bc89610d489620aca436a33ae) Importer(2089858483,192608db42251d675da83286b1cce702)
Start importing Assets/Cartoon_Farm_Crops/Prefabs/Mobile/Dirt_Pile.prefab using Guid(8dfbe94bc89610d489620aca436a33ae) Importer(2089858483,192608db42251d675da83286b1cce702) (ScriptedImporter) -> (artifact id: '97fa145a09276e2059857923052e611d') in 0.0936144 seconds
Number of updated asset objects reloaded before import = 0Number of asset objects unloaded after import = 9

========================================================================
Received Import Request.
  Time since last request: 0.000033 seconds.
  path: Assets/Cartoon_Farm_Crops/Prefabs/Mobile/Pumpkin_Plant.prefab
  artifactKey: Guid(85cae589c09bb234d907a2ea8d0bac98) Importer(2089858483,192608db42251d675da83286b1cce702)
Start importing Assets/Cartoon_Farm_Crops/Prefabs/Mobile/Pumpkin_Plant.prefab using Guid(85cae589c09bb234d907a2ea8d0bac98) Importer(2089858483,192608db42251d675da83286b1cce702) (ScriptedImporter) -> (artifact id: '811afe6c3419646d14c42a0944ba489b') in 0.0922937 seconds
Number of updated asset objects reloaded before import = 0Number of asset objects unloaded after import = 9

========================================================================
Received Import Request.
  Time since last request: 0.000041 seconds.
  path: Assets/New Terrain 3.asset
  artifactKey: Guid(7e72ec8e9d2dcfa4097c5f81f6d03099) Importer(2089858483,192608db42251d675da83286b1cce702)
Start importing Assets/New Terrain 3.asset using Guid(7e72ec8e9d2dcfa4097c5f81f6d03099) Importer(2089858483,192608db42251d675da83286b1cce702) (ScriptedImporter) -> (artifact id: '6eb6cf0058f7fda2f1e67dbccbbefadc') in 0.1913434 seconds
Number of updated asset objects reloaded before import = 0Number of asset objects unloaded after import = 1

========================================================================
Received Import Request.
  Time since last request: 0.000069 seconds.
  path: Assets/GhostCharacter_Free/Fbx/Ghost_animation.fbx
  artifactKey: Guid(8242d247159ec462794ba075ca8c938e) Importer(2089858483,192608db42251d675da83286b1cce702)
Start importing Assets/GhostCharacter_Free/Fbx/Ghost_animation.fbx using Guid(8242d247159ec462794ba075ca8c938e) Importer(2089858483,192608db42251d675da83286b1cce702) (ScriptedImporter) -> (artifact id: '98f105e591f4f774783f73427fb1c50a') in 0.1344153 seconds
Number of updated asset objects reloaded before import = 0Number of asset objects unloaded after import = 56

========================================================================
Received Import Request.
  Time since last request: 0.000051 seconds.
  path: Assets/GhostCharacter_Free/Fbx/Block.fbx
  artifactKey: Guid(e30db1c1f4eca42539a70cc31514d62f) Importer(2089858483,192608db42251d675da83286b1cce702)
Start importing Assets/GhostCharacter_Free/Fbx/Block.fbx using Guid(e30db1c1f4eca42539a70cc31514d62f) Importer(2089858483,192608db42251d675da83286b1cce702) (ScriptedImporter) -> (artifact id: '0f9918647c223f96b288ee6eddd355b7') in 0.1174566 seconds
Number of updated asset objects reloaded before import = 0Number of asset objects unloaded after import = 9

========================================================================
Received Import Request.
  Time since last request: 0.000052 seconds.
  path: Assets/GhostCharacter_Free/Fbx
  artifactKey: Guid(a365a9204071c405c8b65eaddbce2567) Importer(2089858483,192608db42251d675da83286b1cce702)
Start importing Assets/GhostCharacter_Free/Fbx using Guid(a365a9204071c405c8b65eaddbce2567) Importer(2089858483,192608db42251d675da83286b1cce702) (ScriptedImporter) -> (artifact id: 'af2e8056b8682b16def7c7d2ac7e541f') in 0.027944 seconds
Number of updated asset objects reloaded before import = 0Number of asset objects unloaded after import = 1

========================================================================
Received Import Request.
  Time since last request: 0.000052 seconds.
  path: Assets/TutorialInfo/Scripts/Readme.cs
  artifactKey: Guid(42ed952a4f54f5145b3d1280416b2383) Importer(2089858483,192608db42251d675da83286b1cce702)
Start importing Assets/TutorialInfo/Scripts/Readme.cs using Guid(42ed952a4f54f5145b3d1280416b2383) Importer(2089858483,192608db42251d675da83286b1cce702) (ScriptedImporter) -> (artifact id: '19f674309c2510f006bfccbfeee495b6') in 0.0345828 seconds
Number of updated asset objects reloaded before import = 0Number of asset objects unloaded after import = 0

========================================================================
Received Import Request.
  Time since last request: 0.000035 seconds.
  path: Assets/GhostCharacter_Free/Textures
  artifactKey: Guid(4bc8150bfb4cc4bd08db5ed2f60f6bd2) Importer(2089858483,192608db42251d675da83286b1cce702)
Start importing Assets/GhostCharacter_Free/Textures using Guid(4bc8150bfb4cc4bd08db5ed2f60f6bd2) Importer(2089858483,192608db42251d675da83286b1cce702) (ScriptedImporter) -> (artifact id: '6eb3a6695cf8961b0d1be2c567d186f1') in 0.0273038 seconds
Number of updated asset objects reloaded before import = 0Number of asset objects unloaded after import = 1

========================================================================
Received Import Request.
  Time since last request: 0.000045 seconds.
  path: Assets/Cartoon_Farm_Crops/Meshes
  artifactKey: Guid(f34602e9e2a82004b89295250dc880e8) Importer(2089858483,192608db42251d675da83286b1cce702)
Start importing Assets/Cartoon_Farm_Crops/Meshes using Guid(f34602e9e2a82004b89295250dc880e8) Importer(2089858483,192608db42251d675da83286b1cce702) (ScriptedImporter) -> (artifact id: '1282b0408071bf705278df8aa042f382') in 0.0422628 seconds
Number of updated asset objects reloaded before import = 0Number of asset objects unloaded after import = 1

========================================================================
Received Import Request.
  Time since last request: 0.000087 seconds.
  path: Assets/Cartoon_Farm_Crops/Prefabs/Mobile/Eggplant_Fruit.prefab
  artifactKey: Guid(f3a9c7ecfacfb2f4db788d6a3acdbf54) Importer(2089858483,192608db42251d675da83286b1cce702)
Start importing Assets/Cartoon_Farm_Crops/Prefabs/Mobile/Eggplant_Fruit.prefab using Guid(f3a9c7ecfacfb2f4db788d6a3acdbf54) Importer(2089858483,192608db42251d675da83286b1cce702) (ScriptedImporter) -> (artifact id: '5fdadeaa4c0b57154d91624d86ea3327') in 0.0998273 seconds
Number of updated asset objects reloaded before import = 0Number of asset objects unloaded after import = 9

========================================================================
Received Import Request.
  Time since last request: 0.000179 seconds.
  path: Assets/Fantasy Wooden GUI  Free/normal_ui_set A/Exclamation_Gray.png
  artifactKey: Guid(f73f68fe6815f5548a6c2a61b9e49add) Importer(2089858483,192608db42251d675da83286b1cce702)
Start importing Assets/Fantasy Wooden GUI  Free/normal_ui_set A/Exclamation_Gray.png using Guid(f73f68fe6815f5548a6c2a61b9e49add) Importer(2089858483,192608db42251d675da83286b1cce702) (ScriptedImporter) -> (artifact id: '1f1d7f626130f99b608e3754bbedbc94') in 0.4629362 seconds
Number of updated asset objects reloaded before import = 0Number of asset objects unloaded after import = 3

========================================================================
Received Import Request.
  Time since last request: 0.000053 seconds.
  path: Assets/TextMesh Pro/Shaders/TMP_SDF-HDRP LIT.shadergraph
  artifactKey: Guid(ca2ed216f98028c4dae6c5224a952b3c) Importer(2089858483,192608db42251d675da83286b1cce702)
Start importing Assets/TextMesh Pro/Shaders/TMP_SDF-HDRP LIT.shadergraph using Guid(ca2ed216f98028c4dae6c5224a952b3c) Importer(2089858483,192608db42251d675da83286b1cce702) (ScriptedImporter) -> (artifact id: '0025c48273952c405be020221ce1262e') in 0.0703176 seconds
Number of updated asset objects reloaded before import = 0Number of asset objects unloaded after import = 3

========================================================================
Received Import Request.
  Time since last request: 0.000082 seconds.
  path: Assets/TextMesh Pro/Shaders/TMP_SDF.shader
  artifactKey: Guid(68e6db2ebdc24f95958faec2be5558d6) Importer(2089858483,192608db42251d675da83286b1cce702)
Start importing Assets/TextMesh Pro/Shaders/TMP_SDF.shader using Guid(68e6db2ebdc24f95958faec2be5558d6) Importer(2089858483,192608db42251d675da83286b1cce702) (ScriptedImporter) -> (artifact id: '65d312edf487882386a0319d58c2a00d') in 0.0411273 seconds
Number of updated asset objects reloaded before import = 0Number of asset objects unloaded after import = 1

========================================================================
Received Import Request.
  Time since last request: 0.000052 seconds.
  path: Assets/Fantasy Wooden GUI  Free/normal_ui_set A/UI board Large Set.png
  artifactKey: Guid(90a2dde0942123c4ebb9c4af580c5818) Importer(2089858483,192608db42251d675da83286b1cce702)
Start importing Assets/Fantasy Wooden GUI  Free/normal_ui_set A/UI board Large Set.png using Guid(90a2dde0942123c4ebb9c4af580c5818) Importer(2089858483,192608db42251d675da83286b1cce702) (ScriptedImporter) -> (artifact id: '64473ff5bfdb5aa91a60b6f12df3138e') in 0.1065825 seconds
Number of updated asset objects reloaded before import = 0Number of asset objects unloaded after import = 3

========================================================================
Received Import Request.
  Time since last request: 0.000084 seconds.
  path: Assets/Fantasy Wooden GUI  Free/normal_ui_set A/IRONY TITLE  empty.png
  artifactKey: Guid(4d6a99baee23b654f9e4bb672ae0b438) Importer(2089858483,192608db42251d675da83286b1cce702)
Start importing Assets/Fantasy Wooden GUI  Free/normal_ui_set A/IRONY TITLE  empty.png using Guid(4d6a99baee23b654f9e4bb672ae0b438) Importer(2089858483,192608db42251d675da83286b1cce702) (ScriptedImporter) -> (artifact id: 'bcc588a527e4eea1df385a0719b8b2ee') in 0.1062931 seconds
Number of updated asset objects reloaded before import = 0Number of asset objects unloaded after import = 3

========================================================================
Received Import Request.
  Time since last request: 0.000051 seconds.
  path: Assets/TextMesh Pro/Shaders/TMPro_Mobile.cginc
  artifactKey: Guid(c334973cef89a9840b0b0c507e0377ab) Importer(2089858483,192608db42251d675da83286b1cce702)
Start importing Assets/TextMesh Pro/Shaders/TMPro_Mobile.cginc using Guid(c334973cef89a9840b0b0c507e0377ab) Importer(2089858483,192608db42251d675da83286b1cce702) (ScriptedImporter) -> (artifact id: 'f712398e6ca3b8011dcff7ab964b90de') in 0.0658169 seconds
Number of updated asset objects reloaded before import = 0Number of asset objects unloaded after import = 1

========================================================================
Received Import Request.
  Time since last request: 0.000100 seconds.
  path: Assets/TextMesh Pro/Shaders/TMP_Sprite.shader
  artifactKey: Guid(cf81c85f95fe47e1a27f6ae460cf182c) Importer(2089858483,192608db42251d675da83286b1cce702)
Start importing Assets/TextMesh Pro/Shaders/TMP_Sprite.shader using Guid(cf81c85f95fe47e1a27f6ae460cf182c) Importer(2089858483,192608db42251d675da83286b1cce702) (ScriptedImporter) -> (artifact id: '658d61cdcfd553569238dab4a53e3530') in 0.0631312 seconds
Number of updated asset objects reloaded before import = 0Number of asset objects unloaded after import = 1

========================================================================
Received Import Request.
  Time since last request: 0.001508 seconds.
  path: Assets/TextMesh Pro/Resources/Sprite Assets
  artifactKey: Guid(512a49d95c0c4332bdd98131869c23c9) Importer(2089858483,192608db42251d675da83286b1cce702)
Start importing Assets/TextMesh Pro/Resources/Sprite Assets using Guid(512a49d95c0c4332bdd98131869c23c9) Importer(2089858483,192608db42251d675da83286b1cce702) (ScriptedImporter) -> (artifact id: '4f49894c892e48e7020679fa21af11a9') in 0.0353296 seconds
Number of updated asset objects reloaded before import = 0Number of asset objects unloaded after import = 1

========================================================================
Received Import Request.
  Time since last request: 0.000071 seconds.
  path: Assets/TextMesh Pro/Sprites
  artifactKey: Guid(d0603b6d5186471b96c778c3949c7ce2) Importer(2089858483,192608db42251d675da83286b1cce702)
Start importing Assets/TextMesh Pro/Sprites using Guid(d0603b6d5186471b96c778c3949c7ce2) Importer(2089858483,192608db42251d675da83286b1cce702) (ScriptedImporter) -> (artifact id: 'e158cca9c9ffe4d0dfa61dcffbcc7596') in 0.0314891 seconds
Number of updated asset objects reloaded before import = 0Number of asset objects unloaded after import = 1

========================================================================
Received Import Request.
  Time since last request: 0.000111 seconds.
  path: Assets/TextMesh Pro/Sprites/EmojiOne Attribution.txt
  artifactKey: Guid(381dcb09d5029d14897e55f98031fca5) Importer(2089858483,192608db42251d675da83286b1cce702)
Start importing Assets/TextMesh Pro/Sprites/EmojiOne Attribution.txt using Guid(381dcb09d5029d14897e55f98031fca5) Importer(2089858483,192608db42251d675da83286b1cce702) (ScriptedImporter) -> (artifact id: '2231be4f1da4d122025256fb212b4c94') in 0.065134 seconds
Number of updated asset objects reloaded before import = 0Number of asset objects unloaded after import = 1

========================================================================
Received Import Request.
  Time since last request: 0.000031 seconds.
  path: Assets/TextMesh Pro/Shaders/TMP_SDF-Mobile-2-Pass.shader
  artifactKey: Guid(0178fcb869bafef4690d177d31d17db8) Importer(2089858483,192608db42251d675da83286b1cce702)
Start importing Assets/TextMesh Pro/Shaders/TMP_SDF-Mobile-2-Pass.shader using Guid(0178fcb869bafef4690d177d31d17db8) Importer(2089858483,192608db42251d675da83286b1cce702) (ScriptedImporter) -> (artifact id: '24b320c9eb7c0b62adf9e863aa06bd1e') in 0.0478626 seconds
Number of updated asset objects reloaded before import = 0Number of asset objects unloaded after import = 1

========================================================================
Received Import Request.
  Time since last request: 0.000085 seconds.
  path: Assets/TextMesh Pro/Fonts/LiberationSans.ttf
  artifactKey: Guid(e3265ab4bf004d28a9537516768c1c75) Importer(2089858483,192608db42251d675da83286b1cce702)
Start importing Assets/TextMesh Pro/Fonts/LiberationSans.ttf using Guid(e3265ab4bf004d28a9537516768c1c75) Importer(2089858483,192608db42251d675da83286b1cce702) (ScriptedImporter) -> (artifact id: '1283a5c43c8779fb73e6d3e4d27efcd6') in 0.7438837 seconds
Number of updated asset objects reloaded before import = 0Number of asset objects unloaded after import = 3

========================================================================
Received Import Request.
  Time since last request: 0.000789 seconds.
  path: Assets/TextMesh Pro/Examples & Extras/Textures
  artifactKey: Guid(6e5c6d5e25574122a7a12dbdbbeed156) Importer(2089858483,192608db42251d675da83286b1cce702)
Start importing Assets/TextMesh Pro/Examples & Extras/Textures using Guid(6e5c6d5e25574122a7a12dbdbbeed156) Importer(2089858483,192608db42251d675da83286b1cce702) (ScriptedImporter) -> (artifact id: 'f36935038e4c5483e66953f79986f849') in 0.0494059 seconds
Number of updated asset objects reloaded before import = 0Number of asset objects unloaded after import = 1

========================================================================
Received Import Request.
  Time since last request: 0.000049 seconds.
  path: Assets/TextMesh Pro/Resources
  artifactKey: Guid(243e06394e614e5d99fab26083b707fa) Importer(2089858483,192608db42251d675da83286b1cce702)
Start importing Assets/TextMesh Pro/Resources using Guid(243e06394e614e5d99fab26083b707fa) Importer(2089858483,192608db42251d675da83286b1cce702) (ScriptedImporter) -> (artifact id: 'ad24c772d83cf51d26bacf27bf4cd4d7') in 0.0554287 seconds
Number of updated asset objects reloaded before import = 0Number of asset objects unloaded after import = 1

========================================================================
Received Import Request.
  Time since last request: 0.000039 seconds.
  path: Assets/TextMesh Pro/Examples & Extras/Scripts/SkewTextExample.cs
  artifactKey: Guid(d412675cfb3441efa3bf8dcd9b7624dc) Importer(2089858483,192608db42251d675da83286b1cce702)
Start importing Assets/TextMesh Pro/Examples & Extras/Scripts/SkewTextExample.cs using Guid(d412675cfb3441efa3bf8dcd9b7624dc) Importer(2089858483,192608db42251d675da83286b1cce702) (ScriptedImporter) -> (artifact id: 'dd110f75a434342f6a80c98847e0e097') in 0.0360053 seconds
Number of updated asset objects reloaded before import = 0Number of asset objects unloaded after import = 0

========================================================================
Received Import Request.
  Time since last request: 0.000394 seconds.
  path: Assets/TextMesh Pro/Examples & Extras/Scenes/04 - Word Wrapping.unity
  artifactKey: Guid(8f7137eacd7042d5b17ef0efe5e744f5) Importer(2089858483,192608db42251d675da83286b1cce702)
Start importing Assets/TextMesh Pro/Examples & Extras/Scenes/04 - Word Wrapping.unity using Guid(8f7137eacd7042d5b17ef0efe5e744f5) Importer(2089858483,192608db42251d675da83286b1cce702) (ScriptedImporter) -> (artifact id: 'd4a1817a7b86cf136ff9cbc2a8011c5e') in 0.0836975 seconds
Number of updated asset objects reloaded before import = 0Number of asset objects unloaded after import = 1

========================================================================
Received Import Request.
  Time since last request: 0.000064 seconds.
  path: Assets/TextMesh Pro/Examples & Extras/Resources/Fonts & Materials/LiberationSans SDF - Metalic Green.mat
  artifactKey: Guid(8b29aaa3eec7468097ff07adfcf29ac9) Importer(2089858483,192608db42251d675da83286b1cce702)
Start importing Assets/TextMesh Pro/Examples & Extras/Resources/Fonts & Materials/LiberationSans SDF - Metalic Green.mat using Guid(8b29aaa3eec7468097ff07adfcf29ac9) Importer(2089858483,192608db42251d675da83286b1cce702) (ScriptedImporter) -> (artifact id: 'b9b5b743fb48dcb883a08ae78c370197') in 0.2906595 seconds
Number of updated asset objects reloaded before import = 0Number of asset objects unloaded after import = 4

========================================================================
Received Import Request.
  Time since last request: 0.000104 seconds.
  path: Assets/TextMesh Pro/Examples & Extras/Resources/Fonts & Materials/Anton SDF - Drop Shadow.mat
  artifactKey: Guid(749b9069dc4742c5bfa5c74644049926) Importer(2089858483,192608db42251d675da83286b1cce702)
Start importing Assets/TextMesh Pro/Examples & Extras/Resources/Fonts & Materials/Anton SDF - Drop Shadow.mat using Guid(749b9069dc4742c5bfa5c74644049926) Importer(2089858483,192608db42251d675da83286b1cce702) (ScriptedImporter) -> (artifact id: '6f640e0e680644f4b8e95b60ad562b98') in 0.154446 seconds
Number of updated asset objects reloaded before import = 0Number of asset objects unloaded after import = 2

========================================================================
Received Import Request.
  Time since last request: 0.000069 seconds.
  path: Assets/TextMesh Pro/Examples & Extras/Fonts/Oswald-Bold - OFL.txt
  artifactKey: Guid(d2cf87a8a7a94aa8b80dff1c807c1178) Importer(2089858483,192608db42251d675da83286b1cce702)
Start importing Assets/TextMesh Pro/Examples & Extras/Fonts/Oswald-Bold - OFL.txt using Guid(d2cf87a8a7a94aa8b80dff1c807c1178) Importer(2089858483,192608db42251d675da83286b1cce702) (ScriptedImporter) -> (artifact id: '037309041897907d24f09600b0472c70') in 0.08299 seconds
Number of updated asset objects reloaded before import = 0Number of asset objects unloaded after import = 1

========================================================================
Received Import Request.
  Time since last request: 0.000065 seconds.
  path: Assets/TextMesh Pro/Examples & Extras/Resources/Fonts & Materials/Roboto-Bold SDF - URP.mat
  artifactKey: Guid(90722b8bd74d9aa49958562aff7bdf76) Importer(2089858483,192608db42251d675da83286b1cce702)
Start importing Assets/TextMesh Pro/Examples & Extras/Resources/Fonts & Materials/Roboto-Bold SDF - URP.mat using Guid(90722b8bd74d9aa49958562aff7bdf76) Importer(2089858483,192608db42251d675da83286b1cce702) (ScriptedImporter) -> (artifact id: '29a4ffcc0ad924e6c4cb16c6640d1279') in 0.1379776 seconds
Number of updated asset objects reloaded before import = 0Number of asset objects unloaded after import = 3

========================================================================
Received Import Request.
  Time since last request: 0.000066 seconds.
  path: Assets/TextMesh Pro/Examples & Extras/Materials/Crate - Surface Shader Scene.mat
  artifactKey: Guid(e6b9b44320f4448d9d5e0ee634259966) Importer(2089858483,192608db42251d675da83286b1cce702)
Start importing Assets/TextMesh Pro/Examples & Extras/Materials/Crate - Surface Shader Scene.mat using Guid(e6b9b44320f4448d9d5e0ee634259966) Importer(2089858483,192608db42251d675da83286b1cce702) (ScriptedImporter) -> (artifact id: '2a38ea1a9b543f267a35e8f04e7f35c4') in 0.4096725 seconds
Number of updated asset objects reloaded before import = 0Number of asset objects unloaded after import = 3

========================================================================
Received Import Request.
  Time since last request: 0.000073 seconds.
  path: Assets/TextMesh Pro/Examples & Extras/Scenes/17 - Old Computer Terminal.unity
  artifactKey: Guid(3e2e4d7b0bed4cf9ab827e9f32448f69) Importer(2089858483,192608db42251d675da83286b1cce702)
Start importing Assets/TextMesh Pro/Examples & Extras/Scenes/17 - Old Computer Terminal.unity using Guid(3e2e4d7b0bed4cf9ab827e9f32448f69) Importer(2089858483,192608db42251d675da83286b1cce702) (ScriptedImporter) -> (artifact id: '32feeaa2bfa1cdd32f22ebe51b08c2e7') in 0.108913 seconds
Number of updated asset objects reloaded before import = 0Number of asset objects unloaded after import = 1

========================================================================
Received Import Request.
  Time since last request: 0.000054 seconds.
  path: Assets/TextMesh Pro/Examples & Extras/Materials
  artifactKey: Guid(5808953df7a24274a851aa6dee52d30e) Importer(2089858483,192608db42251d675da83286b1cce702)
Start importing Assets/TextMesh Pro/Examples & Extras/Materials using Guid(5808953df7a24274a851aa6dee52d30e) Importer(2089858483,192608db42251d675da83286b1cce702) (ScriptedImporter) -> (artifact id: '9a5e702ef601e0688efb04bf7f011efe') in 0.042258 seconds
Number of updated asset objects reloaded before import = 0Number of asset objects unloaded after import = 1

========================================================================
Received Import Request.
  Time since last request: 0.000062 seconds.
  path: Assets/TextMesh Pro/Examples & Extras/Scenes/19 - Masking Texture & Soft Mask.unity
  artifactKey: Guid(9abcd5bd764646568a6ea70d00f9264c) Importer(2089858483,192608db42251d675da83286b1cce702)
Start importing Assets/TextMesh Pro/Examples & Extras/Scenes/19 - Masking Texture & Soft Mask.unity using Guid(9abcd5bd764646568a6ea70d00f9264c) Importer(2089858483,192608db42251d675da83286b1cce702) (ScriptedImporter) -> (artifact id: '4b12b53f7ca02ee07e0dd0f53f4058ae') in 0.0640298 seconds
Number of updated asset objects reloaded before import = 0Number of asset objects unloaded after import = 1

========================================================================
Received Import Request.
  Time since last request: 0.000032 seconds.
  path: Assets/TextMesh Pro/Examples & Extras/Scripts/TextMeshProFloatingText.cs
  artifactKey: Guid(a4d4c76e63944cba8c7d00f56334b98c) Importer(2089858483,192608db42251d675da83286b1cce702)
Start importing Assets/TextMesh Pro/Examples & Extras/Scripts/TextMeshProFloatingText.cs using Guid(a4d4c76e63944cba8c7d00f56334b98c) Importer(2089858483,192608db42251d675da83286b1cce702) (ScriptedImporter) -> (artifact id: '6907f7bfce6c30cc9b21a78a6f801436') in 0.0509684 seconds
Number of updated asset objects reloaded before import = 0Number of asset objects unloaded after import = 0

========================================================================
Received Import Request.
  Time since last request: 0.000072 seconds.
  path: Assets/TextMesh Pro/Examples & Extras/Scenes/28 - HDRP Shader Example
  artifactKey: Guid(a7eaeb4188c60454faf0a41c253b505c) Importer(2089858483,192608db42251d675da83286b1cce702)
Start importing Assets/TextMesh Pro/Examples & Extras/Scenes/28 - HDRP Shader Example using Guid(a7eaeb4188c60454faf0a41c253b505c) Importer(2089858483,192608db42251d675da83286b1cce702) (ScriptedImporter) -> (artifact id: '8438cafe8437b8c47a315c232e2840fe') in 0.030411 seconds
Number of updated asset objects reloaded before import = 0Number of asset objects unloaded after import = 1

========================================================================
Received Import Request.
  Time since last request: 0.000029 seconds.
  path: Assets/TextMesh Pro/Examples & Extras/Scenes/05 - Style Tags.unity
  artifactKey: Guid(70615243e2be4a81afaab9bf5d273d65) Importer(2089858483,192608db42251d675da83286b1cce702)
Start importing Assets/TextMesh Pro/Examples & Extras/Scenes/05 - Style Tags.unity using Guid(70615243e2be4a81afaab9bf5d273d65) Importer(2089858483,192608db42251d675da83286b1cce702) (ScriptedImporter) -> (artifact id: '410543ce022cc46003bb6d21ac4e9ada') in 0.0568749 seconds
Number of updated asset objects reloaded before import = 0Number of asset objects unloaded after import = 1

========================================================================
Received Import Request.
  Time since last request: 0.000073 seconds.
  path: Assets/TextMesh Pro/Examples & Extras/Scripts/ObjectSpin.cs
  artifactKey: Guid(4f19c7f94c794c5097d8bd11e39c750d) Importer(2089858483,192608db42251d675da83286b1cce702)
Start importing Assets/TextMesh Pro/Examples & Extras/Scripts/ObjectSpin.cs using Guid(4f19c7f94c794c5097d8bd11e39c750d) Importer(2089858483,192608db42251d675da83286b1cce702) (ScriptedImporter) -> (artifact id: 'f1a487fd3c6968ccca940719631231f2') in 0.0465585 seconds
Number of updated asset objects reloaded before import = 0Number of asset objects unloaded after import = 0

========================================================================
Received Import Request.
  Time since last request: 0.000049 seconds.
  path: Assets/Cartoon_Farm_Crops/Prefabs
  artifactKey: Guid(4b282f46fd391504d8c6ce4658b86d4a) Importer(2089858483,192608db42251d675da83286b1cce702)
Start importing Assets/Cartoon_Farm_Crops/Prefabs using Guid(4b282f46fd391504d8c6ce4658b86d4a) Importer(2089858483,192608db42251d675da83286b1cce702) (ScriptedImporter) -> (artifact id: '627665a92024090c78713ed8c9f1106d') in 0.0428692 seconds
Number of updated asset objects reloaded before import = 0Number of asset objects unloaded after import = 1

========================================================================
Received Import Request.
  Time since last request: 0.000103 seconds.
  path: Assets/TextMesh Pro/Examples & Extras/Scripts/VertexShakeB.cs
  artifactKey: Guid(e4e0d9ccee5f4950be8979268c9014e0) Importer(2089858483,192608db42251d675da83286b1cce702)
Start importing Assets/TextMesh Pro/Examples & Extras/Scripts/VertexShakeB.cs using Guid(e4e0d9ccee5f4950be8979268c9014e0) Importer(2089858483,192608db42251d675da83286b1cce702) (ScriptedImporter) -> (artifact id: '830f277445931aa5b8fd915ccc896c52') in 0.0520079 seconds
Number of updated asset objects reloaded before import = 0Number of asset objects unloaded after import = 0

========================================================================
Received Import Request.
  Time since last request: 0.000065 seconds.
  path: Assets/TextMesh Pro/Examples & Extras/Scripts/Benchmark01.cs
  artifactKey: Guid(f970ea55f9f84bf79b05dab180b8c125) Importer(2089858483,192608db42251d675da83286b1cce702)
Start importing Assets/TextMesh Pro/Examples & Extras/Scripts/Benchmark01.cs using Guid(f970ea55f9f84bf79b05dab180b8c125) Importer(2089858483,192608db42251d675da83286b1cce702) (ScriptedImporter) -> (artifact id: '536896a1a1cb8d022fd122dbdb86c382') in 0.0432584 seconds
Number of updated asset objects reloaded before import = 0Number of asset objects unloaded after import = 0

========================================================================
Received Import Request.
  Time since last request: 0.000078 seconds.
  path: Assets/TextMesh Pro/Examples & Extras/Scenes/09 - Margin Tag Example.unity
  artifactKey: Guid(349f38d3606449708c7340d26740e1e2) Importer(2089858483,192608db42251d675da83286b1cce702)
Start importing Assets/TextMesh Pro/Examples & Extras/Scenes/09 - Margin Tag Example.unity using Guid(349f38d3606449708c7340d26740e1e2) Importer(2089858483,192608db42251d675da83286b1cce702) (ScriptedImporter) -> (artifact id: '9bf72da809b1301f0e79dba2eb44b5c8') in 0.0582887 seconds
Number of updated asset objects reloaded before import = 0Number of asset objects unloaded after import = 1

========================================================================
Received Import Request.
  Time since last request: 0.000032 seconds.
  path: Assets/Blink/Art/Weapons/LowPoly/FreeRPGWeapons/Axes/Axe_2H_Textures/Axe2H_Epic_Normal.png
  artifactKey: Guid(8af36d6415bc65c42b8b8346bfcebdb5) Importer(2089858483,192608db42251d675da83286b1cce702)
Start importing Assets/Blink/Art/Weapons/LowPoly/FreeRPGWeapons/Axes/Axe_2H_Textures/Axe2H_Epic_Normal.png using Guid(8af36d6415bc65c42b8b8346bfcebdb5) Importer(2089858483,192608db42251d675da83286b1cce702) (ScriptedImporter) -> (artifact id: 'e666033d0bfa00d243bc01b03cd56676') in 0.0628733 seconds
Number of updated asset objects reloaded before import = 0Number of asset objects unloaded after import = 1

========================================================================
Received Import Request.
  Time since last request: 0.000044 seconds.
  path: Assets/TextMesh Pro/Examples & Extras/Textures/Gradient Vertical (Color).jpg
  artifactKey: Guid(03d0538de6e24c0f819bfc9ce084dfa9) Importer(2089858483,192608db42251d675da83286b1cce702)
Start importing Assets/TextMesh Pro/Examples & Extras/Textures/Gradient Vertical (Color).jpg using Guid(03d0538de6e24c0f819bfc9ce084dfa9) Importer(2089858483,192608db42251d675da83286b1cce702) (ScriptedImporter) -> (artifact id: '0c0cb61022a66f0017da6f1bd9a207fa') in 0.0772713 seconds
Number of updated asset objects reloaded before import = 0Number of asset objects unloaded after import = 1

========================================================================
Received Import Request.
  Time since last request: 0.000170 seconds.
  path: Assets/TextMesh Pro/Examples & Extras/Scenes/06 - Extra Rich Text Examples.unity
  artifactKey: Guid(39a1fa96ad2a449b908fca29d4297a74) Importer(2089858483,192608db42251d675da83286b1cce702)
Start importing Assets/TextMesh Pro/Examples & Extras/Scenes/06 - Extra Rich Text Examples.unity using Guid(39a1fa96ad2a449b908fca29d4297a74) Importer(2089858483,192608db42251d675da83286b1cce702) (ScriptedImporter) -> (artifact id: 'a64f1f4ad5c3583e0aad07a44c0e4bfd') in 0.0701599 seconds
Number of updated asset objects reloaded before import = 0Number of asset objects unloaded after import = 1

========================================================================
Received Import Request.
  Time since last request: 0.000050 seconds.
  path: Assets/TextMesh Pro/Examples & Extras/Scripts/TMP_PhoneNumberValidator.cs
  artifactKey: Guid(83680ab1a69f4102ac67d1459fe76e1f) Importer(2089858483,192608db42251d675da83286b1cce702)
Start importing Assets/TextMesh Pro/Examples & Extras/Scripts/TMP_PhoneNumberValidator.cs using Guid(83680ab1a69f4102ac67d1459fe76e1f) Importer(2089858483,192608db42251d675da83286b1cce702) (ScriptedImporter) -> (artifact id: '10d3bf67f5de1d64a25eed14a39aba7d') in 0.2253134 seconds
Number of updated asset objects reloaded before import = 0Number of asset objects unloaded after import = 0

========================================================================
Received Import Request.
  Time since last request: 0.000076 seconds.
  path: Assets/TextMesh Pro/Examples & Extras/Resources/Color Gradient Presets/Blue to Purple - Vertical.asset
  artifactKey: Guid(479a66fa4b094512a62b0a8e553ad95a) Importer(2089858483,192608db42251d675da83286b1cce702)
Start importing Assets/TextMesh Pro/Examples & Extras/Resources/Color Gradient Presets/Blue to Purple - Vertical.asset using Guid(479a66fa4b094512a62b0a8e553ad95a) Importer(2089858483,192608db42251d675da83286b1cce702) (ScriptedImporter) -> (artifact id: 'c8ae301090ece71af62f100d14ff19e1') in 0.2225934 seconds
Number of updated asset objects reloaded before import = 0Number of asset objects unloaded after import = 1

========================================================================
Received Import Request.
  Time since last request: 0.000048 seconds.
  path: Assets/TextMesh Pro/Examples & Extras/Scenes/11 - The Style Tag.unity
  artifactKey: Guid(84ed36ad77dd4956b2ffe3769f759879) Importer(2089858483,192608db42251d675da83286b1cce702)
Start importing Assets/TextMesh Pro/Examples & Extras/Scenes/11 - The Style Tag.unity using Guid(84ed36ad77dd4956b2ffe3769f759879) Importer(2089858483,192608db42251d675da83286b1cce702) (ScriptedImporter) -> (artifact id: 'f51b1d910bd1c406c2ba986c8fb939f6') in 0.0709603 seconds
Number of updated asset objects reloaded before import = 0Number of asset objects unloaded after import = 1

========================================================================
Received Import Request.
  Time since last request: 0.000061 seconds.
  path: Assets/TextMesh Pro/Examples & Extras/Fonts/Unity - OFL.txt
  artifactKey: Guid(0251f66ebc602a944b35bccd13be2738) Importer(2089858483,192608db42251d675da83286b1cce702)
Start importing Assets/TextMesh Pro/Examples & Extras/Fonts/Unity - OFL.txt using Guid(0251f66ebc602a944b35bccd13be2738) Importer(2089858483,192608db42251d675da83286b1cce702) (ScriptedImporter) -> (artifact id: '0acdd3120cc61833f7c7c4380e694d94') in 0.0881955 seconds
Number of updated asset objects reloaded before import = 0Number of asset objects unloaded after import = 1

========================================================================
Received Import Request.
  Time since last request: 0.000066 seconds.
  path: Assets/Scripts/ColorChanger.cs
  artifactKey: Guid(3d9f19b5d3a00da429ce10d2863f3153) Importer(2089858483,192608db42251d675da83286b1cce702)
Start importing Assets/Scripts/ColorChanger.cs using Guid(3d9f19b5d3a00da429ce10d2863f3153) Importer(2089858483,192608db42251d675da83286b1cce702) (ScriptedImporter) -> (artifact id: '45059953d6ac5aaa2a80af7350d57b08') in 0.0459521 seconds
Number of updated asset objects reloaded before import = 0Number of asset objects unloaded after import = 0

========================================================================
Received Import Request.
  Time since last request: 0.000069 seconds.
  path: Assets/Scripts
  artifactKey: Guid(c66c459d1e3508947a96f38f0a7103e0) Importer(2089858483,192608db42251d675da83286b1cce702)
Start importing Assets/Scripts using Guid(c66c459d1e3508947a96f38f0a7103e0) Importer(2089858483,192608db42251d675da83286b1cce702) (ScriptedImporter) -> (artifact id: '2f55193fc456bf7bfafb7b186e369dc9') in 0.039179 seconds
Number of updated asset objects reloaded before import = 0Number of asset objects unloaded after import = 1

========================================================================
Received Import Request.
  Time since last request: 0.000836 seconds.
  path: Assets/HealthBar/Health Bar/Assets/ExampleAssets/Materials/Paint1G_WAnim_Material.mat
  artifactKey: Guid(55c183dc45153be48a45c4e530127fb3) Importer(2089858483,192608db42251d675da83286b1cce702)
Start importing Assets/HealthBar/Health Bar/Assets/ExampleAssets/Materials/Paint1G_WAnim_Material.mat using Guid(55c183dc45153be48a45c4e530127fb3) Importer(2089858483,192608db42251d675da83286b1cce702) (ScriptedImporter) -> (artifact id: 'f49d9ddc441320859ec462bd0f7fdaf6') in 0.9393818 seconds
Number of updated asset objects reloaded before import = 0Number of asset objects unloaded after import = 11

========================================================================
Received Import Request.
  Time since last request: 0.000125 seconds.
  path: Assets/HealthBar/Health Bar/Assets/ExampleAssets/Textures/Drywall/Drywall_AlbedoSmoothness.tif
  artifactKey: Guid(3e11968c372730442aae3b4f7c909931) Importer(2089858483,192608db42251d675da83286b1cce702)
Start importing Assets/HealthBar/Health Bar/Assets/ExampleAssets/Textures/Drywall/Drywall_AlbedoSmoothness.tif using Guid(3e11968c372730442aae3b4f7c909931) Importer(2089858483,192608db42251d675da83286b1cce702) (ScriptedImporter) -> (artifact id: '11cc294653aa5335e8dce30b73273382') in 0.3832747 seconds
Number of updated asset objects reloaded before import = 0Number of asset objects unloaded after import = 1

========================================================================
Received Import Request.
  Time since last request: 0.000061 seconds.
  path: Assets/HealthBar/Health Bar/Assets/Presets/AudioStreaming.preset
  artifactKey: Guid(86bcce7f5575b54408aa0f3a7d321039) Importer(2089858483,192608db42251d675da83286b1cce702)
Start importing Assets/HealthBar/Health Bar/Assets/Presets/AudioStreaming.preset using Guid(86bcce7f5575b54408aa0f3a7d321039) Importer(2089858483,192608db42251d675da83286b1cce702) (ScriptedImporter) -> (artifact id: 'e160fe06d275b04cdb9c1daa3df27290') in 0.9575444 seconds
Number of updated asset objects reloaded before import = 0Number of asset objects unloaded after import = 1

========================================================================
Received Import Request.
  Time since last request: 0.000115 seconds.
  path: Assets/HealthBar/Health Bar/Assets/Scripts
  artifactKey: Guid(02a3527b6b33a924e8ec66aa805ea717) Importer(2089858483,192608db42251d675da83286b1cce702)
Start importing Assets/HealthBar/Health Bar/Assets/Scripts using Guid(02a3527b6b33a924e8ec66aa805ea717) Importer(2089858483,192608db42251d675da83286b1cce702) (ScriptedImporter) -> (artifact id: '5beb80deab0a86a3fb82d34c8baf7a2a') in 0.0646667 seconds
Number of updated asset objects reloaded before import = 0Number of asset objects unloaded after import = 1

========================================================================
Received Import Request.
  Time since last request: 0.000043 seconds.
  path: Assets/HealthBar/Health Bar/Assets/ExampleAssets/Textures/Drywall/Drywall_Normal.tif
  artifactKey: Guid(e231e4c02c48ee14aafa55f7b1a843c1) Importer(2089858483,192608db42251d675da83286b1cce702)
Start importing Assets/HealthBar/Health Bar/Assets/ExampleAssets/Textures/Drywall/Drywall_Normal.tif using Guid(e231e4c02c48ee14aafa55f7b1a843c1) Importer(2089858483,192608db42251d675da83286b1cce702) (ScriptedImporter) -> (artifact id: 'e8dd4bb0ea6821d0b6943a1de31b6239') in 0.0873844 seconds
Number of updated asset objects reloaded before import = 0Number of asset objects unloaded after import = 1

========================================================================
Received Import Request.
  Time since last request: 0.000092 seconds.
  path: Assets/Fantasy Wooden GUI  Free/Scene
  artifactKey: Guid(1d4ddc8cb3190b749bc2878cae95700e) Importer(2089858483,192608db42251d675da83286b1cce702)
Start importing Assets/Fantasy Wooden GUI  Free/Scene using Guid(1d4ddc8cb3190b749bc2878cae95700e) Importer(2089858483,192608db42251d675da83286b1cce702) (ScriptedImporter) -> (artifact id: '294016dad679b5407ba56f7de4606378') in 0.0516718 seconds
Number of updated asset objects reloaded before import = 0Number of asset objects unloaded after import = 1

========================================================================
Received Import Request.
  Time since last request: 0.000041 seconds.
  path: Assets/HealthBar/Health Bar/Assets/HealthBar.cs
  artifactKey: Guid(c30753f69b290d64e98640158f268eac) Importer(2089858483,192608db42251d675da83286b1cce702)
Start importing Assets/HealthBar/Health Bar/Assets/HealthBar.cs using Guid(c30753f69b290d64e98640158f268eac) Importer(2089858483,192608db42251d675da83286b1cce702) (ScriptedImporter) -> (artifact id: '4843672117e14c991cf47aa27b11626a') in 0.1836366 seconds
Number of updated asset objects reloaded before import = 0Number of asset objects unloaded after import = 0

========================================================================
Received Import Request.
  Time since last request: 0.000048 seconds.
  path: Assets/HealthBar/Health Bar/Assets/ExampleAssets/Textures/Props/Hammer/Hammer_MetallicOcculusionSmoothness.tif
  artifactKey: Guid(6c509e4ae024b5e4faeefb92dab5c812) Importer(2089858483,192608db42251d675da83286b1cce702)
Start importing Assets/HealthBar/Health Bar/Assets/ExampleAssets/Textures/Props/Hammer/Hammer_MetallicOcculusionSmoothness.tif using Guid(6c509e4ae024b5e4faeefb92dab5c812) Importer(2089858483,192608db42251d675da83286b1cce702) (ScriptedImporter) -> (artifact id: '9e8304eb998e9eafb77759a9cc32bc4b') in 0.140897 seconds
Number of updated asset objects reloaded before import = 0Number of asset objects unloaded after import = 1

========================================================================
Received Import Request.
  Time since last request: 0.000060 seconds.
  path: Assets/HealthBar/Health Bar/Assets/ExampleAssets/Textures/Props/Paint/Paint1G_Normal.tif
  artifactKey: Guid(ac80c335ebd6dde4fa54a82050064545) Importer(2089858483,192608db42251d675da83286b1cce702)
Start importing Assets/HealthBar/Health Bar/Assets/ExampleAssets/Textures/Props/Paint/Paint1G_Normal.tif using Guid(ac80c335ebd6dde4fa54a82050064545) Importer(2089858483,192608db42251d675da83286b1cce702) (ScriptedImporter) -> (artifact id: '8970ea2e2dff8fe025380e498160a025') in 0.0604325 seconds
Number of updated asset objects reloaded before import = 0Number of asset objects unloaded after import = 1

========================================================================
Received Import Request.
  Time since last request: 0.000055 seconds.
  path: Assets/HealthBar/Health Bar/Assets/Scripts/PlayerMovement.cs
  artifactKey: Guid(1aa4b9531af1b5c41b671e767453f5e8) Importer(2089858483,192608db42251d675da83286b1cce702)
Start importing Assets/HealthBar/Health Bar/Assets/Scripts/PlayerMovement.cs using Guid(1aa4b9531af1b5c41b671e767453f5e8) Importer(2089858483,192608db42251d675da83286b1cce702) (ScriptedImporter) -> (artifact id: '15b83c4fb6dac5a65dd8669a21de4f46') in 0.0456117 seconds
Number of updated asset objects reloaded before import = 0Number of asset objects unloaded after import = 0

========================================================================
Received Import Request.
  Time since last request: 0.000040 seconds.
  path: Assets/TextMesh Pro/Examples & Extras/Scenes/24 - Surface Shader Example.unity
  artifactKey: Guid(8c4969fd8ba94a68b07cf11f3e7a5137) Importer(2089858483,192608db42251d675da83286b1cce702)
Start importing Assets/TextMesh Pro/Examples & Extras/Scenes/24 - Surface Shader Example.unity using Guid(8c4969fd8ba94a68b07cf11f3e7a5137) Importer(2089858483,192608db42251d675da83286b1cce702) (ScriptedImporter) -> (artifact id: '9694421d38c755e2d4037bed7d26e7ae') in 0.0845402 seconds
Number of updated asset objects reloaded before import = 0Number of asset objects unloaded after import = 1

========================================================================
Received Import Request.
  Time since last request: 0.000063 seconds.
  path: Assets/HealthBar/Health Bar/Assets/ExampleAssets/Models/safetygoggles_low.fbx
  artifactKey: Guid(6296e48663fd7ad46b1a2af507f871cf) Importer(2089858483,192608db42251d675da83286b1cce702)
Start importing Assets/HealthBar/Health Bar/Assets/ExampleAssets/Models/safetygoggles_low.fbx using Guid(6296e48663fd7ad46b1a2af507f871cf) Importer(2089858483,192608db42251d675da83286b1cce702) (ScriptedImporter) -> (artifact id: '3c68b924a072579da8840aa422dcfc6d') in 0.206623 seconds
Number of updated asset objects reloaded before import = 0Number of asset objects unloaded after import = 11

========================================================================
Received Import Request.
  Time since last request: 0.000185 seconds.
  path: Assets/HealthBar/Health Bar/Assets/TutorialInfo/Layout.wlt
  artifactKey: Guid(c5cd529ea2d3f2349bf1025227838682) Importer(2089858483,192608db42251d675da83286b1cce702)
Start importing Assets/HealthBar/Health Bar/Assets/TutorialInfo/Layout.wlt using Guid(c5cd529ea2d3f2349bf1025227838682) Importer(2089858483,192608db42251d675da83286b1cce702) (ScriptedImporter) -> (artifact id: 'd6849a0625ab34655e7a982cfc448b42') in 0.0406895 seconds
Number of updated asset objects reloaded before import = 0Number of asset objects unloaded after import = 1

========================================================================
Received Import Request.
  Time since last request: 0.000073 seconds.
  path: Assets/HealthBar/Health Bar/Assets/ExampleAssets/Materials/HardHat_Mat.mat
  artifactKey: Guid(e93789f0a5d66df4a81613935579642b) Importer(2089858483,192608db42251d675da83286b1cce702)
Start importing Assets/HealthBar/Health Bar/Assets/ExampleAssets/Materials/HardHat_Mat.mat using Guid(e93789f0a5d66df4a81613935579642b) Importer(2089858483,192608db42251d675da83286b1cce702) (ScriptedImporter) -> (artifact id: '4cf09022664368da33c34dc1c42bd874') in 0.1686358 seconds
Number of updated asset objects reloaded before import = 0Number of asset objects unloaded after import = 4

========================================================================
Received Import Request.
  Time since last request: 0.000044 seconds.
  path: Assets/HealthBar/Health Bar/Assets/Scripts/SimpleCameraController.cs
  artifactKey: Guid(be76e5f14cfee674cb30b491fb72b09b) Importer(2089858483,192608db42251d675da83286b1cce702)
Start importing Assets/HealthBar/Health Bar/Assets/Scripts/SimpleCameraController.cs using Guid(be76e5f14cfee674cb30b491fb72b09b) Importer(2089858483,192608db42251d675da83286b1cce702) (ScriptedImporter) -> (artifact id: 'e893d50eff52c1f6f6740dbd7deff89c') in 0.2078004 seconds
Number of updated asset objects reloaded before import = 0Number of asset objects unloaded after import = 0

========================================================================
Received Import Request.
  Time since last request: 0.000113 seconds.
  path: Assets/HealthBar/Health Bar/Assets/ExampleAssets/Materials/DryWall_Mat.mat
  artifactKey: Guid(a68228c24abfa2f4b8954d7b0148f799) Importer(2089858483,192608db42251d675da83286b1cce702)
Start importing Assets/HealthBar/Health Bar/Assets/ExampleAssets/Materials/DryWall_Mat.mat using Guid(a68228c24abfa2f4b8954d7b0148f799) Importer(2089858483,192608db42251d675da83286b1cce702) (ScriptedImporter) -> (artifact id: '86d8d2ab1b3a6bf71ccee05d5d536a71') in 0.334766 seconds
Number of updated asset objects reloaded before import = 0Number of asset objects unloaded after import = 3

========================================================================
Received Import Request.
  Time since last request: 0.000178 seconds.
  path: Assets/HealthBar/Health Bar/Assets/Presets
  artifactKey: Guid(558255460b74ec04fa70b5570e9327bd) Importer(2089858483,192608db42251d675da83286b1cce702)
Start importing Assets/HealthBar/Health Bar/Assets/Presets using Guid(558255460b74ec04fa70b5570e9327bd) Importer(2089858483,192608db42251d675da83286b1cce702) (ScriptedImporter) -> (artifact id: 'e2f843cacb9974f20ffa8a2a62d284dc') in 0.2779422 seconds
Number of updated asset objects reloaded before import = 0Number of asset objects unloaded after import = 1

========================================================================
Received Import Request.
  Time since last request: 0.000509 seconds.
  path: Assets/HealthBar/Health Bar/Assets/Scripts/Rotator.cs
  artifactKey: Guid(d723a74328c44c9478d9487f067168bb) Importer(2089858483,192608db42251d675da83286b1cce702)
Start importing Assets/HealthBar/Health Bar/Assets/Scripts/Rotator.cs using Guid(d723a74328c44c9478d9487f067168bb) Importer(2089858483,192608db42251d675da83286b1cce702) (ScriptedImporter) -> (artifact id: 'f1a0d66dc62a0a727c5fffb507e7d517') in 0.1603272 seconds
Number of updated asset objects reloaded before import = 0Number of asset objects unloaded after import = 0

========================================================================
Received Import Request.
  Time since last request: 0.001272 seconds.
  path: Assets/HealthBar/Health Bar/Assets/Materials/Ground.mat
  artifactKey: Guid(1ead09e3b1a8794408e85b486f830a90) Importer(2089858483,192608db42251d675da83286b1cce702)
Start importing Assets/HealthBar/Health Bar/Assets/Materials/Ground.mat using Guid(1ead09e3b1a8794408e85b486f830a90) Importer(2089858483,192608db42251d675da83286b1cce702) (ScriptedImporter) -> (artifact id: 'db79bcecc2cfc3a44617bb22fa559528') in 0.1356321 seconds
Number of updated asset objects reloaded before import = 0Number of asset objects unloaded after import = 1

========================================================================
Received Import Request.
  Time since last request: 0.000127 seconds.
  path: Assets/HealthBar/Health Bar/Assets/ExampleAssets/Textures/Plastic/Elastic_MetallicOcculusionSmoothness.tif
  artifactKey: Guid(f5df2fb0c070b57429f8ca23b216093b) Importer(2089858483,192608db42251d675da83286b1cce702)
Start importing Assets/HealthBar/Health Bar/Assets/ExampleAssets/Textures/Plastic/Elastic_MetallicOcculusionSmoothness.tif using Guid(f5df2fb0c070b57429f8ca23b216093b) Importer(2089858483,192608db42251d675da83286b1cce702) (ScriptedImporter) -> (artifact id: '052dae18df21d38bf421f75316f2fe8b') in 1.1537165 seconds
Number of updated asset objects reloaded before import = 0Number of asset objects unloaded after import = 1

========================================================================
Received Import Request.
  Time since last request: 0.000271 seconds.
  path: Assets/HealthBar/Health Bar/Assets/ExampleAssets/Prefabs/Construction Light Low.prefab
  artifactKey: Guid(bf0a225a9ff184f2789f3036faaa9150) Importer(2089858483,192608db42251d675da83286b1cce702)
Start importing Assets/HealthBar/Health Bar/Assets/ExampleAssets/Prefabs/Construction Light Low.prefab using Guid(bf0a225a9ff184f2789f3036faaa9150) Importer(2089858483,192608db42251d675da83286b1cce702) (ScriptedImporter) -> (artifact id: '1515973b050241697a37af7bc1d8152c') in 0.7721758 seconds
Number of updated asset objects reloaded before import = 0Number of asset objects unloaded after import = 22

========================================================================
Received Import Request.
  Time since last request: 0.000324 seconds.
  path: Assets/TextMesh Pro/Examples & Extras/Fonts/Anton.ttf
  artifactKey: Guid(997a43b767814dd0a7642ec9b78cba41) Importer(2089858483,192608db42251d675da83286b1cce702)
Start importing Assets/TextMesh Pro/Examples & Extras/Fonts/Anton.ttf using Guid(997a43b767814dd0a7642ec9b78cba41) Importer(2089858483,192608db42251d675da83286b1cce702) (ScriptedImporter) -> (artifact id: 'cefe0cda86c2ef4ffe8fdf13afe7ec89') in 0.1889929 seconds
Number of updated asset objects reloaded before import = 0Number of asset objects unloaded after import = 3

========================================================================
Received Import Request.
  Time since last request: 0.000044 seconds.
  path: Assets/HealthBar/Health Bar/Assets/ExampleAssets/Prefabs
  artifactKey: Guid(5e04804d4b233d04d92ef41852c3f676) Importer(2089858483,192608db42251d675da83286b1cce702)
Start importing Assets/HealthBar/Health Bar/Assets/ExampleAssets/Prefabs using Guid(5e04804d4b233d04d92ef41852c3f676) Importer(2089858483,192608db42251d675da83286b1cce702) (ScriptedImporter) -> (artifact id: '08ede6560a2dc1b3bf6204e23da120f7') in 0.0425237 seconds
Number of updated asset objects reloaded before import = 0Number of asset objects unloaded after import = 1

========================================================================
Received Import Request.
  Time since last request: 0.000051 seconds.
  path: Assets/HealthBar/Health Bar/Assets/ExampleAssets/Textures/Plastic/PlasticRough_MetallicOcculusionSmoothness.tif
  artifactKey: Guid(ee7680f1374ab4449b6d5f6b2c2c1936) Importer(2089858483,192608db42251d675da83286b1cce702)
Start importing Assets/HealthBar/Health Bar/Assets/ExampleAssets/Textures/Plastic/PlasticRough_MetallicOcculusionSmoothness.tif using Guid(ee7680f1374ab4449b6d5f6b2c2c1936) Importer(2089858483,192608db42251d675da83286b1cce702) (ScriptedImporter) -> (artifact id: '627dc507ac7371d308b098fd1c31731b') in 0.0949022 seconds
Number of updated asset objects reloaded before import = 0Number of asset objects unloaded after import = 1

========================================================================
Received Import Request.
  Time since last request: 0.000043 seconds.
  path: Assets/Scripts/Brackey/BattleSystem.cs
  artifactKey: Guid(944e43d9b9dec184a921fbf9cdfc4928) Importer(2089858483,192608db42251d675da83286b1cce702)
Start importing Assets/Scripts/Brackey/BattleSystem.cs using Guid(944e43d9b9dec184a921fbf9cdfc4928) Importer(2089858483,192608db42251d675da83286b1cce702) (ScriptedImporter) -> (artifact id: 'da3640725c6e9b0334c95561e0900e52') in 0.0463793 seconds
Number of updated asset objects reloaded before import = 0Number of asset objects unloaded after import = 0

========================================================================
Received Import Request.
  Time since last request: 0.000051 seconds.
  path: Assets/HealthBar/Health Bar/Assets/ExampleAssets/Textures/Props/Paint/Paintbrush_Albedo.tif
  artifactKey: Guid(4675081b0baf66345adc734388155502) Importer(2089858483,192608db42251d675da83286b1cce702)
Start importing Assets/HealthBar/Health Bar/Assets/ExampleAssets/Textures/Props/Paint/Paintbrush_Albedo.tif using Guid(4675081b0baf66345adc734388155502) Importer(2089858483,192608db42251d675da83286b1cce702) (ScriptedImporter) -> (artifact id: 'da4810075376943a44708cd7b5f34046') in 0.1042255 seconds
Number of updated asset objects reloaded before import = 0Number of asset objects unloaded after import = 1

========================================================================
Received Import Request.
  Time since last request: 0.000418 seconds.
  path: Assets/HealthBar/Health Bar/Assets/ExampleAssets/Materials/Metal_Simple_Mat.mat
  artifactKey: Guid(a0427cf339e5891468d5f2b433b2d44a) Importer(2089858483,192608db42251d675da83286b1cce702)
Start importing Assets/HealthBar/Health Bar/Assets/ExampleAssets/Materials/Metal_Simple_Mat.mat using Guid(a0427cf339e5891468d5f2b433b2d44a) Importer(2089858483,192608db42251d675da83286b1cce702) (ScriptedImporter) -> (artifact id: 'd923b894fee008f02a30cc5227449427') in 0.4030076 seconds
Number of updated asset objects reloaded before import = 0Number of asset objects unloaded after import = 4

========================================================================
Received Import Request.
  Time since last request: 0.000257 seconds.
  path: Assets/Scripts/Brackey/Prefabs/Player.prefab
  artifactKey: Guid(a5d9726fd79d72d4ca584f5954f69c1f) Importer(2089858483,192608db42251d675da83286b1cce702)
Start importing Assets/Scripts/Brackey/Prefabs/Player.prefab using Guid(a5d9726fd79d72d4ca584f5954f69c1f) Importer(2089858483,192608db42251d675da83286b1cce702) (ScriptedImporter) -> (artifact id: 'dc0a74235eefc4eb8dcfa6a8d2e9f0f6') in 0.8469127 seconds
Number of updated asset objects reloaded before import = 0Number of asset objects unloaded after import = 9

========================================================================
Received Import Request.
  Time since last request: 0.000189 seconds.
  path: Assets/TextMesh Pro/Examples & Extras/Resources/Color Gradient Presets/Light to Dark Green - Vertical.asset
  artifactKey: Guid(5cf8ae092ca54931b443bec5148f3c59) Importer(2089858483,192608db42251d675da83286b1cce702)
Start importing Assets/TextMesh Pro/Examples & Extras/Resources/Color Gradient Presets/Light to Dark Green - Vertical.asset using Guid(5cf8ae092ca54931b443bec5148f3c59) Importer(2089858483,192608db42251d675da83286b1cce702) (ScriptedImporter) -> (artifact id: 'cdea4b54625c3cc7238f486805f3438e') in 0.1411246 seconds
Number of updated asset objects reloaded before import = 0Number of asset objects unloaded after import = 1

========================================================================
Received Import Request.
  Time since last request: 0.000883 seconds.
  path: Assets/HealthBar/Health Bar/Assets/ExampleAssets/Textures/Props/HardHat
  artifactKey: Guid(2d8107af768e1c54aab35a9245f96fb1) Importer(2089858483,192608db42251d675da83286b1cce702)
Start importing Assets/HealthBar/Health Bar/Assets/ExampleAssets/Textures/Props/HardHat using Guid(2d8107af768e1c54aab35a9245f96fb1) Importer(2089858483,192608db42251d675da83286b1cce702) (ScriptedImporter) -> (artifact id: '9086f589ac1dd0c21d43e5d186b1c8de') in 0.0507911 seconds
Number of updated asset objects reloaded before import = 0Number of asset objects unloaded after import = 1

========================================================================
Received Import Request.
  Time since last request: 0.000082 seconds.
  path: Assets/HealthBar/Health Bar/Assets/ExampleAssets/Models/magneticlevel_low.fbx
  artifactKey: Guid(bae110eee250e4b418b188f4ae4e3170) Importer(2089858483,192608db42251d675da83286b1cce702)
Start importing Assets/HealthBar/Health Bar/Assets/ExampleAssets/Models/magneticlevel_low.fbx using Guid(bae110eee250e4b418b188f4ae4e3170) Importer(2089858483,192608db42251d675da83286b1cce702) (ScriptedImporter) -> (artifact id: 'b61aa3c86d9d1254fd4d909f1c794c24') in 0.1568578 seconds
Number of updated asset objects reloaded before import = 0Number of asset objects unloaded after import = 11

========================================================================
Received Import Request.
  Time since last request: 0.000043 seconds.
  path: Assets/Cartoon_Farm_Crops/Prefabs/Standard/Eggplant_Fruit.prefab
  artifactKey: Guid(92417dd2b68fd6147a711fb2af4275b1) Importer(2089858483,192608db42251d675da83286b1cce702)
Start importing Assets/Cartoon_Farm_Crops/Prefabs/Standard/Eggplant_Fruit.prefab using Guid(92417dd2b68fd6147a711fb2af4275b1) Importer(2089858483,192608db42251d675da83286b1cce702) (ScriptedImporter) -> (artifact id: '1d6d2d9a0f515ad1f38f6637ff75f87e') in 0.6707079 seconds
Number of updated asset objects reloaded before import = 0Number of asset objects unloaded after import = 9

========================================================================
Received Import Request.
  Time since last request: 0.000574 seconds.
  path: Assets/Blink/Art/Weapons/LowPoly/FreeRPGWeapons/Spears/Spear_1H_Textures
  artifactKey: Guid(03ddbba3aeef222439a95eed4840c892) Importer(2089858483,192608db42251d675da83286b1cce702)
Start importing Assets/Blink/Art/Weapons/LowPoly/FreeRPGWeapons/Spears/Spear_1H_Textures using Guid(03ddbba3aeef222439a95eed4840c892) Importer(2089858483,192608db42251d675da83286b1cce702) (ScriptedImporter) -> (artifact id: 'd16348b64cfad91d3085abbc8de709fa') in 0.0499713 seconds
Number of updated asset objects reloaded before import = 0Number of asset objects unloaded after import = 1

========================================================================
Received Import Request.
  Time since last request: 0.000036 seconds.
  path: Assets/Blink/Art/Weapons/LowPoly/FreeRPGWeapons/_PREFABS/Shield_Medium.prefab
  artifactKey: Guid(e9ea46be99de08f49b1d7ea40fa98847) Importer(2089858483,192608db42251d675da83286b1cce702)
Start importing Assets/Blink/Art/Weapons/LowPoly/FreeRPGWeapons/_PREFABS/Shield_Medium.prefab using Guid(e9ea46be99de08f49b1d7ea40fa98847) Importer(2089858483,192608db42251d675da83286b1cce702) (ScriptedImporter) -> (artifact id: '09886c92e6830f69c90a3b2c923dab07') in 0.1350293 seconds
Number of updated asset objects reloaded before import = 0Number of asset objects unloaded after import = 8

========================================================================
Received Import Request.
  Time since last request: 0.000081 seconds.
  path: Assets/Blink/Art/Weapons/LowPoly/FreeRPGWeapons/Spears/Spear_2H_Textures/Spear2H_Basic_Normal.png
  artifactKey: Guid(23a8cd3ca49e3af4d9d9d0f132552f57) Importer(2089858483,192608db42251d675da83286b1cce702)
Start importing Assets/Blink/Art/Weapons/LowPoly/FreeRPGWeapons/Spears/Spear_2H_Textures/Spear2H_Basic_Normal.png using Guid(23a8cd3ca49e3af4d9d9d0f132552f57) Importer(2089858483,192608db42251d675da83286b1cce702) (ScriptedImporter) -> (artifact id: '8c251e90514525b0b6af0640288420cf') in 0.2260744 seconds
Number of updated asset objects reloaded before import = 0Number of asset objects unloaded after import = 1

========================================================================
Received Import Request.
  Time since last request: 0.000081 seconds.
  path: Assets/Blink/Art/Weapons/LowPoly/FreeRPGWeapons/Axes/Axe_2H_Textures/Axe2H_Medium_Normal.png
  artifactKey: Guid(8ff911807a53151429a215be22380cd0) Importer(2089858483,192608db42251d675da83286b1cce702)
Start importing Assets/Blink/Art/Weapons/LowPoly/FreeRPGWeapons/Axes/Axe_2H_Textures/Axe2H_Medium_Normal.png using Guid(8ff911807a53151429a215be22380cd0) Importer(2089858483,192608db42251d675da83286b1cce702) (ScriptedImporter) -> (artifact id: 'dc553c60befb6b9b8ecc28fd950985d4') in 0.0703979 seconds
Number of updated asset objects reloaded before import = 0Number of asset objects unloaded after import = 1

========================================================================
Received Import Request.
  Time since last request: 0.000029 seconds.
  path: Assets/STYLIZED Desert Kingdom/Materials/Textures/M_glass_stained_ornamental_Normal.png
  artifactKey: Guid(e6fe197dd81f2a24787897627eab7813) Importer(2089858483,192608db42251d675da83286b1cce702)
Start importing Assets/STYLIZED Desert Kingdom/Materials/Textures/M_glass_stained_ornamental_Normal.png using Guid(e6fe197dd81f2a24787897627eab7813) Importer(2089858483,192608db42251d675da83286b1cce702) (ScriptedImporter) -> (artifact id: '34c65b264987ab2feb65d3e6598d5b14') in 0.0740029 seconds
Number of updated asset objects reloaded before import = 0Number of asset objects unloaded after import = 1

========================================================================
Received Import Request.
  Time since last request: 0.000204 seconds.
  path: Assets/Blink/Art/Weapons/LowPoly/FreeRPGWeapons/Spears/Spear_1H_Textures/Spear1H_Epic2_BaseColor.png
  artifactKey: Guid(6ba04988f8e2abd40bec8f463595e006) Importer(2089858483,192608db42251d675da83286b1cce702)
Start importing Assets/Blink/Art/Weapons/LowPoly/FreeRPGWeapons/Spears/Spear_1H_Textures/Spear1H_Epic2_BaseColor.png using Guid(6ba04988f8e2abd40bec8f463595e006) Importer(2089858483,192608db42251d675da83286b1cce702) (ScriptedImporter) -> (artifact id: '4edcc71002f74db9fa432a1f48c1b8eb') in 0.0612402 seconds
Number of updated asset objects reloaded before import = 0Number of asset objects unloaded after import = 1

========================================================================
Received Import Request.
  Time since last request: 0.000126 seconds.
  path: Assets/STYLIZED Desert Kingdom/Materials/Textures/M_arch_fancy_BaseMap.png
  artifactKey: Guid(95ef44caa47d9924c834b986d6bfda64) Importer(2089858483,192608db42251d675da83286b1cce702)
Start importing Assets/STYLIZED Desert Kingdom/Materials/Textures/M_arch_fancy_BaseMap.png using Guid(95ef44caa47d9924c834b986d6bfda64) Importer(2089858483,192608db42251d675da83286b1cce702) (ScriptedImporter) -> (artifact id: '4914553371a469c9cdea70cf0a967b3f') in 0.0953997 seconds
Number of updated asset objects reloaded before import = 0Number of asset objects unloaded after import = 1

========================================================================
Received Import Request.
  Time since last request: 0.000055 seconds.
  path: Assets/STYLIZED Desert Kingdom/Prefabs/Props/SM_marketstand_preset_06.prefab
  artifactKey: Guid(91ceb82a40a46a946b4e5856d90f4829) Importer(2089858483,192608db42251d675da83286b1cce702)
Start importing Assets/STYLIZED Desert Kingdom/Prefabs/Props/SM_marketstand_preset_06.prefab using Guid(91ceb82a40a46a946b4e5856d90f4829) Importer(2089858483,192608db42251d675da83286b1cce702) (ScriptedImporter) -> (artifact id: '17fe9f275cdee6c1fd287263cda88a86') in 0.1741783 seconds
Number of updated asset objects reloaded before import = 0Number of asset objects unloaded after import = 18

========================================================================
Received Import Request.
  Time since last request: 0.000101 seconds.
  path: Assets/Blink/Art/Weapons/LowPoly/FreeRPGWeapons/Axes/Axe_2H_Textures/Axe2H_Basic_BaseColor.png
  artifactKey: Guid(10ea48703a891914ca3ab8a9aed3df14) Importer(2089858483,192608db42251d675da83286b1cce702)
Start importing Assets/Blink/Art/Weapons/LowPoly/FreeRPGWeapons/Axes/Axe_2H_Textures/Axe2H_Basic_BaseColor.png using Guid(10ea48703a891914ca3ab8a9aed3df14) Importer(2089858483,192608db42251d675da83286b1cce702) (ScriptedImporter) -> (artifact id: 'bb9a4fb4aa429a409af108d6743be6d4') in 0.0651031 seconds
Number of updated asset objects reloaded before import = 0Number of asset objects unloaded after import = 1

========================================================================
Received Import Request.
  Time since last request: 0.000083 seconds.
  path: Assets/STYLIZED Desert Kingdom/Prefabs/Traps/SM_blade_swinging.prefab
  artifactKey: Guid(5812f9922bfb4c74d933d4f8e2cd1161) Importer(2089858483,192608db42251d675da83286b1cce702)
Start importing Assets/STYLIZED Desert Kingdom/Prefabs/Traps/SM_blade_swinging.prefab using Guid(5812f9922bfb4c74d933d4f8e2cd1161) Importer(2089858483,192608db42251d675da83286b1cce702) (ScriptedImporter) -> (artifact id: 'c9508499ee2855dd2e64b257e49b8fb1') in 0.1982482 seconds
Number of updated asset objects reloaded before import = 0Number of asset objects unloaded after import = 20

========================================================================
Received Import Request.
  Time since last request: 0.000067 seconds.
  path: Assets/TextMesh Pro/Examples & Extras/Textures/Gradient Horizontal (Color).jpg
  artifactKey: Guid(6eb184de103d4b3f812b38561065192f) Importer(2089858483,192608db42251d675da83286b1cce702)
Start importing Assets/TextMesh Pro/Examples & Extras/Textures/Gradient Horizontal (Color).jpg using Guid(6eb184de103d4b3f812b38561065192f) Importer(2089858483,192608db42251d675da83286b1cce702) (ScriptedImporter) -> (artifact id: '389eb30bcab5c9234334f1cfa9704be3') in 0.0794012 seconds
Number of updated asset objects reloaded before import = 0Number of asset objects unloaded after import = 1

========================================================================
Received Import Request.
  Time since last request: 0.000059 seconds.
  path: Assets/STYLIZED Desert Kingdom/Materials/Textures/M_pattern_building_BaseMap.png
  artifactKey: Guid(115758ba13a5af94693674dcd565006f) Importer(2089858483,192608db42251d675da83286b1cce702)
Start importing Assets/STYLIZED Desert Kingdom/Materials/Textures/M_pattern_building_BaseMap.png using Guid(115758ba13a5af94693674dcd565006f) Importer(2089858483,192608db42251d675da83286b1cce702) (ScriptedImporter) -> (artifact id: '1b5eef2a634e170e979755af5c924b64') in 0.0633767 seconds
Number of updated asset objects reloaded before import = 0Number of asset objects unloaded after import = 1

========================================================================
Received Import Request.
  Time since last request: 0.000064 seconds.
  path: Assets/HealthBar/Health Bar/Assets/ExampleAssets/Models/Stud.fbx
  artifactKey: Guid(34624edaccd9d704a95ed404d919b492) Importer(2089858483,192608db42251d675da83286b1cce702)
Start importing Assets/HealthBar/Health Bar/Assets/ExampleAssets/Models/Stud.fbx using Guid(34624edaccd9d704a95ed404d919b492) Importer(2089858483,192608db42251d675da83286b1cce702) (ScriptedImporter) -> (artifact id: '658c3e04b91239e7e6213cf115bdbcc8') in 0.126525 seconds
Number of updated asset objects reloaded before import = 0Number of asset objects unloaded after import = 15

========================================================================
Received Import Request.
  Time since last request: 0.000035 seconds.
  path: Assets/STYLIZED Desert Kingdom/Materials/Materials/M_groundtiles_sand_Height.mat
  artifactKey: Guid(bbb49386728367d4ab68617bc7903ed8) Importer(2089858483,192608db42251d675da83286b1cce702)
Start importing Assets/STYLIZED Desert Kingdom/Materials/Materials/M_groundtiles_sand_Height.mat using Guid(bbb49386728367d4ab68617bc7903ed8) Importer(2089858483,192608db42251d675da83286b1cce702) (ScriptedImporter) -> (artifact id: 'fb26bd703e48aa8ce6011422703f4e85') in 0.09441 seconds
Number of updated asset objects reloaded before import = 0Number of asset objects unloaded after import = 2

========================================================================
Received Import Request.
  Time since last request: 0.000234 seconds.
  path: Assets/HealthBar/Health Bar/Assets/TutorialInfo/Icons/UniversalIcon.png
  artifactKey: Guid(7801804018a7dcf42abb827444e18660) Importer(2089858483,192608db42251d675da83286b1cce702)
Start importing Assets/HealthBar/Health Bar/Assets/TutorialInfo/Icons/UniversalIcon.png using Guid(7801804018a7dcf42abb827444e18660) Importer(2089858483,192608db42251d675da83286b1cce702) (ScriptedImporter) -> (artifact id: 'c3040ae2d165442d2625f46e329c840e') in 0.0610315 seconds
Number of updated asset objects reloaded before import = 0Number of asset objects unloaded after import = 1

========================================================================
Received Import Request.
  Time since last request: 0.000040 seconds.
  path: Assets/TextMesh Pro/Shaders/TMP_SDF-Mobile Overlay.shader
  artifactKey: Guid(a02a7d8c237544f1962732b55a9aebf1) Importer(2089858483,192608db42251d675da83286b1cce702)
Start importing Assets/TextMesh Pro/Shaders/TMP_SDF-Mobile Overlay.shader using Guid(a02a7d8c237544f1962732b55a9aebf1) Importer(2089858483,192608db42251d675da83286b1cce702) (ScriptedImporter) -> (artifact id: '31029fa227e8b8698d75084f431e9d30') in 0.1032982 seconds
Number of updated asset objects reloaded before import = 0Number of asset objects unloaded after import = 1

========================================================================
Received Import Request.
  Time since last request: 0.000054 seconds.
  path: Assets/TextMesh Pro/Examples & Extras/Scripts/TMP_DigitValidator.cs
  artifactKey: Guid(1a7eb92a01ed499a987bde9def05fbce) Importer(2089858483,192608db42251d675da83286b1cce702)
Start importing Assets/TextMesh Pro/Examples & Extras/Scripts/TMP_DigitValidator.cs using Guid(1a7eb92a01ed499a987bde9def05fbce) Importer(2089858483,192608db42251d675da83286b1cce702) (ScriptedImporter) -> (artifact id: 'f57f96f73e7edbb35598818d8450faa1') in 0.1138365 seconds
Number of updated asset objects reloaded before import = 0Number of asset objects unloaded after import = 0

========================================================================
Received Import Request.
  Time since last request: 0.008646 seconds.
  path: Assets/STYLIZED Desert Kingdom/Meshes/Modular Elements/SM_column_great_01.fbx
  artifactKey: Guid(852e43cda4b270f44ad59f4f8f98fa50) Importer(2089858483,192608db42251d675da83286b1cce702)
Start importing Assets/STYLIZED Desert Kingdom/Meshes/Modular Elements/SM_column_great_01.fbx using Guid(852e43cda4b270f44ad59f4f8f98fa50) Importer(2089858483,192608db42251d675da83286b1cce702) (ScriptedImporter) -> (artifact id: '753dc21bfc94701a726d188ebe9e2080') in 0.660715 seconds
Number of updated asset objects reloaded before import = 0Number of asset objects unloaded after import = 12

========================================================================
Received Import Request.
  Time since last request: 0.000161 seconds.
  path: Assets/STYLIZED Desert Kingdom/Meshes/Modular Elements/SM_dome_02.fbx
  artifactKey: Guid(f15cc329ea5d5d848b28a7b156258353) Importer(2089858483,192608db42251d675da83286b1cce702)
Start importing Assets/STYLIZED Desert Kingdom/Meshes/Modular Elements/SM_dome_02.fbx using Guid(f15cc329ea5d5d848b28a7b156258353) Importer(2089858483,192608db42251d675da83286b1cce702) (ScriptedImporter) -> (artifact id: '51306496ab9bf54f76b05185d758155d') in 0.1906945 seconds
Number of updated asset objects reloaded before import = 0Number of asset objects unloaded after import = 15

========================================================================
Received Import Request.
  Time since last request: 0.000131 seconds.
  path: Assets/STYLIZED Desert Kingdom/Materials/Textures/M_statue_guard_Normal.png
  artifactKey: Guid(384b10f468659b1439fcb2290482eaef) Importer(2089858483,192608db42251d675da83286b1cce702)
Start importing Assets/STYLIZED Desert Kingdom/Materials/Textures/M_statue_guard_Normal.png using Guid(384b10f468659b1439fcb2290482eaef) Importer(2089858483,192608db42251d675da83286b1cce702) (ScriptedImporter) -> (artifact id: 'bafc7edea6b5993f07e8ce929c20c248') in 0.1035058 seconds
Number of updated asset objects reloaded before import = 0Number of asset objects unloaded after import = 1

========================================================================
Received Import Request.
  Time since last request: 0.000060 seconds.
  path: Assets/STYLIZED Desert Kingdom/Meshes/Buildings/New Folder
  artifactKey: Guid(e63ce7460205f52409cd1f9e8fe4fa24) Importer(2089858483,192608db42251d675da83286b1cce702)
Start importing Assets/STYLIZED Desert Kingdom/Meshes/Buildings/New Folder using Guid(e63ce7460205f52409cd1f9e8fe4fa24) Importer(2089858483,192608db42251d675da83286b1cce702) (ScriptedImporter) -> (artifact id: '9fa8b74a0cd460d6e36d76ab930172a8') in 0.0499091 seconds
Number of updated asset objects reloaded before import = 0Number of asset objects unloaded after import = 1

========================================================================
Received Import Request.
  Time since last request: 0.000074 seconds.
  path: Assets/STYLIZED Desert Kingdom/Materials/Textures/M_vases_MaskMap.png
  artifactKey: Guid(b044666df0603fb4ab52bc39165f820b) Importer(2089858483,192608db42251d675da83286b1cce702)
Start importing Assets/STYLIZED Desert Kingdom/Materials/Textures/M_vases_MaskMap.png using Guid(b044666df0603fb4ab52bc39165f820b) Importer(2089858483,192608db42251d675da83286b1cce702) (ScriptedImporter) -> (artifact id: '3a6295e8c1aa4e4828218186ce9ec0c9') in 0.1038536 seconds
Number of updated asset objects reloaded before import = 0Number of asset objects unloaded after import = 1

========================================================================
Received Import Request.
  Time since last request: 0.000048 seconds.
  path: Assets/STYLIZED Desert Kingdom/Materials/Textures/M_statue_guard_MaskMap.png
  artifactKey: Guid(5fc6f17cbb3721045984fdce504489c9) Importer(2089858483,192608db42251d675da83286b1cce702)
Start importing Assets/STYLIZED Desert Kingdom/Materials/Textures/M_statue_guard_MaskMap.png using Guid(5fc6f17cbb3721045984fdce504489c9) Importer(2089858483,192608db42251d675da83286b1cce702) (ScriptedImporter) -> (artifact id: '3102ad9ce3641b9a3b44b9c414ed04a1') in 0.0798685 seconds
Number of updated asset objects reloaded before import = 0Number of asset objects unloaded after import = 1

========================================================================
Received Import Request.
  Time since last request: 0.000049 seconds.
  path: Assets/STYLIZED Desert Kingdom/Materials/Textures/M_brickwall_sandstone_01_BaseColor.png
  artifactKey: Guid(8bb822f332513de458bb3f101c0f6135) Importer(2089858483,192608db42251d675da83286b1cce702)
Start importing Assets/STYLIZED Desert Kingdom/Materials/Textures/M_brickwall_sandstone_01_BaseColor.png using Guid(8bb822f332513de458bb3f101c0f6135) Importer(2089858483,192608db42251d675da83286b1cce702) (ScriptedImporter) -> (artifact id: '3b6122d002654d7cc9813d83ce3cdfed') in 0.0753638 seconds
Number of updated asset objects reloaded before import = 0Number of asset objects unloaded after import = 1

========================================================================
Received Import Request.
  Time since last request: 0.000046 seconds.
  path: Assets/Blink/Art/Weapons/LowPoly/FreeRPGWeapons/Shield/Shields_Textures/Shield_Medium_Normal.png
  artifactKey: Guid(f5d8426ad1dfbed4bb5f3f3fc3a9b1b4) Importer(2089858483,192608db42251d675da83286b1cce702)
Start importing Assets/Blink/Art/Weapons/LowPoly/FreeRPGWeapons/Shield/Shields_Textures/Shield_Medium_Normal.png using Guid(f5d8426ad1dfbed4bb5f3f3fc3a9b1b4) Importer(2089858483,192608db42251d675da83286b1cce702) (ScriptedImporter) -> (artifact id: 'cb0c78d784539b62ac6cf125af81e753') in 0.0995218 seconds
Number of updated asset objects reloaded before import = 0Number of asset objects unloaded after import = 1

========================================================================
Received Import Request.
  Time since last request: 0.000044 seconds.
  path: Assets/STYLIZED Desert Kingdom/Prefabs/Traps/SM_spike_trap_floor.prefab
  artifactKey: Guid(5734c1ab72ec44c489adcfd7a60c9eb0) Importer(2089858483,192608db42251d675da83286b1cce702)
Start importing Assets/STYLIZED Desert Kingdom/Prefabs/Traps/SM_spike_trap_floor.prefab using Guid(5734c1ab72ec44c489adcfd7a60c9eb0) Importer(2089858483,192608db42251d675da83286b1cce702) (ScriptedImporter) -> (artifact id: '6edcd76a3afb11929fd2eadfc37962bd') in 0.2378494 seconds
Number of updated asset objects reloaded before import = 0Number of asset objects unloaded after import = 16

========================================================================
Received Import Request.
  Time since last request: 0.000163 seconds.
  path: Assets/STYLIZED Desert Kingdom/Prefabs/Props/SM_banner_02 (1).prefab
  artifactKey: Guid(d1315b69f4544d24e9d83b938cf2935b) Importer(2089858483,192608db42251d675da83286b1cce702)
Start importing Assets/STYLIZED Desert Kingdom/Prefabs/Props/SM_banner_02 (1).prefab using Guid(d1315b69f4544d24e9d83b938cf2935b) Importer(2089858483,192608db42251d675da83286b1cce702) (ScriptedImporter) -> (artifact id: '6142091284a49ecd8eca416692502c7b') in 0.3149028 seconds
Number of updated asset objects reloaded before import = 0Number of asset objects unloaded after import = 16

========================================================================
Received Import Request.
  Time since last request: 0.000043 seconds.
  path: Assets/Blink/Art/Weapons/LowPoly/FreeRPGWeapons/Bow/Bow_Textures/Bow_Basic_MetallicSmoothness.png
  artifactKey: Guid(3e898045ed62fbc468d23caa6738f7fe) Importer(2089858483,192608db42251d675da83286b1cce702)
Start importing Assets/Blink/Art/Weapons/LowPoly/FreeRPGWeapons/Bow/Bow_Textures/Bow_Basic_MetallicSmoothness.png using Guid(3e898045ed62fbc468d23caa6738f7fe) Importer(2089858483,192608db42251d675da83286b1cce702) (ScriptedImporter) -> (artifact id: '436a869a6dafd7197c9181c65a8b61d7') in 1.0250044 seconds
Number of updated asset objects reloaded before import = 0Number of asset objects unloaded after import = 1

========================================================================
Received Import Request.
  Time since last request: 0.000197 seconds.
  path: Assets/Hovl Studio/Magic effects pack/Demo scene/ReflectionProbe-0.exr
  artifactKey: Guid(b437cf6f67f5f1c4e9f1876cbbb8aceb) Importer(2089858483,192608db42251d675da83286b1cce702)
Start importing Assets/Hovl Studio/Magic effects pack/Demo scene/ReflectionProbe-0.exr using Guid(b437cf6f67f5f1c4e9f1876cbbb8aceb) Importer(2089858483,192608db42251d675da83286b1cce702) (ScriptedImporter) -> (artifact id: '98622c671ede7a7437484594f96f2846') in 0.3222057 seconds
Number of updated asset objects reloaded before import = 0Number of asset objects unloaded after import = 1

========================================================================
Received Import Request.
  Time since last request: 0.000078 seconds.
  path: Assets/Hovl Studio/Magic effects pack/Prefabs/Portals/Portal green.prefab
  artifactKey: Guid(13c990b8270c70b4c9f196019286028c) Importer(2089858483,192608db42251d675da83286b1cce702)
Start importing Assets/Hovl Studio/Magic effects pack/Prefabs/Portals/Portal green.prefab using Guid(13c990b8270c70b4c9f196019286028c) Importer(2089858483,192608db42251d675da83286b1cce702) (ScriptedImporter) -> (artifact id: '6929463a36767176c35f77122ef96835') in 0.611839 seconds
Number of updated asset objects reloaded before import = 0Number of asset objects unloaded after import = 19

========================================================================
Received Import Request.
  Time since last request: 0.000141 seconds.
  path: Assets/STYLIZED Desert Kingdom/Prefabs/Buildings/SM_house_desert_small_01.prefab
  artifactKey: Guid(69efca51f4cecd7469342f2dd892b365) Importer(2089858483,192608db42251d675da83286b1cce702)
Start importing Assets/STYLIZED Desert Kingdom/Prefabs/Buildings/SM_house_desert_small_01.prefab using Guid(69efca51f4cecd7469342f2dd892b365) Importer(2089858483,192608db42251d675da83286b1cce702) (ScriptedImporter) -> (artifact id: 'b307878e60bea468fb2acad9c4f763ac') in 0.5790657 seconds
Number of updated asset objects reloaded before import = 0Number of asset objects unloaded after import = 23

========================================================================
Received Import Request.
  Time since last request: 0.000211 seconds.
  path: Assets/MaximeBrunoni/CountryHouse/Art/Textures/CountryHouse/country_house_01_door_MetallicSmoothness.png
  artifactKey: Guid(5d1cec3bc477b5f42813e1c4da63c3c8) Importer(2089858483,192608db42251d675da83286b1cce702)
Start importing Assets/MaximeBrunoni/CountryHouse/Art/Textures/CountryHouse/country_house_01_door_MetallicSmoothness.png using Guid(5d1cec3bc477b5f42813e1c4da63c3c8) Importer(2089858483,192608db42251d675da83286b1cce702) (ScriptedImporter) -> (artifact id: 'e87431faa96a0cf50f5b394878f05bd0') in 0.8556717 seconds
Number of updated asset objects reloaded before import = 0Number of asset objects unloaded after import = 1

========================================================================
Received Import Request.
  Time since last request: 0.006198 seconds.
  path: Assets/MaximeBrunoni/CountryHouse/Art/Textures/Pedestal/pedestal_Roughness.png
  artifactKey: Guid(c6ce585ded835ce4f90e3481a28c6d93) Importer(2089858483,192608db42251d675da83286b1cce702)
Start importing Assets/MaximeBrunoni/CountryHouse/Art/Textures/Pedestal/pedestal_Roughness.png using Guid(c6ce585ded835ce4f90e3481a28c6d93) Importer(2089858483,192608db42251d675da83286b1cce702) (ScriptedImporter) -> (artifact id: '175ff80773680dbb63d8667587765a66') in 0.3472488 seconds
Number of updated asset objects reloaded before import = 0Number of asset objects unloaded after import = 1

========================================================================
Received Import Request.
  Time since last request: 0.000204 seconds.
  path: Assets/STYLIZED Desert Kingdom/Meshes/Statues/SM_statue_guard.fbx
  artifactKey: Guid(a9914202b04d7ae409ce253ef323ac79) Importer(2089858483,192608db42251d675da83286b1cce702)
Start importing Assets/STYLIZED Desert Kingdom/Meshes/Statues/SM_statue_guard.fbx using Guid(a9914202b04d7ae409ce253ef323ac79) Importer(2089858483,192608db42251d675da83286b1cce702) (ScriptedImporter) -> (artifact id: 'e9cb9a5c23af0dcabee56edaab618a61') in 0.2379479 seconds
Number of updated asset objects reloaded before import = 0Number of asset objects unloaded after import = 12

========================================================================
Received Import Request.
  Time since last request: 0.000084 seconds.
  path: Assets/Matthew Guz/Slash Effects FREE/Prefab/Multiple Slash 2 .prefab
  artifactKey: Guid(6c21e7a6e514dd9499418cbbb66211cf) Importer(2089858483,192608db42251d675da83286b1cce702)
Start importing Assets/Matthew Guz/Slash Effects FREE/Prefab/Multiple Slash 2 .prefab using Guid(6c21e7a6e514dd9499418cbbb66211cf) Importer(2089858483,192608db42251d675da83286b1cce702) (ScriptedImporter) -> (artifact id: 'e8fd33620e47c62c16cdfbb08c735f49') in 0.3398587 seconds
Number of updated asset objects reloaded before import = 0Number of asset objects unloaded after import = 16

========================================================================
Received Import Request.
  Time since last request: 0.000350 seconds.
  path: Assets/STYLIZED Desert Kingdom/Materials/Materials/M_pattern_wall.mat
  artifactKey: Guid(448973cf6c385dc4186c52eb7ef799eb) Importer(2089858483,192608db42251d675da83286b1cce702)
Start importing Assets/STYLIZED Desert Kingdom/Materials/Materials/M_pattern_wall.mat using Guid(448973cf6c385dc4186c52eb7ef799eb) Importer(2089858483,192608db42251d675da83286b1cce702) (ScriptedImporter) -> (artifact id: '36069fbd9096b790806409b3c2c72dfb') in 0.7080519 seconds
Number of updated asset objects reloaded before import = 0Number of asset objects unloaded after import = 3

Editor requested this worker to shutdown with reason: Scaling down because of idle timeout
AssetImportWorkerClient::OnTransportError - code=2 error=End of file
AssetImportWorker is now disconnected from the server
Process exiting
Exiting without the bug reporter. Application will terminate with return code 0